Benchmark::Car::uid,Benchmark::Car::lat,Benchmark::Car::lon,Benchmark::Car::speed,time
1,1.000,0.500,21.000,0.000000
3,3.004,1.513,23.190,0.000800
5,5.008,2.526,25.380,0.001600
7,7.012,0.039,27.570,0.002400
1,1.016,0.552,21.760,0.003200
3,3.020,1.565,23.950,0.004000
5,5.024,2.578,26.140,0.004800
7,7.028,0.091,28.330,0.005600
1,1.000,0.604,22.120,0.030400
3,3.004,1.617,24.310,0.031200
5,5.008,2.630,26.500,0.032000
7,7.012,0.000,28.690,0.032800
1,1.016,0.513,22.880,0.033600
3,3.020,1.526,23.250,0.034400
5,5.024,2.539,25.440,0.035200
7,7.028,0.052,27.630,0.036000
1,1.000,0.565,21.420,0.060800
3,3.004,1.578,23.610,0.061600
5,5.008,2.591,25.800,0.062400
7,7.012,0.104,27.990,0.063200
1,1.016,0.617,22.180,0.064000
3,3.020,1.630,24.370,0.064800
5,5.024,2.500,26.560,0.065600
7,7.028,0.013,28.750,0.066400
1,1.000,0.526,22.540,0.091200
3,3.004,1.539,24.730,0.092000
5,5.008,2.552,25.100,0.092800
7,7.012,0.065,27.290,0.093600
1,1.016,0.578,21.480,0.094400
3,3.020,1.591,23.670,0.095200
5,5.024,2.604,25.860,0.096000
7,7.028,0.117,28.050,0.096800
1,1.000,0.630,21.840,0.121600
3,3.004,1.500,24.030,0.122400
5,5.008,2.513,26.220,0.123200
7,7.012,0.026,28.410,0.124000
1,1.016,0.539,22.600,0.124800
3,3.020,1.552,24.790,0.125600
5,5.024,2.565,26.980,0.126400
7,7.028,0.078,27.350,0.127200
1,1.000,0.591,21.140,0.152000
3,3.004,1.604,23.330,0.152800
5,5.008,2.617,25.520,0.153600
7,7.012,0.130,27.710,0.154400
1,1.016,0.500,21.900,0.155200
3,3.020,1.513,24.090,0.156000
5,5.024,2.526,26.280,0.156800
7,7.028,0.039,28.470,0.157600
1,1.000,0.552,22.260,0.182400
3,3.004,1.565,24.450,0.183200
5,5.008,2.578,26.640,0.184000
7,7.012,0.091,28.830,0.184800
1,1.016,0.604,21.200,0.185600
3,3.020,1.617,23.390,0.186400
5,5.024,2.630,25.580,0.187200
7,7.028,0.000,27.770,0.188000
1,1.000,0.513,21.560,0.212800
3,3.004,1.526,23.750,0.213600
5,5.008,2.539,25.940,0.214400
7,7.012,0.052,28.130,0.215200
1,1.016,0.565,22.320,0.216000
3,3.020,1.578,24.510,0.216800
5,5.024,2.591,26.700,0.217600
7,7.028,0.104,28.890,0.218400
1,1.000,0.617,22.680,0.243200
3,3.004,1.630,23.050,0.244000
5,5.008,2.500,25.240,0.244800
7,7.012,0.013,27.430,0.245600
1,1.016,0.526,21.620,0.246400
3,3.020,1.539,23.810,0.247200
5,5.024,2.552,26.000,0.248000
7,7.028,0.065,28.190,0.248800
1,1.000,0.578,21.980,0.273600
3,3.004,1.591,24.170,0.274400
5,5.008,2.604,26.360,0.275200
7,7.012,0.117,28.550,0.276000
1,1.016,0.630,22.740,0.276800
3,3.020,1.500,24.930,0.277600
5,5.024,2.513,25.300,0.278400
7,7.028,0.026,27.490,0.279200
1,1.000,0.539,21.280,0.304000
3,3.004,1.552,23.470,0.304800
5,5.008,2.565,25.660,0.305600
7,7.012,0.078,27.850,0.306400
1,1.016,0.591,22.040,0.307200
3,3.020,1.604,24.230,0.308000
5,5.024,2.617,26.420,0.308800
7,7.028,0.130,28.610,0.309600
1,1.000,0.500,22.400,0.334400
3,3.004,1.513,24.590,0.335200
5,5.008,2.526,26.780,0.336000
7,7.012,0.039,27.150,0.336800
1,1.016,0.552,21.340,0.337600
3,3.020,1.565,23.530,0.338400
5,5.024,2.578,25.720,0.339200
7,7.028,0.091,27.910,0.340000
1,1.000,0.604,21.700,0.364800
3,3.004,1.617,23.890,0.365600
5,5.008,2.630,26.080,0.366400
7,7.012,0.000,28.270,0.367200
1,1.016,0.513,22.460,0.368000
3,3.020,1.526,24.650,0.368800
5,5.024,2.539,26.840,0.369600
7,7.028,0.052,29.030,0.370400
1,1.000,0.565,21.000,0.395200
3,3.004,1.578,23.190,0.396000
5,5.008,2.591,25.380,0.396800
7,7.012,0.104,27.570,0.397600
1,1.016,0.617,21.760,0.398400
3,3.020,1.630,23.950,0.399200
5,5.024,2.500,26.140,0.400000
7,7.028,0.013,28.330,0.400800
1,1.000,0.526,22.120,0.425600
3,3.004,1.539,24.310,0.426400
5,5.008,2.552,26.500,0.427200
7,7.012,0.065,28.690,0.428000
1,1.016,0.578,22.880,0.428800
3,3.020,1.591,23.250,0.429600
5,5.024,2.604,25.440,0.430400
7,7.028,0.117,27.630,0.431200
1,1.000,0.630,21.420,0.456000
3,3.004,1.500,23.610,0.456800
5,5.008,2.513,25.800,0.457600
7,7.012,0.026,27.990,0.458400
1,1.016,0.539,22.180,0.459200
3,3.020,1.552,24.370,0.460000
5,5.024,2.565,26.560,0.460800
7,7.028,0.078,28.750,0.461600
9,9.021,1.000,29.000,0.486400
11,11.025,2.013,20.190,0.487200
13,13.029,3.026,22.380,0.488000
15,15.033,0.539,24.570,0.488800
9,9.037,1.052,29.760,0.489600
11,11.041,2.065,20.950,0.490400
13,13.045,3.078,23.140,0.491200
15,15.049,0.591,25.330,0.492000
9,9.021,1.104,30.120,0.516800
11,11.025,2.117,21.310,0.517600
13,13.029,3.130,23.500,0.518400
15,15.033,0.500,25.690,0.519200
9,9.037,1.013,30.880,0.520000
11,11.041,2.026,20.250,0.520800
13,13.045,3.039,22.440,0.521600
15,15.049,0.552,24.630,0.522400
9,9.021,1.065,29.420,0.547200
11,11.025,2.078,20.610,0.548000
13,13.029,3.091,22.800,0.548800
15,15.033,0.604,24.990,0.549600
9,9.037,1.117,30.180,0.550400
11,11.041,2.130,21.370,0.551200
13,13.045,3.000,23.560,0.552000
15,15.049,0.513,25.750,0.552800
9,9.021,1.026,30.540,0.577600
11,11.025,2.039,21.730,0.578400
13,13.029,3.052,22.100,0.579200
15,15.033,0.565,24.290,0.580000
9,9.037,1.078,29.480,0.580800
11,11.041,2.091,20.670,0.581600
13,13.045,3.104,22.860,0.582400
15,15.049,0.617,25.050,0.583200
9,9.021,1.130,29.840,0.608000
11,11.025,2.000,21.030,0.608800
13,13.029,3.013,23.220,0.609600
15,15.033,0.526,25.410,0.610400
9,9.037,1.039,30.600,0.611200
11,11.041,2.052,21.790,0.612000
13,13.045,3.065,23.980,0.612800
15,15.049,0.578,24.350,0.613600
9,9.021,1.091,29.140,0.638400
11,11.025,2.104,20.330,0.639200
13,13.029,3.117,22.520,0.640000
15,15.033,0.630,24.710,0.640800
9,9.037,1.000,29.900,0.641600
11,11.041,2.013,21.090,0.642400
13,13.045,3.026,23.280,0.643200
15,15.049,0.539,25.470,0.644000
9,9.021,1.052,30.260,0.668800
11,11.025,2.065,21.450,0.669600
13,13.029,3.078,23.640,0.670400
15,15.033,0.591,25.830,0.671200
9,9.037,1.104,29.200,0.672000
11,11.041,2.117,20.390,0.672800
13,13.045,3.130,22.580,0.673600
15,15.049,0.500,24.770,0.674400
9,9.021,1.013,29.560,0.699200
11,11.025,2.026,20.750,0.700000
13,13.029,3.039,22.940,0.700800
15,15.033,0.552,25.130,0.701600
9,9.037,1.065,30.320,0.702400
11,11.041,2.078,21.510,0.703200
13,13.045,3.091,23.700,0.704000
15,15.049,0.604,25.890,0.704800
9,9.021,1.117,30.680,0.729600
11,11.025,2.130,20.050,0.730400
13,13.029,3.000,22.240,0.731200
15,15.033,0.513,24.430,0.732000
9,9.037,1.026,29.620,0.732800
11,11.041,2.039,20.810,0.733600
13,13.045,3.052,23.000,0.734400
15,15.049,0.565,25.190,0.735200
9,9.021,1.078,29.980,0.760000
11,11.025,2.091,21.170,0.760800
13,13.029,3.104,23.360,0.761600
15,15.033,0.617,25.550,0.762400
9,9.037,1.130,30.740,0.763200
11,11.041,2.000,21.930,0.764000
13,13.045,3.013,22.300,0.764800
15,15.049,0.526,24.490,0.765600
9,9.021,1.039,29.280,0.790400
11,11.025,2.052,20.470,0.791200
13,13.029,3.065,22.660,0.792000
15,15.033,0.578,24.850,0.792800
9,9.037,1.091,30.040,0.793600
11,11.041,2.104,21.230,0.794400
13,13.045,3.117,23.420,0.795200
15,15.049,0.630,25.610,0.796000
9,9.021,1.000,30.400,0.820800
11,11.025,2.013,21.590,0.821600
13,13.029,3.026,23.780,0.822400
15,15.033,0.539,24.150,0.823200
9,9.037,1.052,29.340,0.824000
11,11.041,2.065,20.530,0.824800
13,13.045,3.078,22.720,0.825600
15,15.049,0.591,24.910,0.826400
9,9.021,1.104,29.700,0.851200
11,11.025,2.117,20.890,0.852000
13,13.029,3.130,23.080,0.852800
15,15.033,0.500,25.270,0.853600
9,9.037,1.013,30.460,0.854400
11,11.041,2.026,21.650,0.855200
13,13.045,3.039,23.840,0.856000
15,15.049,0.552,26.030,0.856800
9,9.021,1.065,29.000,0.881600
11,11.025,2.078,20.190,0.882400
13,13.029,3.091,22.380,0.883200
15,15.033,0.604,24.570,0.884000
9,9.037,1.117,29.760,0.884800
11,11.041,2.130,20.950,0.885600
13,13.045,3.000,23.140,0.886400
15,15.049,0.513,25.330,0.887200
9,9.021,1.026,30.120,0.912000
11,11.025,2.039,21.310,0.912800
13,13.029,3.052,23.500,0.913600
15,15.033,0.565,25.690,0.914400
9,9.037,1.078,30.880,0.915200
11,11.041,2.091,20.250,0.916000
13,13.045,3.104,22.440,0.916800
15,15.049,0.617,24.630,0.917600
9,9.021,1.130,29.420,0.942400
11,11.025,2.000,20.610,0.943200
13,13.029,3.013,22.800,0.944000
15,15.033,0.526,24.990,0.944800
9,9.037,1.039,30.180,0.945600
11,11.041,2.052,21.370,0.946400
13,13.045,3.065,23.560,0.947200
15,15.049,0.578,25.750,0.948000
17,17.042,1.500,26.000,0.972800
19,19.046,2.513,28.190,0.973600
21,21.050,0.026,30.380,0.974400
23,23.054,1.039,21.570,0.975200
17,17.058,1.552,26.760,0.976000
19,19.062,2.565,28.950,0.976800
21,21.066,0.078,31.140,0.977600
23,23.070,1.091,22.330,0.978400
17,17.042,1.604,27.120,1.003200
19,19.046,2.617,29.310,1.004000
21,21.050,0.130,31.500,1.004800
23,23.054,1.000,22.690,1.005600
17,17.058,1.513,27.880,1.006400
19,19.062,2.526,28.250,1.007200
21,21.066,0.039,30.440,1.008000
23,23.070,1.052,21.630,1.008800
17,17.042,1.565,26.420,1.033600
19,19.046,2.578,28.610,1.034400
21,21.050,0.091,30.800,1.035200
23,23.054,1.104,21.990,1.036000
17,17.058,1.617,27.180,1.036800
19,19.062,2.630,29.370,1.037600
21,21.066,0.000,31.560,1.038400
23,23.070,1.013,22.750,1.039200
17,17.042,1.526,27.540,1.064000
19,19.046,2.539,29.730,1.064800
21,21.050,0.052,30.100,1.065600
23,23.054,1.065,21.290,1.066400
17,17.058,1.578,26.480,1.067200
19,19.062,2.591,28.670,1.068000
21,21.066,0.104,30.860,1.068800
23,23.070,1.117,22.050,1.069600
17,17.042,1.630,26.840,1.094400
19,19.046,2.500,29.030,1.095200
21,21.050,0.013,31.220,1.096000
23,23.054,1.026,22.410,1.096800
17,17.058,1.539,27.600,1.097600
19,19.062,2.552,29.790,1.098400
21,21.066,0.065,31.980,1.099200
23,23.070,1.078,21.350,1.100000
17,17.042,1.591,26.140,1.124800
19,19.046,2.604,28.330,1.125600
21,21.050,0.117,30.520,1.126400
23,23.054,1.130,21.710,1.127200
17,17.058,1.500,26.900,1.128000
19,19.062,2.513,29.090,1.128800
21,21.066,0.026,31.280,1.129600
23,23.070,1.039,22.470,1.130400
17,17.042,1.552,27.260,1.155200
19,19.046,2.565,29.450,1.156000
21,21.050,0.078,31.640,1.156800
23,23.054,1.091,22.830,1.157600
17,17.058,1.604,26.200,1.158400
19,19.062,2.617,28.390,1.159200
21,21.066,0.130,30.580,1.160000
23,23.070,1.000,21.770,1.160800
17,17.042,1.513,26.560,1.185600
19,19.046,2.526,28.750,1.186400
21,21.050,0.039,30.940,1.187200
23,23.054,1.052,22.130,1.188000
17,17.058,1.565,27.320,1.188800
19,19.062,2.578,29.510,1.189600
21,21.066,0.091,31.700,1.190400
23,23.070,1.104,22.890,1.191200
17,17.042,1.617,27.680,1.216000
19,19.046,2.630,28.050,1.216800
21,21.050,0.000,30.240,1.217600
23,23.054,1.013,21.430,1.218400
17,17.058,1.526,26.620,1.219200
19,19.062,2.539,28.810,1.220000
21,21.066,0.052,31.000,1.220800
23,23.070,1.065,22.190,1.221600
17,17.042,1.578,26.980,1.246400
19,19.046,2.591,29.170,1.247200
21,21.050,0.104,31.360,1.248000
23,23.054,1.117,22.550,1.248800
17,17.058,1.630,27.740,1.249600
19,19.062,2.500,29.930,1.250400
21,21.066,0.013,30.300,1.251200
23,23.070,1.026,21.490,1.252000
17,17.042,1.539,26.280,1.276800
19,19.046,2.552,28.470,1.277600
21,21.050,0.065,30.660,1.278400
23,23.054,1.078,21.850,1.279200
17,17.058,1.591,27.040,1.280000
19,19.062,2.604,29.230,1.280800
21,21.066,0.117,31.420,1.281600
23,23.070,1.130,22.610,1.282400
17,17.042,1.500,27.400,1.307200
19,19.046,2.513,29.590,1.308000
21,21.050,0.026,31.780,1.308800
23,23.054,1.039,21.150,1.309600
17,17.058,1.552,26.340,1.310400
19,19.062,2.565,28.530,1.311200
21,21.066,0.078,30.720,1.312000
23,23.070,1.091,21.910,1.312800
17,17.042,1.604,26.700,1.337600
19,19.046,2.617,28.890,1.338400
21,21.050,0.130,31.080,1.339200
23,23.054,1.000,22.270,1.340000
17,17.058,1.513,27.460,1.340800
19,19.062,2.526,29.650,1.341600
21,21.066,0.039,31.840,1.342400
23,23.070,1.052,23.030,1.343200
17,17.042,1.565,26.000,1.368000
19,19.046,2.578,28.190,1.368800
21,21.050,0.091,30.380,1.369600
23,23.054,1.104,21.570,1.370400
17,17.058,1.617,26.760,1.371200
19,19.062,2.630,28.950,1.372000
21,21.066,0.000,31.140,1.372800
23,23.070,1.013,22.330,1.373600
17,17.042,1.526,27.120,1.398400
19,19.046,2.539,29.310,1.399200
21,21.050,0.052,31.500,1.400000
23,23.054,1.065,22.690,1.400800
17,17.058,1.578,27.880,1.401600
19,19.062,2.591,28.250,1.402400
21,21.066,0.104,30.440,1.403200
23,23.070,1.117,21.630,1.404000
17,17.042,1.630,26.420,1.428800
19,19.046,2.500,28.610,1.429600
21,21.050,0.013,30.800,1.430400
23,23.054,1.026,21.990,1.431200
17,17.058,1.539,27.180,1.432000
19,19.062,2.552,29.370,1.432800
21,21.066,0.065,31.560,1.433600
23,23.070,1.078,22.750,1.434400
1,1.063,0.500,21.000,1.459200
3,3.067,1.513,23.190,1.460000
5,5.071,2.526,25.380,1.460800
7,7.075,0.039,27.570,1.461600
1,1.079,0.552,21.760,1.462400
3,3.083,1.565,23.950,1.463200
5,5.087,2.578,26.140,1.464000
7,7.091,0.091,28.330,1.464800
1,1.063,0.604,22.120,1.489600
3,3.067,1.617,24.310,1.490400
5,5.071,2.630,26.500,1.491200
7,7.075,0.000,28.690,1.492000
1,1.079,0.513,22.880,1.492800
3,3.083,1.526,23.250,1.493600
5,5.087,2.539,25.440,1.494400
7,7.091,0.052,27.630,1.495200
1,1.063,0.565,21.420,1.520000
3,3.067,1.578,23.610,1.520800
5,5.071,2.591,25.800,1.521600
7,7.075,0.104,27.990,1.522400
1,1.079,0.617,22.180,1.523200
3,3.083,1.630,24.370,1.524000
5,5.087,2.500,26.560,1.524800
7,7.091,0.013,28.750,1.525600
1,1.063,0.526,22.540,1.550400
3,3.067,1.539,24.730,1.551200
5,5.071,2.552,25.100,1.552000
7,7.075,0.065,27.290,1.552800
1,1.079,0.578,21.480,1.553600
3,3.083,1.591,23.670,1.554400
5,5.087,2.604,25.860,1.555200
7,7.091,0.117,28.050,1.556000
1,1.063,0.630,21.840,1.580800
3,3.067,1.500,24.030,1.581600
5,5.071,2.513,26.220,1.582400
7,7.075,0.026,28.410,1.583200
1,1.079,0.539,22.600,1.584000
3,3.083,1.552,24.790,1.584800
5,5.087,2.565,26.980,1.585600
7,7.091,0.078,27.350,1.586400
1,1.063,0.591,21.140,1.611200
3,3.067,1.604,23.330,1.612000
5,5.071,2.617,25.520,1.612800
7,7.075,0.130,27.710,1.613600
1,1.079,0.500,21.900,1.614400
3,3.083,1.513,24.090,1.615200
5,5.087,2.526,26.280,1.616000
7,7.091,0.039,28.470,1.616800
1,1.063,0.552,22.260,1.641600
3,3.067,1.565,24.450,1.642400
5,5.071,2.578,26.640,1.643200
7,7.075,0.091,28.830,1.644000
1,1.079,0.604,21.200,1.644800
3,3.083,1.617,23.390,1.645600
5,5.087,2.630,25.580,1.646400
7,7.091,0.000,27.770,1.647200
1,1.063,0.513,21.560,1.672000
3,3.067,1.526,23.750,1.672800
5,5.071,2.539,25.940,1.673600
7,7.075,0.052,28.130,1.674400
1,1.079,0.565,22.320,1.675200
3,3.083,1.578,24.510,1.676000
5,5.087,2.591,26.700,1.676800
7,7.091,0.104,28.890,1.677600
1,1.063,0.617,22.680,1.702400
3,3.067,1.630,23.050,1.703200
5,5.071,2.500,25.240,1.704000
7,7.075,0.013,27.430,1.704800
1,1.079,0.526,21.620,1.705600
3,3.083,1.539,23.810,1.706400
5,5.087,2.552,26.000,1.707200
7,7.091,0.065,28.190,1.708000
1,1.063,0.578,21.980,1.732800
3,3.067,1.591,24.170,1.733600
5,5.071,2.604,26.360,1.734400
7,7.075,0.117,28.550,1.735200
1,1.079,0.630,22.740,1.736000
3,3.083,1.500,24.930,1.736800
5,5.087,2.513,25.300,1.737600
7,7.091,0.026,27.490,1.738400
1,1.063,0.539,21.280,1.763200
3,3.067,1.552,23.470,1.764000
5,5.071,2.565,25.660,1.764800
7,7.075,0.078,27.850,1.765600
1,1.079,0.591,22.040,1.766400
3,3.083,1.604,24.230,1.767200
5,5.087,2.617,26.420,1.768000
7,7.091,0.130,28.610,1.768800
1,1.063,0.500,22.400,1.793600
3,3.067,1.513,24.590,1.794400
5,5.071,2.526,26.780,1.795200
7,7.075,0.039,27.150,1.796000
1,1.079,0.552,21.340,1.796800
3,3.083,1.565,23.530,1.797600
5,5.087,2.578,25.720,1.798400
7,7.091,0.091,27.910,1.799200
1,1.063,0.604,21.700,1.824000
3,3.067,1.617,23.890,1.824800
5,5.071,2.630,26.080,1.825600
7,7.075,0.000,28.270,1.826400
1,1.079,0.513,22.460,1.827200
3,3.083,1.526,24.650,1.828000
5,5.087,2.539,26.840,1.828800
7,7.091,0.052,29.030,1.829600
1,1.063,0.565,21.000,1.854400
3,3.067,1.578,23.190,1.855200
5,5.071,2.591,25.380,1.856000
7,7.075,0.104,27.570,1.856800
1,1.079,0.617,21.760,1.857600
3,3.083,1.630,23.950,1.858400
5,5.087,2.500,26.140,1.859200
7,7.091,0.013,28.330,1.860000
1,1.063,0.526,22.120,1.884800
3,3.067,1.539,24.310,1.885600
5,5.071,2.552,26.500,1.886400
7,7.075,0.065,28.690,1.887200
1,1.079,0.578,22.880,1.888000
3,3.083,1.591,23.250,1.888800
5,5.087,2.604,25.440,1.889600
7,7.091,0.117,27.630,1.890400
1,1.063,0.630,21.420,1.915200
3,3.067,1.500,23.610,1.916000
5,5.071,2.513,25.800,1.916800
7,7.075,0.026,27.990,1.917600
1,1.079,0.539,22.180,1.918400
3,3.083,1.552,24.370,1.919200
5,5.087,2.565,26.560,1.920000
7,7.091,0.078,28.750,1.920800
9,9.084,1.000,29.000,1.945600
11,11.088,2.013,20.190,1.946400
13,13.092,3.026,22.380,1.947200
15,15.096,0.539,24.570,1.948000
9,9.100,1.052,29.760,1.948800
11,11.104,2.065,20.950,1.949600
13,13.108,3.078,23.140,1.950400
15,15.112,0.591,25.330,1.951200
9,9.084,1.104,30.120,1.976000
11,11.088,2.117,21.310,1.976800
13,13.092,3.130,23.500,1.977600
15,15.096,0.500,25.690,1.978400
9,9.100,1.013,30.880,1.979200
11,11.104,2.026,20.250,1.980000
13,13.108,3.039,22.440,1.980800
15,15.112,0.552,24.630,1.981600
9,9.084,1.065,29.420,2.006400
11,11.088,2.078,20.610,2.007200
13,13.092,3.091,22.800,2.008000
15,15.096,0.604,24.990,2.008800
9,9.100,1.117,30.180,2.009600
11,11.104,2.130,21.370,2.010400
13,13.108,3.000,23.560,2.011200
15,15.112,0.513,25.750,2.012000
9,9.084,1.026,30.540,2.036800
11,11.088,2.039,21.730,2.037600
13,13.092,3.052,22.100,2.038400
15,15.096,0.565,24.290,2.039200
9,9.100,1.078,29.480,2.040000
11,11.104,2.091,20.670,2.040800
13,13.108,3.104,22.860,2.041600
15,15.112,0.617,25.050,2.042400
9,9.084,1.130,29.840,2.067200
11,11.088,2.000,21.030,2.068000
13,13.092,3.013,23.220,2.068800
15,15.096,0.526,25.410,2.069600
9,9.100,1.039,30.600,2.070400
11,11.104,2.052,21.790,2.071200
13,13.108,3.065,23.980,2.072000
15,15.112,0.578,24.350,2.072800
9,9.084,1.091,29.140,2.097600
11,11.088,2.104,20.330,2.098400
13,13.092,3.117,22.520,2.099200
15,15.096,0.630,24.710,2.100000
9,9.100,1.000,29.900,2.100800
11,11.104,2.013,21.090,2.101600
13,13.108,3.026,23.280,2.102400
15,15.112,0.539,25.470,2.103200
9,9.084,1.052,30.260,2.128000
11,11.088,2.065,21.450,2.128800
13,13.092,3.078,23.640,2.129600
15,15.096,0.591,25.830,2.130400
9,9.100,1.104,29.200,2.131200
11,11.104,2.117,20.390,2.132000
13,13.108,3.130,22.580,2.132800
15,15.112,0.500,24.770,2.133600
9,9.084,1.013,29.560,2.158400
11,11.088,2.026,20.750,2.159200
13,13.092,3.039,22.940,2.160000
15,15.096,0.552,25.130,2.160800
9,9.100,1.065,30.320,2.161600
11,11.104,2.078,21.510,2.162400
13,13.108,3.091,23.700,2.163200
15,15.112,0.604,25.890,2.164000
9,9.084,1.117,30.680,2.188800
11,11.088,2.130,20.050,2.189600
13,13.092,3.000,22.240,2.190400
15,15.096,0.513,24.430,2.191200
9,9.100,1.026,29.620,2.192000
11,11.104,2.039,20.810,2.192800
13,13.108,3.052,23.000,2.193600
15,15.112,0.565,25.190,2.194400
9,9.084,1.078,29.980,2.219200
11,11.088,2.091,21.170,2.220000
13,13.092,3.104,23.360,2.220800
15,15.096,0.617,25.550,2.221600
9,9.100,1.130,30.740,2.222400
11,11.104,2.000,21.930,2.223200
13,13.108,3.013,22.300,2.224000
15,15.112,0.526,24.490,2.224800
9,9.084,1.039,29.280,2.249600
11,11.088,2.052,20.470,2.250400
13,13.092,3.065,22.660,2.251200
15,15.096,0.578,24.850,2.252000
9,9.100,1.091,30.040,2.252800
11,11.104,2.104,21.230,2.253600
13,13.108,3.117,23.420,2.254400
15,15.112,0.630,25.610,2.255200
9,9.084,1.000,30.400,2.280000
11,11.088,2.013,21.590,2.280800
13,13.092,3.026,23.780,2.281600
15,15.096,0.539,24.150,2.282400
9,9.100,1.052,29.340,2.283200
11,11.104,2.065,20.530,2.284000
13,13.108,3.078,22.720,2.284800
15,15.112,0.591,24.910,2.285600
9,9.084,1.104,29.700,2.310400
11,11.088,2.117,20.890,2.311200
13,13.092,3.130,23.080,2.312000
15,15.096,0.500,25.270,2.312800
9,9.100,1.013,30.460,2.313600
11,11.104,2.026,21.650,2.314400
13,13.108,3.039,23.840,2.315200
15,15.112,0.552,26.030,2.316000
9,9.084,1.065,29.000,2.340800
11,11.088,2.078,20.190,2.341600
13,13.092,3.091,22.380,2.342400
15,15.096,0.604,24.570,2.343200
9,9.100,1.117,29.760,2.344000
11,11.104,2.130,20.950,2.344800
13,13.108,3.000,23.140,2.345600
15,15.112,0.513,25.330,2.346400
9,9.084,1.026,30.120,2.371200
11,11.088,2.039,21.310,2.372000
13,13.092,3.052,23.500,2.372800
15,15.096,0.565,25.690,2.373600
9,9.100,1.078,30.880,2.374400
11,11.104,2.091,20.250,2.375200
13,13.108,3.104,22.440,2.376000
15,15.112,0.617,24.630,2.376800
9,9.084,1.130,29.420,2.401600
11,11.088,2.000,20.610,2.402400
13,13.092,3.013,22.800,2.403200
15,15.096,0.526,24.990,2.404000
9,9.100,1.039,30.180,2.404800
11,11.104,2.052,21.370,2.405600
13,13.108,3.065,23.560,2.406400
15,15.112,0.578,25.750,2.407200
17,17.105,1.500,26.000,2.432000
19,19.109,2.513,28.190,2.432800
21,21.113,0.026,30.380,2.433600
23,23.117,1.039,21.570,2.434400
17,17.121,1.552,26.760,2.435200
19,19.125,2.565,28.950,2.436000
21,21.129,0.078,31.140,2.436800
23,23.133,1.091,22.330,2.437600
17,17.105,1.604,27.120,2.462400
19,19.109,2.617,29.310,2.463200
21,21.113,0.130,31.500,2.464000
23,23.117,1.000,22.690,2.464800
17,17.121,1.513,27.880,2.465600
19,19.125,2.526,28.250,2.466400
21,21.129,0.039,30.440,2.467200
23,23.133,1.052,21.630,2.468000
17,17.105,1.565,26.420,2.492800
19,19.109,2.578,28.610,2.493600
21,21.113,0.091,30.800,2.494400
23,23.117,1.104,21.990,2.495200
17,17.121,1.617,27.180,2.496000
19,19.125,2.630,29.370,2.496800
21,21.129,0.000,31.560,2.497600
23,23.133,1.013,22.750,2.498400
17,17.105,1.526,27.540,2.523200
19,19.109,2.539,29.730,2.524000
21,21.113,0.052,30.100,2.524800
23,23.117,1.065,21.290,2.525600
17,17.121,1.578,26.480,2.526400
19,19.125,2.591,28.670,2.527200
21,21.129,0.104,30.860,2.528000
23,23.133,1.117,22.050,2.528800
17,17.105,1.630,26.840,2.553600
19,19.109,2.500,29.030,2.554400
21,21.113,0.013,31.220,2.555200
23,23.117,1.026,22.410,2.556000
17,17.121,1.539,27.600,2.556800
19,19.125,2.552,29.790,2.557600
21,21.129,0.065,31.980,2.558400
23,23.133,1.078,21.350,2.559200
17,17.105,1.591,26.140,2.584000
19,19.109,2.604,28.330,2.584800
21,21.113,0.117,30.520,2.585600
23,23.117,1.130,21.710,2.586400
17,17.121,1.500,26.900,2.587200
19,19.125,2.513,29.090,2.588000
21,21.129,0.026,31.280,2.588800
23,23.133,1.039,22.470,2.589600
17,17.105,1.552,27.260,2.614400
19,19.109,2.565,29.450,2.615200
21,21.113,0.078,31.640,2.616000
23,23.117,1.091,22.830,2.616800
17,17.121,1.604,26.200,2.617600
19,19.125,2.617,28.390,2.618400
21,21.129,0.130,30.580,2.619200
23,23.133,1.000,21.770,2.620000
17,17.105,1.513,26.560,2.644800
19,19.109,2.526,28.750,2.645600
21,21.113,0.039,30.940,2.646400
23,23.117,1.052,22.130,2.647200
17,17.121,1.565,27.320,2.648000
19,19.125,2.578,29.510,2.648800
21,21.129,0.091,31.700,2.649600
23,23.133,1.104,22.890,2.650400
17,17.105,1.617,27.680,2.675200
19,19.109,2.630,28.050,2.676000
21,21.113,0.000,30.240,2.676800
23,23.117,1.013,21.430,2.677600
17,17.121,1.526,26.620,2.678400
19,19.125,2.539,28.810,2.679200
21,21.129,0.052,31.000,2.680000
23,23.133,1.065,22.190,2.680800
17,17.105,1.578,26.980,2.705600
19,19.109,2.591,29.170,2.706400
21,21.113,0.104,31.360,2.707200
23,23.117,1.117,22.550,2.708000
17,17.121,1.630,27.740,2.708800
19,19.125,2.500,29.930,2.709600
21,21.129,0.013,30.300,2.710400
23,23.133,1.026,21.490,2.711200
17,17.105,1.539,26.280,2.736000
19,19.109,2.552,28.470,2.736800
21,21.113,0.065,30.660,2.737600
23,23.117,1.078,21.850,2.738400
17,17.121,1.591,27.040,2.739200
19,19.125,2.604,29.230,2.740000
21,21.129,0.117,31.420,2.740800
23,23.133,1.130,22.610,2.741600
17,17.105,1.500,27.400,2.766400
19,19.109,2.513,29.590,2.767200
21,21.113,0.026,31.780,2.768000
23,23.117,1.039,21.150,2.768800
17,17.121,1.552,26.340,2.769600
19,19.125,2.565,28.530,2.770400
21,21.129,0.078,30.720,2.771200
23,23.133,1.091,21.910,2.772000
17,17.105,1.604,26.700,2.796800
19,19.109,2.617,28.890,2.797600
21,21.113,0.130,31.080,2.798400
23,23.117,1.000,22.270,2.799200
17,17.121,1.513,27.460,2.800000
19,19.125,2.526,29.650,2.800800
21,21.129,0.039,31.840,2.801600
23,23.133,1.052,23.030,2.802400
17,17.105,1.565,26.000,2.827200
19,19.109,2.578,28.190,2.828000
21,21.113,0.091,30.380,2.828800
23,23.117,1.104,21.570,2.829600
17,17.121,1.617,26.760,2.830400
19,19.125,2.630,28.950,2.831200
21,21.129,0.000,31.140,2.832000
23,23.133,1.013,22.330,2.832800
17,17.105,1.526,27.120,2.857600
19,19.109,2.539,29.310,2.858400
21,21.113,0.052,31.500,2.859200
23,23.117,1.065,22.690,2.860000
17,17.121,1.578,27.880,2.860800
19,19.125,2.591,28.250,2.861600
21,21.129,0.104,30.440,2.862400
23,23.133,1.117,21.630,2.863200
17,17.105,1.630,26.420,2.888000
19,19.109,2.500,28.610,2.888800
21,21.113,0.013,30.800,2.889600
23,23.117,1.026,21.990,2.890400
17,17.121,1.539,27.180,2.891200
19,19.125,2.552,29.370,2.892000
21,21.129,0.065,31.560,2.892800
23,23.133,1.078,22.750,2.893600
1,1.126,0.500,21.000,2.918400
3,3.130,1.513,23.190,2.919200
5,5.134,2.526,25.380,2.920000
7,7.138,0.039,27.570,2.920800
1,1.142,0.552,21.760,2.921600
3,3.146,1.565,23.950,2.922400
5,5.150,2.578,26.140,2.923200
7,7.154,0.091,28.330,2.924000
1,1.126,0.604,22.120,2.948800
3,3.130,1.617,24.310,2.949600
5,5.134,2.630,26.500,2.950400
7,7.138,0.000,28.690,2.951200
1,1.142,0.513,22.880,2.952000
3,3.146,1.526,23.250,2.952800
5,5.150,2.539,25.440,2.953600
7,7.154,0.052,27.630,2.954400
1,1.126,0.565,21.420,2.979200
3,3.130,1.578,23.610,2.980000
5,5.134,2.591,25.800,2.980800
7,7.138,0.104,27.990,2.981600
1,1.142,0.617,22.180,2.982400
3,3.146,1.630,24.370,2.983200
5,5.150,2.500,26.560,2.984000
7,7.154,0.013,28.750,2.984800
1,1.126,0.526,22.540,3.009600
3,3.130,1.539,24.730,3.010400
5,5.134,2.552,25.100,3.011200
7,7.138,0.065,27.290,3.012000
1,1.142,0.578,21.480,3.012800
3,3.146,1.591,23.670,3.013600
5,5.150,2.604,25.860,3.014400
7,7.154,0.117,28.050,3.015200
1,1.126,0.630,21.840,3.040000
3,3.130,1.500,24.030,3.040800
5,5.134,2.513,26.220,3.041600
7,7.138,0.026,28.410,3.042400
1,1.142,0.539,22.600,3.043200
3,3.146,1.552,24.790,3.044000
5,5.150,2.565,26.980,3.044800
7,7.154,0.078,27.350,3.045600
1,1.126,0.591,21.140,3.070400
3,3.130,1.604,23.330,3.071200
5,5.134,2.617,25.520,3.072000
7,7.138,0.130,27.710,3.072800
1,1.142,0.500,21.900,3.073600
3,3.146,1.513,24.090,3.074400
5,5.150,2.526,26.280,3.075200
7,7.154,0.039,28.470,3.076000
1,1.126,0.552,22.260,3.100800
3,3.130,1.565,24.450,3.101600
5,5.134,2.578,26.640,3.102400
7,7.138,0.091,28.830,3.103200
1,1.142,0.604,21.200,3.104000
3,3.146,1.617,23.390,3.104800
5,5.150,2.630,25.580,3.105600
7,7.154,0.000,27.770,3.106400
1,1.126,0.513,21.560,3.131200
3,3.130,1.526,23.750,3.132000
5,5.134,2.539,25.940,3.132800
7,7.138,0.052,28.130,3.133600
1,1.142,0.565,22.320,3.134400
3,3.146,1.578,24.510,3.135200
5,5.150,2.591,26.700,3.136000
7,7.154,0.104,28.890,3.136800
1,1.126,0.617,22.680,3.161600
3,3.130,1.630,23.050,3.162400
5,5.134,2.500,25.240,3.163200
7,7.138,0.013,27.430,3.164000
1,1.142,0.526,21.620,3.164800
3,3.146,1.539,23.810,3.165600
5,5.150,2.552,26.000,3.166400
7,7.154,0.065,28.190,3.167200
1,1.126,0.578,21.980,3.192000
3,3.130,1.591,24.170,3.192800
5,5.134,2.604,26.360,3.193600
7,7.138,0.117,28.550,3.194400
1,1.142,0.630,22.740,3.195200
3,3.146,1.500,24.930,3.196000
5,5.150,2.513,25.300,3.196800
7,7.154,0.026,27.490,3.197600
1,1.126,0.539,21.280,3.222400
3,3.130,1.552,23.470,3.223200
5,5.134,2.565,25.660,3.224000
7,7.138,0.078,27.850,3.224800
1,1.142,0.591,22.040,3.225600
3,3.146,1.604,24.230,3.226400
5,5.150,2.617,26.420,3.227200
7,7.154,0.130,28.610,3.228000
1,1.126,0.500,22.400,3.252800
3,3.130,1.513,24.590,3.253600
5,5.134,2.526,26.780,3.254400
7,7.138,0.039,27.150,3.255200
1,1.142,0.552,21.340,3.256000
3,3.146,1.565,23.530,3.256800
5,5.150,2.578,25.720,3.257600
7,7.154,0.091,27.910,3.258400
1,1.126,0.604,21.700,3.283200
3,3.130,1.617,23.890,3.284000
5,5.134,2.630,26.080,3.284800
7,7.138,0.000,28.270,3.285600
1,1.142,0.513,22.460,3.286400
3,3.146,1.526,24.650,3.287200
5,5.150,2.539,26.840,3.288000
7,7.154,0.052,29.030,3.288800
1,1.126,0.565,21.000,3.313600
3,3.130,1.578,23.190,3.314400
5,5.134,2.591,25.380,3.315200
7,7.138,0.104,27.570,3.316000
1,1.142,0.617,21.760,3.316800
3,3.146,1.630,23.950,3.317600
5,5.150,2.500,26.140,3.318400
7,7.154,0.013,28.330,3.319200
1,1.126,0.526,22.120,3.344000
3,3.130,1.539,24.310,3.344800
5,5.134,2.552,26.500,3.345600
7,7.138,0.065,28.690,3.346400
1,1.142,0.578,22.880,3.347200
3,3.146,1.591,23.250,3.348000
5,5.150,2.604,25.440,3.348800
7,7.154,0.117,27.630,3.349600
1,1.126,0.630,21.420,3.374400
3,3.130,1.500,23.610,3.375200
5,5.134,2.513,25.800,3.376000
7,7.138,0.026,27.990,3.376800
1,1.142,0.539,22.180,3.377600
3,3.146,1.552,24.370,3.378400
5,5.150,2.565,26.560,3.379200
7,7.154,0.078,28.750,3.380000
9,9.147,1.000,29.000,3.404800
11,11.151,2.013,20.190,3.405600
13,13.155,3.026,22.380,3.406400
15,15.159,0.539,24.570,3.407200
9,9.163,1.052,29.760,3.408000
11,11.167,2.065,20.950,3.408800
13,13.171,3.078,23.140,3.409600
15,15.175,0.591,25.330,3.410400
9,9.147,1.104,30.120,3.435200
11,11.151,2.117,21.310,3.436000
13,13.155,3.130,23.500,3.436800
15,15.159,0.500,25.690,3.437600
9,9.163,1.013,30.880,3.438400
11,11.167,2.026,20.250,3.439200
13,13.171,3.039,22.440,3.440000
15,15.175,0.552,24.630,3.440800
9,9.147,1.065,29.420,3.465600
11,11.151,2.078,20.610,3.466400
13,13.155,3.091,22.800,3.467200
15,15.159,0.604,24.990,3.468000
9,9.163,1.117,30.180,3.468800
11,11.167,2.130,21.370,3.469600
13,13.171,3.000,23.560,3.470400
15,15.175,0.513,25.750,3.471200
9,9.147,1.026,30.540,3.496000
11,11.151,2.039,21.730,3.496800
13,13.155,3.052,22.100,3.497600
15,15.159,0.565,24.290,3.498400
9,9.163,1.078,29.480,3.499200
11,11.167,2.091,20.670,3.500000
13,13.171,3.104,22.860,3.500800
15,15.175,0.617,25.050,3.501600
9,9.147,1.130,29.840,3.526400
11,11.151,2.000,21.030,3.527200
13,13.155,3.013,23.220,3.528000
15,15.159,0.526,25.410,3.528800
9,9.163,1.039,30.600,3.529600
11,11.167,2.052,21.790,3.530400
13,13.171,3.065,23.980,3.531200
15,15.175,0.578,24.350,3.532000
9,9.147,1.091,29.140,3.556800
11,11.151,2.104,20.330,3.557600
13,13.155,3.117,22.520,3.558400
15,15.159,0.630,24.710,3.559200
9,9.163,1.000,29.900,3.560000
11,11.167,2.013,21.090,3.560800
13,13.171,3.026,23.280,3.561600
15,15.175,0.539,25.470,3.562400
9,9.147,1.052,30.260,3.587200
11,11.151,2.065,21.450,3.588000
13,13.155,3.078,23.640,3.588800
15,15.159,0.591,25.830,3.589600
9,9.163,1.104,29.200,3.590400
11,11.167,2.117,20.390,3.591200
13,13.171,3.130,22.580,3.592000
15,15.175,0.500,24.770,3.592800
9,9.147,1.013,29.560,3.617600
11,11.151,2.026,20.750,3.618400
13,13.155,3.039,22.940,3.619200
15,15.159,0.552,25.130,3.620000
9,9.163,1.065,30.320,3.620800
11,11.167,2.078,21.510,3.621600
13,13.171,3.091,23.700,3.622400
15,15.175,0.604,25.890,3.623200
9,9.147,1.117,30.680,3.648000
11,11.151,2.130,20.050,3.648800
13,13.155,3.000,22.240,3.649600
15,15.159,0.513,24.430,3.650400
9,9.163,1.026,29.620,3.651200
11,11.167,2.039,20.810,3.652000
13,13.171,3.052,23.000,3.652800
15,15.175,0.565,25.190,3.653600
9,9.147,1.078,29.980,3.678400
11,11.151,2.091,21.170,3.679200
13,13.155,3.104,23.360,3.680000
15,15.159,0.617,25.550,3.680800
9,9.163,1.130,30.740,3.681600
11,11.167,2.000,21.930,3.682400
13,13.171,3.013,22.300,3.683200
15,15.175,0.526,24.490,3.684000
9,9.147,1.039,29.280,3.708800
11,11.151,2.052,20.470,3.709600
13,13.155,3.065,22.660,3.710400
15,15.159,0.578,24.850,3.711200
9,9.163,1.091,30.040,3.712000
11,11.167,2.104,21.230,3.712800
13,13.171,3.117,23.420,3.713600
15,15.175,0.630,25.610,3.714400
9,9.147,1.000,30.400,3.739200
11,11.151,2.013,21.590,3.740000
13,13.155,3.026,23.780,3.740800
15,15.159,0.539,24.150,3.741600
9,9.163,1.052,29.340,3.742400
11,11.167,2.065,20.530,3.743200
13,13.171,3.078,22.720,3.744000
15,15.175,0.591,24.910,3.744800
9,9.147,1.104,29.700,3.769600
11,11.151,2.117,20.890,3.770400
13,13.155,3.130,23.080,3.771200
15,15.159,0.500,25.270,3.772000
9,9.163,1.013,30.460,3.772800
11,11.167,2.026,21.650,3.773600
13,13.171,3.039,23.840,3.774400
15,15.175,0.552,26.030,3.775200
9,9.147,1.065,29.000,3.800000
11,11.151,2.078,20.190,3.800800
13,13.155,3.091,22.380,3.801600
15,15.159,0.604,24.570,3.802400
9,9.163,1.117,29.760,3.803200
11,11.167,2.130,20.950,3.804000
13,13.171,3.000,23.140,3.804800
15,15.175,0.513,25.330,3.805600
9,9.147,1.026,30.120,3.830400
11,11.151,2.039,21.310,3.831200
13,13.155,3.052,23.500,3.832000
15,15.159,0.565,25.690,3.832800
9,9.163,1.078,30.880,3.833600
11,11.167,2.091,20.250,3.834400
13,13.171,3.104,22.440,3.835200
15,15.175,0.617,24.630,3.836000
9,9.147,1.130,29.420,3.860800
11,11.151,2.000,20.610,3.861600
13,13.155,3.013,22.800,3.862400
15,15.159,0.526,24.990,3.863200
9,9.163,1.039,30.180,3.864000
11,11.167,2.052,21.370,3.864800
13,13.171,3.065,23.560,3.865600
15,15.175,0.578,25.750,3.866400
17,17.168,1.500,26.000,3.891200
19,19.172,2.513,28.190,3.892000
21,21.176,0.026,30.380,3.892800
23,23.180,1.039,21.570,3.893600
17,17.184,1.552,26.760,3.894400
19,19.188,2.565,28.950,3.895200
21,21.192,0.078,31.140,3.896000
23,23.196,1.091,22.330,3.896800
17,17.168,1.604,27.120,3.921600
19,19.172,2.617,29.310,3.922400
21,21.176,0.130,31.500,3.923200
23,23.180,1.000,22.690,3.924000
17,17.184,1.513,27.880,3.924800
19,19.188,2.526,28.250,3.925600
21,21.192,0.039,30.440,3.926400
23,23.196,1.052,21.630,3.927200
17,17.168,1.565,26.420,3.952000
19,19.172,2.578,28.610,3.952800
21,21.176,0.091,30.800,3.953600
23,23.180,1.104,21.990,3.954400
17,17.184,1.617,27.180,3.955200
19,19.188,2.630,29.370,3.956000
21,21.192,0.000,31.560,3.956800
23,23.196,1.013,22.750,3.957600
17,17.168,1.526,27.540,3.982400
19,19.172,2.539,29.730,3.983200
21,21.176,0.052,30.100,3.984000
23,23.180,1.065,21.290,3.984800
17,17.184,1.578,26.480,3.985600
19,19.188,2.591,28.670,3.986400
21,21.192,0.104,30.860,3.987200
23,23.196,1.117,22.050,3.988000
17,17.168,1.630,26.840,4.012800
19,19.172,2.500,29.030,4.013600
21,21.176,0.013,31.220,4.014400
23,23.180,1.026,22.410,4.015200
17,17.184,1.539,27.600,4.016000
19,19.188,2.552,29.790,4.016800
21,21.192,0.065,31.980,4.017600
23,23.196,1.078,21.350,4.018400
17,17.168,1.591,26.140,4.043200
19,19.172,2.604,28.330,4.044000
21,21.176,0.117,30.520,4.044800
23,23.180,1.130,21.710,4.045600
17,17.184,1.500,26.900,4.046400
19,19.188,2.513,29.090,4.047200
21,21.192,0.026,31.280,4.048000
23,23.196,1.039,22.470,4.048800
17,17.168,1.552,27.260,4.073600
19,19.172,2.565,29.450,4.074400
21,21.176,0.078,31.640,4.075200
23,23.180,1.091,22.830,4.076000
17,17.184,1.604,26.200,4.076800
19,19.188,2.617,28.390,4.077600
21,21.192,0.130,30.580,4.078400
23,23.196,1.000,21.770,4.079200
17,17.168,1.513,26.560,4.104000
19,19.172,2.526,28.750,4.104800
21,21.176,0.039,30.940,4.105600
23,23.180,1.052,22.130,4.106400
17,17.184,1.565,27.320,4.107200
19,19.188,2.578,29.510,4.108000
21,21.192,0.091,31.700,4.108800
23,23.196,1.104,22.890,4.109600
17,17.168,1.617,27.680,4.134400
19,19.172,2.630,28.050,4.135200
21,21.176,0.000,30.240,4.136000
23,23.180,1.013,21.430,4.136800
17,17.184,1.526,26.620,4.137600
19,19.188,2.539,28.810,4.138400
21,21.192,0.052,31.000,4.139200
23,23.196,1.065,22.190,4.140000
17,17.168,1.578,26.980,4.164800
19,19.172,2.591,29.170,4.165600
21,21.176,0.104,31.360,4.166400
23,23.180,1.117,22.550,4.167200
17,17.184,1.630,27.740,4.168000
19,19.188,2.500,29.930,4.168800
21,21.192,0.013,30.300,4.169600
23,23.196,1.026,21.490,4.170400
17,17.168,1.539,26.280,4.195200
19,19.172,2.552,28.470,4.196000
21,21.176,0.065,30.660,4.196800
23,23.180,1.078,21.850,4.197600
17,17.184,1.591,27.040,4.198400
19,19.188,2.604,29.230,4.199200
21,21.192,0.117,31.420,4.200000
23,23.196,1.130,22.610,4.200800
17,17.168,1.500,27.400,4.225600
19,19.172,2.513,29.590,4.226400
21,21.176,0.026,31.780,4.227200
23,23.180,1.039,21.150,4.228000
17,17.184,1.552,26.340,4.228800
19,19.188,2.565,28.530,4.229600
21,21.192,0.078,30.720,4.230400
23,23.196,1.091,21.910,4.231200
17,17.168,1.604,26.700,4.256000
19,19.172,2.617,28.890,4.256800
21,21.176,0.130,31.080,4.257600
23,23.180,1.000,22.270,4.258400
17,17.184,1.513,27.460,4.259200
19,19.188,2.526,29.650,4.260000
21,21.192,0.039,31.840,4.260800
23,23.196,1.052,23.030,4.261600
17,17.168,1.565,26.000,4.286400
19,19.172,2.578,28.190,4.287200
21,21.176,0.091,30.380,4.288000
23,23.180,1.104,21.570,4.288800
17,17.184,1.617,26.760,4.289600
19,19.188,2.630,28.950,4.290400
21,21.192,0.000,31.140,4.291200
23,23.196,1.013,22.330,4.292000
17,17.168,1.526,27.120,4.316800
19,19.172,2.539,29.310,4.317600
21,21.176,0.052,31.500,4.318400
23,23.180,1.065,22.690,4.319200
17,17.184,1.578,27.880,4.320000
19,19.188,2.591,28.250,4.320800
21,21.192,0.104,30.440,4.321600
23,23.196,1.117,21.630,4.322400
17,17.168,1.630,26.420,4.347200
19,19.172,2.500,28.610,4.348000
21,21.176,0.013,30.800,4.348800
23,23.180,1.026,21.990,4.349600
17,17.184,1.539,27.180,4.350400
19,19.188,2.552,29.370,4.351200
21,21.192,0.065,31.560,4.352000
23,23.196,1.078,22.750,4.352800
1,1.000,0.500,21.000,4.377600
3,3.004,1.513,23.190,4.378400
5,5.008,2.526,25.380,4.379200
7,7.012,0.039,27.570,4.380000
1,1.016,0.552,21.760,4.380800
3,3.020,1.565,23.950,4.381600
5,5.024,2.578,26.140,4.382400
7,7.028,0.091,28.330,4.383200
1,1.000,0.604,22.120,4.408000
3,3.004,1.617,24.310,4.408800
5,5.008,2.630,26.500,4.409600
7,7.012,0.000,28.690,4.410400
1,1.016,0.513,22.880,4.411200
3,3.020,1.526,23.250,4.412000
5,5.024,2.539,25.440,4.412800
7,7.028,0.052,27.630,4.413600
1,1.000,0.565,21.420,4.438400
3,3.004,1.578,23.610,4.439200
5,5.008,2.591,25.800,4.440000
7,7.012,0.104,27.990,4.440800
1,1.016,0.617,22.180,4.441600
3,3.020,1.630,24.370,4.442400
5,5.024,2.500,26.560,4.443200
7,7.028,0.013,28.750,4.444000
1,1.000,0.526,22.540,4.468800
3,3.004,1.539,24.730,4.469600
5,5.008,2.552,25.100,4.470400
7,7.012,0.065,27.290,4.471200
1,1.016,0.578,21.480,4.472000
3,3.020,1.591,23.670,4.472800
5,5.024,2.604,25.860,4.473600
7,7.028,0.117,28.050,4.474400
1,1.000,0.630,21.840,4.499200
3,3.004,1.500,24.030,4.500000
5,5.008,2.513,26.220,4.500800
7,7.012,0.026,28.410,4.501600
1,1.016,0.539,22.600,4.502400
3,3.020,1.552,24.790,4.503200
5,5.024,2.565,26.980,4.504000
7,7.028,0.078,27.350,4.504800
1,1.000,0.591,21.140,4.529600
3,3.004,1.604,23.330,4.530400
5,5.008,2.617,25.520,4.531200
7,7.012,0.130,27.710,4.532000
1,1.016,0.500,21.900,4.532800
3,3.020,1.513,24.090,4.533600
5,5.024,2.526,26.280,4.534400
7,7.028,0.039,28.470,4.535200
1,1.000,0.552,22.260,4.560000
3,3.004,1.565,24.450,4.560800
5,5.008,2.578,26.640,4.561600
7,7.012,0.091,28.830,4.562400
1,1.016,0.604,21.200,4.563200
3,3.020,1.617,23.390,4.564000
5,5.024,2.630,25.580,4.564800
7,7.028,0.000,27.770,4.565600
1,1.000,0.513,21.560,4.590400
3,3.004,1.526,23.750,4.591200
5,5.008,2.539,25.940,4.592000
7,7.012,0.052,28.130,4.592800
1,1.016,0.565,22.320,4.593600
3,3.020,1.578,24.510,4.594400
5,5.024,2.591,26.700,4.595200
7,7.028,0.104,28.890,4.596000
1,1.000,0.617,22.680,4.620800
3,3.004,1.630,23.050,4.621600
5,5.008,2.500,25.240,4.622400
7,7.012,0.013,27.430,4.623200
1,1.016,0.526,21.620,4.624000
3,3.020,1.539,23.810,4.624800
5,5.024,2.552,26.000,4.625600
7,7.028,0.065,28.190,4.626400
1,1.000,0.578,21.980,4.651200
3,3.004,1.591,24.170,4.652000
5,5.008,2.604,26.360,4.652800
7,7.012,0.117,28.550,4.653600
1,1.016,0.630,22.740,4.654400
3,3.020,1.500,24.930,4.655200
5,5.024,2.513,25.300,4.656000
7,7.028,0.026,27.490,4.656800
1,1.000,0.539,21.280,4.681600
3,3.004,1.552,23.470,4.682400
5,5.008,2.565,25.660,4.683200
7,7.012,0.078,27.850,4.684000
1,1.016,0.591,22.040,4.684800
3,3.020,1.604,24.230,4.685600
5,5.024,2.617,26.420,4.686400
7,7.028,0.130,28.610,4.687200
1,1.000,0.500,22.400,4.712000
3,3.004,1.513,24.590,4.712800
5,5.008,2.526,26.780,4.713600
7,7.012,0.039,27.150,4.714400
1,1.016,0.552,21.340,4.715200
3,3.020,1.565,23.530,4.716000
5,5.024,2.578,25.720,4.716800
7,7.028,0.091,27.910,4.717600
1,1.000,0.604,21.700,4.742400
3,3.004,1.617,23.890,4.743200
5,5.008,2.630,26.080,4.744000
7,7.012,0.000,28.270,4.744800
1,1.016,0.513,22.460,4.745600
3,3.020,1.526,24.650,4.746400
5,5.024,2.539,26.840,4.747200
7,7.028,0.052,29.030,4.748000
1,1.000,0.565,21.000,4.772800
3,3.004,1.578,23.190,4.773600
5,5.008,2.591,25.380,4.774400
7,7.012,0.104,27.570,4.775200
1,1.016,0.617,21.760,4.776000
3,3.020,1.630,23.950,4.776800
5,5.024,2.500,26.140,4.777600
7,7.028,0.013,28.330,4.778400
1,1.000,0.526,22.120,4.803200
3,3.004,1.539,24.310,4.804000
5,5.008,2.552,26.500,4.804800
7,7.012,0.065,28.690,4.805600
1,1.016,0.578,22.880,4.806400
3,3.020,1.591,23.250,4.807200
5,5.024,2.604,25.440,4.808000
7,7.028,0.117,27.630,4.808800
1,1.000,0.630,21.420,4.833600
3,3.004,1.500,23.610,4.834400
5,5.008,2.513,25.800,4.835200
7,7.012,0.026,27.990,4.836000
1,1.016,0.539,22.180,4.836800
3,3.020,1.552,24.370,4.837600
5,5.024,2.565,26.560,4.838400
7,7.028,0.078,28.750,4.839200
9,9.021,1.000,29.000,4.864000
11,11.025,2.013,20.190,4.864800
13,13.029,3.026,22.380,4.865600
15,15.033,0.539,24.570,4.866400
9,9.037,1.052,29.760,4.867200
11,11.041,2.065,20.950,4.868000
13,13.045,3.078,23.140,4.868800
15,15.049,0.591,25.330,4.869600
9,9.021,1.104,30.120,4.894400
11,11.025,2.117,21.310,4.895200
13,13.029,3.130,23.500,4.896000
15,15.033,0.500,25.690,4.896800
9,9.037,1.013,30.880,4.897600
11,11.041,2.026,20.250,4.898400
13,13.045,3.039,22.440,4.899200
15,15.049,0.552,24.630,4.900000
9,9.021,1.065,29.420,4.924800
11,11.025,2.078,20.610,4.925600
13,13.029,3.091,22.800,4.926400
15,15.033,0.604,24.990,4.927200
9,9.037,1.117,30.180,4.928000
11,11.041,2.130,21.370,4.928800
13,13.045,3.000,23.560,4.929600
15,15.049,0.513,25.750,4.930400
9,9.021,1.026,30.540,4.955200
11,11.025,2.039,21.730,4.956000
13,13.029,3.052,22.100,4.956800
15,15.033,0.565,24.290,4.957600
9,9.037,1.078,29.480,4.958400
11,11.041,2.091,20.670,4.959200
13,13.045,3.104,22.860,4.960000
15,15.049,0.617,25.050,4.960800
9,9.021,1.130,29.840,4.985600
11,11.025,2.000,21.030,4.986400
13,13.029,3.013,23.220,4.987200
15,15.033,0.526,25.410,4.988000
9,9.037,1.039,30.600,4.988800
11,11.041,2.052,21.790,4.989600
13,13.045,3.065,23.980,4.990400
15,15.049,0.578,24.350,4.991200
9,9.021,1.091,29.140,5.016000
11,11.025,2.104,20.330,5.016800
13,13.029,3.117,22.520,5.017600
15,15.033,0.630,24.710,5.018400
9,9.037,1.000,29.900,5.019200
11,11.041,2.013,21.090,5.020000
13,13.045,3.026,23.280,5.020800
15,15.049,0.539,25.470,5.021600
9,9.021,1.052,30.260,5.046400
11,11.025,2.065,21.450,5.047200
13,13.029,3.078,23.640,5.048000
15,15.033,0.591,25.830,5.048800
9,9.037,1.104,29.200,5.049600
11,11.041,2.117,20.390,5.050400
13,13.045,3.130,22.580,5.051200
15,15.049,0.500,24.770,5.052000
9,9.021,1.013,29.560,5.076800
11,11.025,2.026,20.750,5.077600
13,13.029,3.039,22.940,5.078400
15,15.033,0.552,25.130,5.079200
9,9.037,1.065,30.320,5.080000
11,11.041,2.078,21.510,5.080800
13,13.045,3.091,23.700,5.081600
15,15.049,0.604,25.890,5.082400
9,9.021,1.117,30.680,5.107200
11,11.025,2.130,20.050,5.108000
13,13.029,3.000,22.240,5.108800
15,15.033,0.513,24.430,5.109600
9,9.037,1.026,29.620,5.110400
11,11.041,2.039,20.810,5.111200
13,13.045,3.052,23.000,5.112000
15,15.049,0.565,25.190,5.112800
9,9.021,1.078,29.980,5.137600
11,11.025,2.091,21.170,5.138400
13,13.029,3.104,23.360,5.139200
15,15.033,0.617,25.550,5.140000
9,9.037,1.130,30.740,5.140800
11,11.041,2.000,21.930,5.141600
13,13.045,3.013,22.300,5.142400
15,15.049,0.526,24.490,5.143200
9,9.021,1.039,29.280,5.168000
11,11.025,2.052,20.470,5.168800
13,13.029,3.065,22.660,5.169600
15,15.033,0.578,24.850,5.170400
9,9.037,1.091,30.040,5.171200
11,11.041,2.104,21.230,5.172000
13,13.045,3.117,23.420,5.172800
15,15.049,0.630,25.610,5.173600
9,9.021,1.000,30.400,5.198400
11,11.025,2.013,21.590,5.199200
13,13.029,3.026,23.780,5.200000
15,15.033,0.539,24.150,5.200800
9,9.037,1.052,29.340,5.201600
11,11.041,2.065,20.530,5.202400
13,13.045,3.078,22.720,5.203200
15,15.049,0.591,24.910,5.204000
9,9.021,1.104,29.700,5.228800
11,11.025,2.117,20.890,5.229600
13,13.029,3.130,23.080,5.230400
15,15.033,0.500,25.270,5.231200
9,9.037,1.013,30.460,5.232000
11,11.041,2.026,21.650,5.232800
13,13.045,3.039,23.840,5.233600
15,15.049,0.552,26.030,5.234400
9,9.021,1.065,29.000,5.259200
11,11.025,2.078,20.190,5.260000
13,13.029,3.091,22.380,5.260800
15,15.033,0.604,24.570,5.261600
9,9.037,1.117,29.760,5.262400
11,11.041,2.130,20.950,5.263200
13,13.045,3.000,23.140,5.264000
15,15.049,0.513,25.330,5.264800
9,9.021,1.026,30.120,5.289600
11,11.025,2.039,21.310,5.290400
13,13.029,3.052,23.500,5.291200
15,15.033,0.565,25.690,5.292000
9,9.037,1.078,30.880,5.292800
11,11.041,2.091,20.250,5.293600
13,13.045,3.104,22.440,5.294400
15,15.049,0.617,24.630,5.295200
9,9.021,1.130,29.420,5.320000
11,11.025,2.000,20.610,5.320800
13,13.029,3.013,22.800,5.321600
15,15.033,0.526,24.990,5.322400
9,9.037,1.039,30.180,5.323200
11,11.041,2.052,21.370,5.324000
13,13.045,3.065,23.560,5.324800
15,15.049,0.578,25.750,5.325600
17,17.042,1.500,26.000,5.350400
19,19.046,2.513,28.190,5.351200
21,21.050,0.026,30.380,5.352000
23,23.054,1.039,21.570,5.352800
17,17.058,1.552,26.760,5.353600
19,19.062,2.565,28.950,5.354400
21,21.066,0.078,31.140,5.355200
23,23.070,1.091,22.330,5.356000
17,17.042,1.604,27.120,5.380800
19,19.046,2.617,29.310,5.381600
21,21.050,0.130,31.500,5.382400
23,23.054,1.000,22.690,5.383200
17,17.058,1.513,27.880,5.384000
19,19.062,2.526,28.250,5.384800
21,21.066,0.039,30.440,5.385600
23,23.070,1.052,21.630,5.386400
17,17.042,1.565,26.420,5.411200
19,19.046,2.578,28.610,5.412000
21,21.050,0.091,30.800,5.412800
23,23.054,1.104,21.990,5.413600
17,17.058,1.617,27.180,5.414400
19,19.062,2.630,29.370,5.415200
21,21.066,0.000,31.560,5.416000
23,23.070,1.013,22.750,5.416800
17,17.042,1.526,27.540,5.441600
19,19.046,2.539,29.730,5.442400
21,21.050,0.052,30.100,5.443200
23,23.054,1.065,21.290,5.444000
17,17.058,1.578,26.480,5.444800
19,19.062,2.591,28.670,5.445600
21,21.066,0.104,30.860,5.446400
23,23.070,1.117,22.050,5.447200
17,17.042,1.630,26.840,5.472000
19,19.046,2.500,29.030,5.472800
21,21.050,0.013,31.220,5.473600
23,23.054,1.026,22.410,5.474400
17,17.058,1.539,27.600,5.475200
19,19.062,2.552,29.790,5.476000
21,21.066,0.065,31.980,5.476800
23,23.070,1.078,21.350,5.477600
17,17.042,1.591,26.140,5.502400
19,19.046,2.604,28.330,5.503200
21,21.050,0.117,30.520,5.504000
23,23.054,1.130,21.710,5.504800
17,17.058,1.500,26.900,5.505600
19,19.062,2.513,29.090,5.506400
21,21.066,0.026,31.280,5.507200
23,23.070,1.039,22.470,5.508000
17,17.042,1.552,27.260,5.532800
19,19.046,2.565,29.450,5.533600
21,21.050,0.078,31.640,5.534400
23,23.054,1.091,22.830,5.535200
17,17.058,1.604,26.200,5.536000
19,19.062,2.617,28.390,5.536800
21,21.066,0.130,30.580,5.537600
23,23.070,1.000,21.770,5.538400
17,17.042,1.513,26.560,5.563200
19,19.046,2.526,28.750,5.564000
21,21.050,0.039,30.940,5.564800
23,23.054,1.052,22.130,5.565600
17,17.058,1.565,27.320,5.566400
19,19.062,2.578,29.510,5.567200
21,21.066,0.091,31.700,5.568000
23,23.070,1.104,22.890,5.568800
17,17.042,1.617,27.680,5.593600
19,19.046,2.630,28.050,5.594400
21,21.050,0.000,30.240,5.595200
23,23.054,1.013,21.430,5.596000
17,17.058,1.526,26.620,5.596800
19,19.062,2.539,28.810,5.597600
21,21.066,0.052,31.000,5.598400
23,23.070,1.065,22.190,5.599200
17,17.042,1.578,26.980,5.624000
19,19.046,2.591,29.170,5.624800
21,21.050,0.104,31.360,5.625600
23,23.054,1.117,22.550,5.626400
17,17.058,1.630,27.740,5.627200
19,19.062,2.500,29.930,5.628000
21,21.066,0.013,30.300,5.628800
23,23.070,1.026,21.490,5.629600
17,17.042,1.539,26.280,5.654400
19,19.046,2.552,28.470,5.655200
21,21.050,0.065,30.660,5.656000
23,23.054,1.078,21.850,5.656800
17,17.058,1.591,27.040,5.657600
19,19.062,2.604,29.230,5.658400
21,21.066,0.117,31.420,5.659200
23,23.070,1.130,22.610,5.660000
17,17.042,1.500,27.400,5.684800
19,19.046,2.513,29.590,5.685600
21,21.050,0.026,31.780,5.686400
23,23.054,1.039,21.150,5.687200
17,17.058,1.552,26.340,5.688000
19,19.062,2.565,28.530,5.688800
21,21.066,0.078,30.720,5.689600
23,23.070,1.091,21.910,5.690400
17,17.042,1.604,26.700,5.715200
19,19.046,2.617,28.890,5.716000
21,21.050,0.130,31.080,5.716800
23,23.054,1.000,22.270,5.717600
17,17.058,1.513,27.460,5.718400
19,19.062,2.526,29.650,5.719200
21,21.066,0.039,31.840,5.720000
23,23.070,1.052,23.030,5.720800
17,17.042,1.565,26.000,5.745600
19,19.046,2.578,28.190,5.746400
21,21.050,0.091,30.380,5.747200
23,23.054,1.104,21.570,5.748000
17,17.058,1.617,26.760,5.748800
19,19.062,2.630,28.950,5.749600
21,21.066,0.000,31.140,5.750400
23,23.070,1.013,22.330,5.751200
17,17.042,1.526,27.120,5.776000
19,19.046,2.539,29.310,5.776800
21,21.050,0.052,31.500,5.777600
23,23.054,1.065,22.690,5.778400
17,17.058,1.578,27.880,5.779200
19,19.062,2.591,28.250,5.780000
21,21.066,0.104,30.440,5.780800
23,23.070,1.117,21.630,5.781600
17,17.042,1.630,26.420,5.806400
19,19.046,2.500,28.610,5.807200
21,21.050,0.013,30.800,5.808000
23,23.054,1.026,21.990,5.808800
17,17.058,1.539,27.180,5.809600
19,19.062,2.552,29.370,5.810400
21,21.066,0.065,31.560,5.811200
23,23.070,1.078,22.750,5.812000
1,1.063,0.500,21.000,5.836800
3,3.067,1.513,23.190,5.837600
5,5.071,2.526,25.380,5.838400
7,7.075,0.039,27.570,5.839200
1,1.079,0.552,21.760,5.840000
3,3.083,1.565,23.950,5.840800
5,5.087,2.578,26.140,5.841600
7,7.091,0.091,28.330,5.842400
1,1.063,0.604,22.120,5.867200
3,3.067,1.617,24.310,5.868000
5,5.071,2.630,26.500,5.868800
7,7.075,0.000,28.690,5.869600
1,1.079,0.513,22.880,5.870400
3,3.083,1.526,23.250,5.871200
5,5.087,2.539,25.440,5.872000
7,7.091,0.052,27.630,5.872800
1,1.063,0.565,21.420,5.897600
3,3.067,1.578,23.610,5.898400
5,5.071,2.591,25.800,5.899200
7,7.075,0.104,27.990,5.900000
1,1.079,0.617,22.180,5.900800
3,3.083,1.630,24.370,5.901600
5,5.087,2.500,26.560,5.902400
7,7.091,0.013,28.750,5.903200
1,1.063,0.526,22.540,5.928000
3,3.067,1.539,24.730,5.928800
5,5.071,2.552,25.100,5.929600
7,7.075,0.065,27.290,5.930400
1,1.079,0.578,21.480,5.931200
3,3.083,1.591,23.670,5.932000
5,5.087,2.604,25.860,5.932800
7,7.091,0.117,28.050,5.933600
1,1.063,0.630,21.840,5.958400
3,3.067,1.500,24.030,5.959200
5,5.071,2.513,26.220,5.960000
7,7.075,0.026,28.410,5.960800
1,1.079,0.539,22.600,5.961600
3,3.083,1.552,24.790,5.962400
5,5.087,2.565,26.980,5.963200
7,7.091,0.078,27.350,5.964000
1,1.063,0.591,21.140,5.988800
3,3.067,1.604,23.330,5.989600
5,5.071,2.617,25.520,5.990400
7,7.075,0.130,27.710,5.991200
1,1.079,0.500,21.900,5.992000
3,3.083,1.513,24.090,5.992800
5,5.087,2.526,26.280,5.993600
7,7.091,0.039,28.470,5.994400
1,1.063,0.552,22.260,6.019200
3,3.067,1.565,24.450,6.020000
5,5.071,2.578,26.640,6.020800
7,7.075,0.091,28.830,6.021600
1,1.079,0.604,21.200,6.022400
3,3.083,1.617,23.390,6.023200
5,5.087,2.630,25.580,6.024000
7,7.091,0.000,27.770,6.024800
1,1.063,0.513,21.560,6.049600
3,3.067,1.526,23.750,6.050400
5,5.071,2.539,25.940,6.051200
7,7.075,0.052,28.130,6.052000
1,1.079,0.565,22.320,6.052800
3,3.083,1.578,24.510,6.053600
5,5.087,2.591,26.700,6.054400
7,7.091,0.104,28.890,6.055200
1,1.063,0.617,22.680,6.080000
3,3.067,1.630,23.050,6.080800
5,5.071,2.500,25.240,6.081600
7,7.075,0.013,27.430,6.082400
1,1.079,0.526,21.620,6.083200
3,3.083,1.539,23.810,6.084000
5,5.087,2.552,26.000,6.084800
7,7.091,0.065,28.190,6.085600
1,1.063,0.578,21.980,6.110400
3,3.067,1.591,24.170,6.111200
5,5.071,2.604,26.360,6.112000
7,7.075,0.117,28.550,6.112800
1,1.079,0.630,22.740,6.113600
3,3.083,1.500,24.930,6.114400
5,5.087,2.513,25.300,6.115200
7,7.091,0.026,27.490,6.116000
1,1.063,0.539,21.280,6.140800
3,3.067,1.552,23.470,6.141600
5,5.071,2.565,25.660,6.142400
7,7.075,0.078,27.850,6.143200
1,1.079,0.591,22.040,6.144000
3,3.083,1.604,24.230,6.144800
5,5.087,2.617,26.420,6.145600
7,7.091,0.130,28.610,6.146400
1,1.063,0.500,22.400,6.171200
3,3.067,1.513,24.590,6.172000
5,5.071,2.526,26.780,6.172800
7,7.075,0.039,27.150,6.173600
1,1.079,0.552,21.340,6.174400
3,3.083,1.565,23.530,6.175200
5,5.087,2.578,25.720,6.176000
7,7.091,0.091,27.910,6.176800
1,1.063,0.604,21.700,6.201600
3,3.067,1.617,23.890,6.202400
5,5.071,2.630,26.080,6.203200
7,7.075,0.000,28.270,6.204000
1,1.079,0.513,22.460,6.204800
3,3.083,1.526,24.650,6.205600
5,5.087,2.539,26.840,6.206400
7,7.091,0.052,29.030,6.207200
1,1.063,0.565,21.000,6.232000
3,3.067,1.578,23.190,6.232800
5,5.071,2.591,25.380,6.233600
7,7.075,0.104,27.570,6.234400
1,1.079,0.617,21.760,6.235200
3,3.083,1.630,23.950,6.236000
5,5.087,2.500,26.140,6.236800
7,7.091,0.013,28.330,6.237600
1,1.063,0.526,22.120,6.262400
3,3.067,1.539,24.310,6.263200
5,5.071,2.552,26.500,6.264000
7,7.075,0.065,28.690,6.264800
1,1.079,0.578,22.880,6.265600
3,3.083,1.591,23.250,6.266400
5,5.087,2.604,25.440,6.267200
7,7.091,0.117,27.630,6.268000
1,1.063,0.630,21.420,6.292800
3,3.067,1.500,23.610,6.293600
5,5.071,2.513,25.800,6.294400
7,7.075,0.026,27.990,6.295200
1,1.079,0.539,22.180,6.296000
3,3.083,1.552,24.370,6.296800
5,5.087,2.565,26.560,6.297600
7,7.091,0.078,28.750,6.298400
9,9.084,1.000,29.000,6.323200
11,11.088,2.013,20.190,6.324000
13,13.092,3.026,22.380,6.324800
15,15.096,0.539,24.570,6.325600
9,9.100,1.052,29.760,6.326400
11,11.104,2.065,20.950,6.327200
13,13.108,3.078,23.140,6.328000
15,15.112,0.591,25.330,6.328800
9,9.084,1.104,30.120,6.353600
11,11.088,2.117,21.310,6.354400
13,13.092,3.130,23.500,6.355200
15,15.096,0.500,25.690,6.356000
9,9.100,1.013,30.880,6.356800
11,11.104,2.026,20.250,6.357600
13,13.108,3.039,22.440,6.358400
15,15.112,0.552,24.630,6.359200
9,9.084,1.065,29.420,6.384000
11,11.088,2.078,20.610,6.384800
13,13.092,3.091,22.800,6.385600
15,15.096,0.604,24.990,6.386400
9,9.100,1.117,30.180,6.387200
11,11.104,2.130,21.370,6.388000
13,13.108,3.000,23.560,6.388800
15,15.112,0.513,25.750,6.389600
9,9.084,1.026,30.540,6.414400
11,11.088,2.039,21.730,6.415200
13,13.092,3.052,22.100,6.416000
15,15.096,0.565,24.290,6.416800
9,9.100,1.078,29.480,6.417600
11,11.104,2.091,20.670,6.418400
13,13.108,3.104,22.860,6.419200
15,15.112,0.617,25.050,6.420000
9,9.084,1.130,29.840,6.444800
11,11.088,2.000,21.030,6.445600
13,13.092,3.013,23.220,6.446400
15,15.096,0.526,25.410,6.447200
9,9.100,1.039,30.600,6.448000
11,11.104,2.052,21.790,6.448800
13,13.108,3.065,23.980,6.449600
15,15.112,0.578,24.350,6.450400
9,9.084,1.091,29.140,6.475200
11,11.088,2.104,20.330,6.476000
13,13.092,3.117,22.520,6.476800
15,15.096,0.630,24.710,6.477600
9,9.100,1.000,29.900,6.478400
11,11.104,2.013,21.090,6.479200
13,13.108,3.026,23.280,6.480000
15,15.112,0.539,25.470,6.480800
9,9.084,1.052,30.260,6.505600
11,11.088,2.065,21.450,6.506400
13,13.092,3.078,23.640,6.507200
15,15.096,0.591,25.830,6.508000
9,9.100,1.104,29.200,6.508800
11,11.104,2.117,20.390,6.509600
13,13.108,3.130,22.580,6.510400
15,15.112,0.500,24.770,6.511200
9,9.084,1.013,29.560,6.536000
11,11.088,2.026,20.750,6.536800
13,13.092,3.039,22.940,6.537600
15,15.096,0.552,25.130,6.538400
9,9.100,1.065,30.320,6.539200
11,11.104,2.078,21.510,6.540000
13,13.108,3.091,23.700,6.540800
15,15.112,0.604,25.890,6.541600
9,9.084,1.117,30.680,6.566400
11,11.088,2.130,20.050,6.567200
13,13.092,3.000,22.240,6.568000
15,15.096,0.513,24.430,6.568800
9,9.100,1.026,29.620,6.569600
11,11.104,2.039,20.810,6.570400
13,13.108,3.052,23.000,6.571200
15,15.112,0.565,25.190,6.572000
9,9.084,1.078,29.980,6.596800
11,11.088,2.091,21.170,6.597600
13,13.092,3.104,23.360,6.598400
15,15.096,0.617,25.550,6.599200
9,9.100,1.130,30.740,6.600000
11,11.104,2.000,21.930,6.600800
13,13.108,3.013,22.300,6.601600
15,15.112,0.526,24.490,6.602400
9,9.084,1.039,29.280,6.627200
11,11.088,2.052,20.470,6.628000
13,13.092,3.065,22.660,6.628800
15,15.096,0.578,24.850,6.629600
9,9.100,1.091,30.040,6.630400
11,11.104,2.104,21.230,6.631200
13,13.108,3.117,23.420,6.632000
15,15.112,0.630,25.610,6.632800
9,9.084,1.000,30.400,6.657600
11,11.088,2.013,21.590,6.658400
13,13.092,3.026,23.780,6.659200
15,15.096,0.539,24.150,6.660000
9,9.100,1.052,29.340,6.660800
11,11.104,2.065,20.530,6.661600
13,13.108,3.078,22.720,6.662400
15,15.112,0.591,24.910,6.663200
9,9.084,1.104,29.700,6.688000
11,11.088,2.117,20.890,6.688800
13,13.092,3.130,23.080,6.689600
15,15.096,0.500,25.270,6.690400
9,9.100,1.013,30.460,6.691200
11,11.104,2.026,21.650,6.692000
13,13.108,3.039,23.840,6.692800
15,15.112,0.552,26.030,6.693600
9,9.084,1.065,29.000,6.718400
11,11.088,2.078,20.190,6.719200
13,13.092,3.091,22.380,6.720000
15,15.096,0.604,24.570,6.720800
9,9.100,1.117,29.760,6.721600
11,11.104,2.130,20.950,6.722400
13,13.108,3.000,23.140,6.723200
15,15.112,0.513,25.330,6.724000
9,9.084,1.026,30.120,6.748800
11,11.088,2.039,21.310,6.749600
13,13.092,3.052,23.500,6.750400
15,15.096,0.565,25.690,6.751200
9,9.100,1.078,30.880,6.752000
11,11.104,2.091,20.250,6.752800
13,13.108,3.104,22.440,6.753600
15,15.112,0.617,24.630,6.754400
9,9.084,1.130,29.420,6.779200
11,11.088,2.000,20.610,6.780000
13,13.092,3.013,22.800,6.780800
15,15.096,0.526,24.990,6.781600
9,9.100,1.039,30.180,6.782400
11,11.104,2.052,21.370,6.783200
13,13.108,3.065,23.560,6.784000
15,15.112,0.578,25.750,6.784800
17,17.105,1.500,26.000,6.809600
19,19.109,2.513,28.190,6.810400
21,21.113,0.026,30.380,6.811200
23,23.117,1.039,21.570,6.812000
17,17.121,1.552,26.760,6.812800
19,19.125,2.565,28.950,6.813600
21,21.129,0.078,31.140,6.814400
23,23.133,1.091,22.330,6.815200
17,17.105,1.604,27.120,6.840000
19,19.109,2.617,29.310,6.840800
21,21.113,0.130,31.500,6.841600
23,23.117,1.000,22.690,6.842400
17,17.121,1.513,27.880,6.843200
19,19.125,2.526,28.250,6.844000
21,21.129,0.039,30.440,6.844800
23,23.133,1.052,21.630,6.845600
17,17.105,1.565,26.420,6.870400
19,19.109,2.578,28.610,6.871200
21,21.113,0.091,30.800,6.872000
23,23.117,1.104,21.990,6.872800
17,17.121,1.617,27.180,6.873600
19,19.125,2.630,29.370,6.874400
21,21.129,0.000,31.560,6.875200
23,23.133,1.013,22.750,6.876000
17,17.105,1.526,27.540,6.900800
19,19.109,2.539,29.730,6.901600
21,21.113,0.052,30.100,6.902400
23,23.117,1.065,21.290,6.903200
17,17.121,1.578,26.480,6.904000
19,19.125,2.591,28.670,6.904800
21,21.129,0.104,30.860,6.905600
23,23.133,1.117,22.050,6.906400
17,17.105,1.630,26.840,6.931200
19,19.109,2.500,29.030,6.932000
21,21.113,0.013,31.220,6.932800
23,23.117,1.026,22.410,6.933600
17,17.121,1.539,27.600,6.934400
19,19.125,2.552,29.790,6.935200
21,21.129,0.065,31.980,6.936000
23,23.133,1.078,21.350,6.936800
17,17.105,1.591,26.140,6.961600
19,19.109,2.604,28.330,6.962400
21,21.113,0.117,30.520,6.963200
23,23.117,1.130,21.710,6.964000
17,17.121,1.500,26.900,6.964800
19,19.125,2.513,29.090,6.965600
21,21.129,0.026,31.280,6.966400
23,23.133,1.039,22.470,6.967200
17,17.105,1.552,27.260,6.992000
19,19.109,2.565,29.450,6.992800
21,21.113,0.078,31.640,6.993600
23,23.117,1.091,22.830,6.994400
17,17.121,1.604,26.200,6.995200
19,19.125,2.617,28.390,6.996000
21,21.129,0.130,30.580,6.996800
23,23.133,1.000,21.770,6.997600
17,17.105,1.513,26.560,7.022400
19,19.109,2.526,28.750,7.023200
21,21.113,0.039,30.940,7.024000
23,23.117,1.052,22.130,7.024800
17,17.121,1.565,27.320,7.025600
19,19.125,2.578,29.510,7.026400
21,21.129,0.091,31.700,7.027200
23,23.133,1.104,22.890,7.028000
17,17.105,1.617,27.680,7.052800
19,19.109,2.630,28.050,7.053600
21,21.113,0.000,30.240,7.054400
23,23.117,1.013,21.430,7.055200
17,17.121,1.526,26.620,7.056000
19,19.125,2.539,28.810,7.056800
21,21.129,0.052,31.000,7.057600
23,23.133,1.065,22.190,7.058400
17,17.105,1.578,26.980,7.083200
19,19.109,2.591,29.170,7.084000
21,21.113,0.104,31.360,7.084800
23,23.117,1.117,22.550,7.085600
17,17.121,1.630,27.740,7.086400
19,19.125,2.500,29.930,7.087200
21,21.129,0.013,30.300,7.088000
23,23.133,1.026,21.490,7.088800
17,17.105,1.539,26.280,7.113600
19,19.109,2.552,28.470,7.114400
21,21.113,0.065,30.660,7.115200
23,23.117,1.078,21.850,7.116000
17,17.121,1.591,27.040,7.116800
19,19.125,2.604,29.230,7.117600
21,21.129,0.117,31.420,7.118400
23,23.133,1.130,22.610,7.119200
17,17.105,1.500,27.400,7.144000
19,19.109,2.513,29.590,7.144800
21,21.113,0.026,31.780,7.145600
23,23.117,1.039,21.150,7.146400
17,17.121,1.552,26.340,7.147200
19,19.125,2.565,28.530,7.148000
21,21.129,0.078,30.720,7.148800
23,23.133,1.091,21.910,7.149600
17,17.105,1.604,26.700,7.174400
19,19.109,2.617,28.890,7.175200
21,21.113,0.130,31.080,7.176000
23,23.117,1.000,22.270,7.176800
17,17.121,1.513,27.460,7.177600
19,19.125,2.526,29.650,7.178400
21,21.129,0.039,31.840,7.179200
23,23.133,1.052,23.030,7.180000
17,17.105,1.565,26.000,7.204800
19,19.109,2.578,28.190,7.205600
21,21.113,0.091,30.380,7.206400
23,23.117,1.104,21.570,7.207200
17,17.121,1.617,26.760,7.208000
19,19.125,2.630,28.950,7.208800
21,21.129,0.000,31.140,7.209600
23,23.133,1.013,22.330,7.210400
17,17.105,1.526,27.120,7.235200
19,19.109,2.539,29.310,7.236000
21,21.113,0.052,31.500,7.236800
23,23.117,1.065,22.690,7.237600
17,17.121,1.578,27.880,7.238400
19,19.125,2.591,28.250,7.239200
21,21.129,0.104,30.440,7.240000
23,23.133,1.117,21.630,7.240800
17,17.105,1.630,26.420,7.265600
19,19.109,2.500,28.610,7.266400
21,21.113,0.013,30.800,7.267200
23,23.117,1.026,21.990,7.268000
17,17.121,1.539,27.180,7.268800
19,19.125,2.552,29.370,7.269600
21,21.129,0.065,31.560,7.270400
23,23.133,1.078,22.750,7.271200
1,1.126,0.500,21.000,7.296000
3,3.130,1.513,23.190,7.296800
5,5.134,2.526,25.380,7.297600
7,7.138,0.039,27.570,7.298400
1,1.142,0.552,21.760,7.299200
3,3.146,1.565,23.950,7.300000
5,5.150,2.578,26.140,7.300800
7,7.154,0.091,28.330,7.301600
1,1.126,0.604,22.120,7.326400
3,3.130,1.617,24.310,7.327200
5,5.134,2.630,26.500,7.328000
7,7.138,0.000,28.690,7.328800
1,1.142,0.513,22.880,7.329600
3,3.146,1.526,23.250,7.330400
5,5.150,2.539,25.440,7.331200
7,7.154,0.052,27.630,7.332000
1,1.126,0.565,21.420,7.356800
3,3.130,1.578,23.610,7.357600
5,5.134,2.591,25.800,7.358400
7,7.138,0.104,27.990,7.359200
1,1.142,0.617,22.180,7.360000
3,3.146,1.630,24.370,7.360800
5,5.150,2.500,26.560,7.361600
7,7.154,0.013,28.750,7.362400
1,1.126,0.526,22.540,7.387200
3,3.130,1.539,24.730,7.388000
5,5.134,2.552,25.100,7.388800
7,7.138,0.065,27.290,7.389600
1,1.142,0.578,21.480,7.390400
3,3.146,1.591,23.670,7.391200
5,5.150,2.604,25.860,7.392000
7,7.154,0.117,28.050,7.392800
1,1.126,0.630,21.840,7.417600
3,3.130,1.500,24.030,7.418400
5,5.134,2.513,26.220,7.419200
7,7.138,0.026,28.410,7.420000
1,1.142,0.539,22.600,7.420800
3,3.146,1.552,24.790,7.421600
5,5.150,2.565,26.980,7.422400
7,7.154,0.078,27.350,7.423200
1,1.126,0.591,21.140,7.448000
3,3.130,1.604,23.330,7.448800
5,5.134,2.617,25.520,7.449600
7,7.138,0.130,27.710,7.450400
1,1.142,0.500,21.900,7.451200
3,3.146,1.513,24.090,7.452000
5,5.150,2.526,26.280,7.452800
7,7.154,0.039,28.470,7.453600
1,1.126,0.552,22.260,7.478400
3,3.130,1.565,24.450,7.479200
5,5.134,2.578,26.640,7.480000
7,7.138,0.091,28.830,7.480800
1,1.142,0.604,21.200,7.481600
3,3.146,1.617,23.390,7.482400
5,5.150,2.630,25.580,7.483200
7,7.154,0.000,27.770,7.484000
1,1.126,0.513,21.560,7.508800
3,3.130,1.526,23.750,7.509600
5,5.134,2.539,25.940,7.510400
7,7.138,0.052,28.130,7.511200
1,1.142,0.565,22.320,7.512000
3,3.146,1.578,24.510,7.512800
5,5.150,2.591,26.700,7.513600
7,7.154,0.104,28.890,7.514400
1,1.126,0.617,22.680,7.539200
3,3.130,1.630,23.050,7.540000
5,5.134,2.500,25.240,7.540800
7,7.138,0.013,27.430,7.541600
1,1.142,0.526,21.620,7.542400
3,3.146,1.539,23.810,7.543200
5,5.150,2.552,26.000,7.544000
7,7.154,0.065,28.190,7.544800
1,1.126,0.578,21.980,7.569600
3,3.130,1.591,24.170,7.570400
5,5.134,2.604,26.360,7.571200
7,7.138,0.117,28.550,7.572000
1,1.142,0.630,22.740,7.572800
3,3.146,1.500,24.930,7.573600
5,5.150,2.513,25.300,7.574400
7,7.154,0.026,27.490,7.575200
1,1.126,0.539,21.280,7.600000
3,3.130,1.552,23.470,7.600800
5,5.134,2.565,25.660,7.601600
7,7.138,0.078,27.850,7.602400
1,1.142,0.591,22.040,7.603200
3,3.146,1.604,24.230,7.604000
5,5.150,2.617,26.420,7.604800
7,7.154,0.130,28.610,7.605600
1,1.126,0.500,22.400,7.630400
3,3.130,1.513,24.590,7.631200
5,5.134,2.526,26.780,7.632000
7,7.138,0.039,27.150,7.632800
1,1.142,0.552,21.340,7.633600
3,3.146,1.565,23.530,7.634400
5,5.150,2.578,25.720,7.635200
7,7.154,0.091,27.910,7.636000
1,1.126,0.604,21.700,7.660800
3,3.130,1.617,23.890,7.661600
5,5.134,2.630,26.080,7.662400
7,7.138,0.000,28.270,7.663200
1,1.142,0.513,22.460,7.664000
3,3.146,1.526,24.650,7.664800
5,5.150,2.539,26.840,7.665600
7,7.154,0.052,29.030,7.666400
1,1.126,0.565,21.000,7.691200
3,3.130,1.578,23.190,7.692000
5,5.134,2.591,25.380,7.692800
7,7.138,0.104,27.570,7.693600
1,1.142,0.617,21.760,7.694400
3,3.146,1.630,23.950,7.695200
5,5.150,2.500,26.140,7.696000
7,7.154,0.013,28.330,7.696800
1,1.126,0.526,22.120,7.721600
3,3.130,1.539,24.310,7.722400
5,5.134,2.552,26.500,7.723200
7,7.138,0.065,28.690,7.724000
1,1.142,0.578,22.880,7.724800
3,3.146,1.591,23.250,7.725600
5,5.150,2.604,25.440,7.726400
7,7.154,0.117,27.630,7.727200
1,1.126,0.630,21.420,7.752000
3,3.130,1.500,23.610,7.752800
5,5.134,2.513,25.800,7.753600
7,7.138,0.026,27.990,7.754400
1,1.142,0.539,22.180,7.755200
3,3.146,1.552,24.370,7.756000
5,5.150,2.565,26.560,7.756800
7,7.154,0.078,28.750,7.757600
9,9.147,1.000,29.000,7.782400
11,11.151,2.013,20.190,7.783200
13,13.155,3.026,22.380,7.784000
15,15.159,0.539,24.570,7.784800
9,9.163,1.052,29.760,7.785600
11,11.167,2.065,20.950,7.786400
13,13.171,3.078,23.140,7.787200
15,15.175,0.591,25.330,7.788000
9,9.147,1.104,30.120,7.812800
11,11.151,2.117,21.310,7.813600
13,13.155,3.130,23.500,7.814400
15,15.159,0.500,25.690,7.815200
9,9.163,1.013,30.880,7.816000
11,11.167,2.026,20.250,7.816800
13,13.171,3.039,22.440,7.817600
15,15.175,0.552,24.630,7.818400
9,9.147,1.065,29.420,7.843200
11,11.151,2.078,20.610,7.844000
13,13.155,3.091,22.800,7.844800
15,15.159,0.604,24.990,7.845600
9,9.163,1.117,30.180,7.846400
11,11.167,2.130,21.370,7.847200
13,13.171,3.000,23.560,7.848000
15,15.175,0.513,25.750,7.848800
9,9.147,1.026,30.540,7.873600
11,11.151,2.039,21.730,7.874400
13,13.155,3.052,22.100,7.875200
15,15.159,0.565,24.290,7.876000
9,9.163,1.078,29.480,7.876800
11,11.167,2.091,20.670,7.877600
13,13.171,3.104,22.860,7.878400
15,15.175,0.617,25.050,7.879200
9,9.147,1.130,29.840,7.904000
11,11.151,2.000,21.030,7.904800
13,13.155,3.013,23.220,7.905600
15,15.159,0.526,25.410,7.906400
9,9.163,1.039,30.600,7.907200
11,11.167,2.052,21.790,7.908000
13,13.171,3.065,23.980,7.908800
15,15.175,0.578,24.350,7.909600
9,9.147,1.091,29.140,7.934400
11,11.151,2.104,20.330,7.935200
13,13.155,3.117,22.520,7.936000
15,15.159,0.630,24.710,7.936800
9,9.163,1.000,29.900,7.937600
11,11.167,2.013,21.090,7.938400
13,13.171,3.026,23.280,7.939200
15,15.175,0.539,25.470,7.940000
9,9.147,1.052,30.260,7.964800
11,11.151,2.065,21.450,7.965600
13,13.155,3.078,23.640,7.966400
15,15.159,0.591,25.830,7.967200
9,9.163,1.104,29.200,7.968000
11,11.167,2.117,20.390,7.968800
13,13.171,3.130,22.580,7.969600
15,15.175,0.500,24.770,7.970400
9,9.147,1.013,29.560,7.995200
11,11.151,2.026,20.750,7.996000
13,13.155,3.039,22.940,7.996800
15,15.159,0.552,25.130,7.997600
9,9.163,1.065,30.320,7.998400
11,11.167,2.078,21.510,7.999200
13,13.171,3.091,23.700,8.000000
15,15.175,0.604,25.890,8.000800
9,9.147,1.117,30.680,8.025600
11,11.151,2.130,20.050,8.026400
13,13.155,3.000,22.240,8.027200
15,15.159,0.513,24.430,8.028000
9,9.163,1.026,29.620,8.028800
11,11.167,2.039,20.810,8.029600
13,13.171,3.052,23.000,8.030400
15,15.175,0.565,25.190,8.031200
9,9.147,1.078,29.980,8.056000
11,11.151,2.091,21.170,8.056800
13,13.155,3.104,23.360,8.057600
15,15.159,0.617,25.550,8.058400
9,9.163,1.130,30.740,8.059200
11,11.167,2.000,21.930,8.060000
13,13.171,3.013,22.300,8.060800
15,15.175,0.526,24.490,8.061600
9,9.147,1.039,29.280,8.086400
11,11.151,2.052,20.470,8.087200
13,13.155,3.065,22.660,8.088000
15,15.159,0.578,24.850,8.088800
9,9.163,1.091,30.040,8.089600
11,11.167,2.104,21.230,8.090400
13,13.171,3.117,23.420,8.091200
15,15.175,0.630,25.610,8.092000
9,9.147,1.000,30.400,8.116800
11,11.151,2.013,21.590,8.117600
13,13.155,3.026,23.780,8.118400
15,15.159,0.539,24.150,8.119200
9,9.163,1.052,29.340,8.120000
11,11.167,2.065,20.530,8.120800
13,13.171,3.078,22.720,8.121600
15,15.175,0.591,24.910,8.122400
9,9.147,1.104,29.700,8.147200
11,11.151,2.117,20.890,8.148000
13,13.155,3.130,23.080,8.148800
15,15.159,0.500,25.270,8.149600
9,9.163,1.013,30.460,8.150400
11,11.167,2.026,21.650,8.151200
13,13.171,3.039,23.840,8.152000
15,15.175,0.552,26.030,8.152800
9,9.147,1.065,29.000,8.177600
11,11.151,2.078,20.190,8.178400
13,13.155,3.091,22.380,8.179200
15,15.159,0.604,24.570,8.180000
9,9.163,1.117,29.760,8.180800
11,11.167,2.130,20.950,8.181600
13,13.171,3.000,23.140,8.182400
15,15.175,0.513,25.330,8.183200
9,9.147,1.026,30.120,8.208000
11,11.151,2.039,21.310,8.208800
13,13.155,3.052,23.500,8.209600
15,15.159,0.565,25.690,8.210400
9,9.163,1.078,30.880,8.211200
11,11.167,2.091,20.250,8.212000
13,13.171,3.104,22.440,8.212800
15,15.175,0.617,24.630,8.213600
9,9.147,1.130,29.420,8.238400
11,11.151,2.000,20.610,8.239200
13,13.155,3.013,22.800,8.240000
15,15.159,0.526,24.990,8.240800
9,9.163,1.039,30.180,8.241600
11,11.167,2.052,21.370,8.242400
13,13.171,3.065,23.560,8.243200
15,15.175,0.578,25.750,8.244000
17,17.168,1.500,26.000,8.268800
19,19.172,2.513,28.190,8.269600
21,21.176,0.026,30.380,8.270400
23,23.180,1.039,21.570,8.271200
17,17.184,1.552,26.760,8.272000
19,19.188,2.565,28.950,8.272800
21,21.192,0.078,31.140,8.273600
23,23.196,1.091,22.330,8.274400
17,17.168,1.604,27.120,8.299200
19,19.172,2.617,29.310,8.300000
21,21.176,0.130,31.500,8.300800
23,23.180,1.000,22.690,8.301600
17,17.184,1.513,27.880,8.302400
19,19.188,2.526,28.250,8.303200
21,21.192,0.039,30.440,8.304000
23,23.196,1.052,21.630,8.304800
17,17.168,1.565,26.420,8.329600
19,19.172,2.578,28.610,8.330400
21,21.176,0.091,30.800,8.331200
23,23.180,1.104,21.990,8.332000
17,17.184,1.617,27.180,8.332800
19,19.188,2.630,29.370,8.333600
21,21.192,0.000,31.560,8.334400
23,23.196,1.013,22.750,8.335200
17,17.168,1.526,27.540,8.360000
19,19.172,2.539,29.730,8.360800
21,21.176,0.052,30.100,8.361600
23,23.180,1.065,21.290,8.362400
17,17.184,1.578,26.480,8.363200
19,19.188,2.591,28.670,8.364000
21,21.192,0.104,30.860,8.364800
23,23.196,1.117,22.050,8.365600
17,17.168,1.630,26.840,8.390400
19,19.172,2.500,29.030,8.391200
21,21.176,0.013,31.220,8.392000
23,23.180,1.026,22.410,8.392800
17,17.184,1.539,27.600,8.393600
19,19.188,2.552,29.790,8.394400
21,21.192,0.065,31.980,8.395200
23,23.196,1.078,21.350,8.396000
17,17.168,1.591,26.140,8.420800
19,19.172,2.604,28.330,8.421600
21,21.176,0.117,30.520,8.422400
23,23.180,1.130,21.710,8.423200
17,17.184,1.500,26.900,8.424000
19,19.188,2.513,29.090,8.424800
21,21.192,0.026,31.280,8.425600
23,23.196,1.039,22.470,8.426400
17,17.168,1.552,27.260,8.451200
19,19.172,2.565,29.450,8.452000
21,21.176,0.078,31.640,8.452800
23,23.180,1.091,22.830,8.453600
17,17.184,1.604,26.200,8.454400
19,19.188,2.617,28.390,8.455200
21,21.192,0.130,30.580,8.456000
23,23.196,1.000,21.770,8.456800
17,17.168,1.513,26.560,8.481600
19,19.172,2.526,28.750,8.482400
21,21.176,0.039,30.940,8.483200
23,23.180,1.052,22.130,8.484000
17,17.184,1.565,27.320,8.484800
19,19.188,2.578,29.510,8.485600
21,21.192,0.091,31.700,8.486400
23,23.196,1.104,22.890,8.487200
17,17.168,1.617,27.680,8.512000
19,19.172,2.630,28.050,8.512800
21,21.176,0.000,30.240,8.513600
23,23.180,1.013,21.430,8.514400
17,17.184,1.526,26.620,8.515200
19,19.188,2.539,28.810,8.516000
21,21.192,0.052,31.000,8.516800
23,23.196,1.065,22.190,8.517600
17,17.168,1.578,26.980,8.542400
19,19.172,2.591,29.170,8.543200
21,21.176,0.104,31.360,8.544000
23,23.180,1.117,22.550,8.544800
17,17.184,1.630,27.740,8.545600
19,19.188,2.500,29.930,8.546400
21,21.192,0.013,30.300,8.547200
23,23.196,1.026,21.490,8.548000
17,17.168,1.539,26.280,8.572800
19,19.172,2.552,28.470,8.573600
21,21.176,0.065,30.660,8.574400
23,23.180,1.078,21.850,8.575200
17,17.184,1.591,27.040,8.576000
19,19.188,2.604,29.230,8.576800
21,21.192,0.117,31.420,8.577600
23,23.196,1.130,22.610,8.578400
17,17.168,1.500,27.400,8.603200
19,19.172,2.513,29.590,8.604000
21,21.176,0.026,31.780,8.604800
23,23.180,1.039,21.150,8.605600
17,17.184,1.552,26.340,8.606400
19,19.188,2.565,28.530,8.607200
21,21.192,0.078,30.720,8.608000
23,23.196,1.091,21.910,8.608800
17,17.168,1.604,26.700,8.633600
19,19.172,2.617,28.890,8.634400
21,21.176,0.130,31.080,8.635200
23,23.180,1.000,22.270,8.636000
17,17.184,1.513,27.460,8.636800
19,19.188,2.526,29.650,8.637600
21,21.192,0.039,31.840,8.638400
23,23.196,1.052,23.030,8.639200
17,17.168,1.565,26.000,8.664000
19,19.172,2.578,28.190,8.664800
21,21.176,0.091,30.380,8.665600
23,23.180,1.104,21.570,8.666400
17,17.184,1.617,26.760,8.667200
19,19.188,2.630,28.950,8.668000
21,21.192,0.000,31.140,8.668800
23,23.196,1.013,22.330,8.669600
17,17.168,1.526,27.120,8.694400
19,19.172,2.539,29.310,8.695200
21,21.176,0.052,31.500,8.696000
23,23.180,1.065,22.690,8.696800
17,17.184,1.578,27.880,8.697600
19,19.188,2.591,28.250,8.698400
21,21.192,0.104,30.440,8.699200
23,23.196,1.117,21.630,8.700000
17,17.168,1.630,26.420,8.724800
19,19.172,2.500,28.610,8.725600
21,21.176,0.013,30.800,8.726400
23,23.180,1.026,21.990,8.727200
17,17.184,1.539,27.180,8.728000
19,19.188,2.552,29.370,8.728800
21,21.192,0.065,31.560,8.729600
23,23.196,1.078,22.750,8.730400
1,1.000,0.500,21.000,8.755200
3,3.004,1.513,23.190,8.756000
5,5.008,2.526,25.380,8.756800
7,7.012,0.039,27.570,8.757600
1,1.016,0.552,21.760,8.758400
3,3.020,1.565,23.950,8.759200
5,5.024,2.578,26.140,8.760000
7,7.028,0.091,28.330,8.760800
1,1.000,0.604,22.120,8.785600
3,3.004,1.617,24.310,8.786400
5,5.008,2.630,26.500,8.787200
7,7.012,0.000,28.690,8.788000
1,1.016,0.513,22.880,8.788800
3,3.020,1.526,23.250,8.789600
5,5.024,2.539,25.440,8.790400
7,7.028,0.052,27.630,8.791200
1,1.000,0.565,21.420,8.816000
3,3.004,1.578,23.610,8.816800
5,5.008,2.591,25.800,8.817600
7,7.012,0.104,27.990,8.818400
1,1.016,0.617,22.180,8.819200
3,3.020,1.630,24.370,8.820000
5,5.024,2.500,26.560,8.820800
7,7.028,0.013,28.750,8.821600
1,1.000,0.526,22.540,8.846400
3,3.004,1.539,24.730,8.847200
5,5.008,2.552,25.100,8.848000
7,7.012,0.065,27.290,8.848800
1,1.016,0.578,21.480,8.849600
3,3.020,1.591,23.670,8.850400
5,5.024,2.604,25.860,8.851200
7,7.028,0.117,28.050,8.852000
1,1.000,0.630,21.840,8.876800
3,3.004,1.500,24.030,8.877600
5,5.008,2.513,26.220,8.878400
7,7.012,0.026,28.410,8.879200
1,1.016,0.539,22.600,8.880000
3,3.020,1.552,24.790,8.880800
5,5.024,2.565,26.980,8.881600
7,7.028,0.078,27.350,8.882400
1,1.000,0.591,21.140,8.907200
3,3.004,1.604,23.330,8.908000
5,5.008,2.617,25.520,8.908800
7,7.012,0.130,27.710,8.909600
1,1.016,0.500,21.900,8.910400
3,3.020,1.513,24.090,8.911200
5,5.024,2.526,26.280,8.912000
7,7.028,0.039,28.470,8.912800
1,1.000,0.552,22.260,8.937600
3,3.004,1.565,24.450,8.938400
5,5.008,2.578,26.640,8.939200
7,7.012,0.091,28.830,8.940000
1,1.016,0.604,21.200,8.940800
3,3.020,1.617,23.390,8.941600
5,5.024,2.630,25.580,8.942400
7,7.028,0.000,27.770,8.943200
1,1.000,0.513,21.560,8.968000
3,3.004,1.526,23.750,8.968800
5,5.008,2.539,25.940,8.969600
7,7.012,0.052,28.130,8.970400
1,1.016,0.565,22.320,8.971200
3,3.020,1.578,24.510,8.972000
5,5.024,2.591,26.700,8.972800
7,7.028,0.104,28.890,8.973600
1,1.000,0.617,22.680,8.998400
3,3.004,1.630,23.050,8.999200
5,5.008,2.500,25.240,9.000000
7,7.012,0.013,27.430,9.000800
1,1.016,0.526,21.620,9.001600
3,3.020,1.539,23.810,9.002400
5,5.024,2.552,26.000,9.003200
7,7.028,0.065,28.190,9.004000
1,1.000,0.578,21.980,9.028800
3,3.004,1.591,24.170,9.029600
5,5.008,2.604,26.360,9.030400
7,7.012,0.117,28.550,9.031200
1,1.016,0.630,22.740,9.032000
3,3.020,1.500,24.930,9.032800
5,5.024,2.513,25.300,9.033600
7,7.028,0.026,27.490,9.034400
1,1.000,0.539,21.280,9.059200
3,3.004,1.552,23.470,9.060000
5,5.008,2.565,25.660,9.060800
7,7.012,0.078,27.850,9.061600
1,1.016,0.591,22.040,9.062400
3,3.020,1.604,24.230,9.063200
5,5.024,2.617,26.420,9.064000
7,7.028,0.130,28.610,9.064800
1,1.000,0.500,22.400,9.089600
3,3.004,1.513,24.590,9.090400
5,5.008,2.526,26.780,9.091200
7,7.012,0.039,27.150,9.092000
1,1.016,0.552,21.340,9.092800
3,3.020,1.565,23.530,9.093600
5,5.024,2.578,25.720,9.094400
7,7.028,0.091,27.910,9.095200
1,1.000,0.604,21.700,9.120000
3,3.004,1.617,23.890,9.120800
5,5.008,2.630,26.080,9.121600
7,7.012,0.000,28.270,9.122400
1,1.016,0.513,22.460,9.123200
3,3.020,1.526,24.650,9.124000
5,5.024,2.539,26.840,9.124800
7,7.028,0.052,29.030,9.125600
1,1.000,0.565,21.000,9.150400
3,3.004,1.578,23.190,9.151200
5,5.008,2.591,25.380,9.152000
7,7.012,0.104,27.570,9.152800
1,1.016,0.617,21.760,9.153600
3,3.020,1.630,23.950,9.154400
5,5.024,2.500,26.140,9.155200
7,7.028,0.013,28.330,9.156000
1,1.000,0.526,22.120,9.180800
3,3.004,1.539,24.310,9.181600
5,5.008,2.552,26.500,9.182400
7,7.012,0.065,28.690,9.183200
1,1.016,0.578,22.880,9.184000
3,3.020,1.591,23.250,9.184800
5,5.024,2.604,25.440,9.185600
7,7.028,0.117,27.630,9.186400
1,1.000,0.630,21.420,9.211200
3,3.004,1.500,23.610,9.212000
5,5.008,2.513,25.800,9.212800
7,7.012,0.026,27.990,9.213600
1,1.016,0.539,22.180,9.214400
3,3.020,1.552,24.370,9.215200
5,5.024,2.565,26.560,9.216000
7,7.028,0.078,28.750,9.216800
9,9.021,1.000,29.000,9.241600
11,11.025,2.013,20.190,9.242400
13,13.029,3.026,22.380,9.243200
15,15.033,0.539,24.570,9.244000
9,9.037,1.052,29.760,9.244800
11,11.041,2.065,20.950,9.245600
13,13.045,3.078,23.140,9.246400
15,15.049,0.591,25.330,9.247200
9,9.021,1.104,30.120,9.272000
11,11.025,2.117,21.310,9.272800
13,13.029,3.130,23.500,9.273600
15,15.033,0.500,25.690,9.274400
9,9.037,1.013,30.880,9.275200
11,11.041,2.026,20.250,9.276000
13,13.045,3.039,22.440,9.276800
15,15.049,0.552,24.630,9.277600
9,9.021,1.065,29.420,9.302400
11,11.025,2.078,20.610,9.303200
13,13.029,3.091,22.800,9.304000
15,15.033,0.604,24.990,9.304800
9,9.037,1.117,30.180,9.305600
11,11.041,2.130,21.370,9.306400
13,13.045,3.000,23.560,9.307200
15,15.049,0.513,25.750,9.308000
9,9.021,1.026,30.540,9.332800
11,11.025,2.039,21.730,9.333600
13,13.029,3.052,22.100,9.334400
15,15.033,0.565,24.290,9.335200
9,9.037,1.078,29.480,9.336000
11,11.041,2.091,20.670,9.336800
13,13.045,3.104,22.860,9.337600
15,15.049,0.617,25.050,9.338400
9,9.021,1.130,29.840,9.363200
11,11.025,2.000,21.030,9.364000
13,13.029,3.013,23.220,9.364800
15,15.033,0.526,25.410,9.365600
9,9.037,1.039,30.600,9.366400
11,11.041,2.052,21.790,9.367200
13,13.045,3.065,23.980,9.368000
15,15.049,0.578,24.350,9.368800
9,9.021,1.091,29.140,9.393600
11,11.025,2.104,20.330,9.394400
13,13.029,3.117,22.520,9.395200
15,15.033,0.630,24.710,9.396000
9,9.037,1.000,29.900,9.396800
11,11.041,2.013,21.090,9.397600
13,13.045,3.026,23.280,9.398400
15,15.049,0.539,25.470,9.399200
9,9.021,1.052,30.260,9.424000
11,11.025,2.065,21.450,9.424800
13,13.029,3.078,23.640,9.425600
15,15.033,0.591,25.830,9.426400
9,9.037,1.104,29.200,9.427200
11,11.041,2.117,20.390,9.428000
13,13.045,3.130,22.580,9.428800
15,15.049,0.500,24.770,9.429600
9,9.021,1.013,29.560,9.454400
11,11.025,2.026,20.750,9.455200
13,13.029,3.039,22.940,9.456000
15,15.033,0.552,25.130,9.456800
9,9.037,1.065,30.320,9.457600
11,11.041,2.078,21.510,9.458400
13,13.045,3.091,23.700,9.459200
15,15.049,0.604,25.890,9.460000
9,9.021,1.117,30.680,9.484800
11,11.025,2.130,20.050,9.485600
13,13.029,3.000,22.240,9.486400
15,15.033,0.513,24.430,9.487200
9,9.037,1.026,29.620,9.488000
11,11.041,2.039,20.810,9.488800
13,13.045,3.052,23.000,9.489600
15,15.049,0.565,25.190,9.490400
9,9.021,1.078,29.980,9.515200
11,11.025,2.091,21.170,9.516000
13,13.029,3.104,23.360,9.516800
15,15.033,0.617,25.550,9.517600
9,9.037,1.130,30.740,9.518400
11,11.041,2.000,21.930,9.519200
13,13.045,3.013,22.300,9.520000
15,15.049,0.526,24.490,9.520800
9,9.021,1.039,29.280,9.545600
11,11.025,2.052,20.470,9.546400
13,13.029,3.065,22.660,9.547200
15,15.033,0.578,24.850,9.548000
9,9.037,1.091,30.040,9.548800
11,11.041,2.104,21.230,9.549600
13,13.045,3.117,23.420,9.550400
15,15.049,0.630,25.610,9.551200
9,9.021,1.000,30.400,9.576000
11,11.025,2.013,21.590,9.576800
13,13.029,3.026,23.780,9.577600
15,15.033,0.539,24.150,9.578400
9,9.037,1.052,29.340,9.579200
11,11.041,2.065,20.530,9.580000
13,13.045,3.078,22.720,9.580800
15,15.049,0.591,24.910,9.581600
9,9.021,1.104,29.700,9.606400
11,11.025,2.117,20.890,9.607200
13,13.029,3.130,23.080,9.608000
15,15.033,0.500,25.270,9.608800
9,9.037,1.013,30.460,9.609600
11,11.041,2.026,21.650,9.610400
13,13.045,3.039,23.840,9.611200
15,15.049,0.552,26.030,9.612000
9,9.021,1.065,29.000,9.636800
11,11.025,2.078,20.190,9.637600
13,13.029,3.091,22.380,9.638400
15,15.033,0.604,24.570,9.639200
9,9.037,1.117,29.760,9.640000
11,11.041,2.130,20.950,9.640800
13,13.045,3.000,23.140,9.641600
15,15.049,0.513,25.330,9.642400
9,9.021,1.026,30.120,9.667200
11,11.025,2.039,21.310,9.668000
13,13.029,3.052,23.500,9.668800
15,15.033,0.565,25.690,9.669600
9,9.037,1.078,30.880,9.670400
11,11.041,2.091,20.250,9.671200
13,13.045,3.104,22.440,9.672000
15,15.049,0.617,24.630,9.672800
9,9.021,1.130,29.420,9.697600
11,11.025,2.000,20.610,9.698400
13,13.029,3.013,22.800,9.699200
15,15.033,0.526,24.990,9.700000
9,9.037,1.039,30.180,9.700800
11,11.041,2.052,21.370,9.701600
13,13.045,3.065,23.560,9.702400
15,15.049,0.578,25.750,9.703200
17,17.042,1.500,26.000,9.728000
19,19.046,2.513,28.190,9.728800
21,21.050,0.026,30.380,9.729600
23,23.054,1.039,21.570,9.730400
17,17.058,1.552,26.760,9.731200
19,19.062,2.565,28.950,9.732000
21,21.066,0.078,31.140,9.732800
23,23.070,1.091,22.330,9.733600
17,17.042,1.604,27.120,9.758400
19,19.046,2.617,29.310,9.759200
21,21.050,0.130,31.500,9.760000
23,23.054,1.000,22.690,9.760800
17,17.058,1.513,27.880,9.761600
19,19.062,2.526,28.250,9.762400
21,21.066,0.039,30.440,9.763200
23,23.070,1.052,21.630,9.764000
17,17.042,1.565,26.420,9.788800
19,19.046,2.578,28.610,9.789600
21,21.050,0.091,30.800,9.790400
23,23.054,1.104,21.990,9.791200
17,17.058,1.617,27.180,9.792000
19,19.062,2.630,29.370,9.792800
21,21.066,0.000,31.560,9.793600
23,23.070,1.013,22.750,9.794400
17,17.042,1.526,27.540,9.819200
19,19.046,2.539,29.730,9.820000
21,21.050,0.052,30.100,9.820800
23,23.054,1.065,21.290,9.821600
17,17.058,1.578,26.480,9.822400
19,19.062,2.591,28.670,9.823200
21,21.066,0.104,30.860,9.824000
23,23.070,1.117,22.050,9.824800
17,17.042,1.630,26.840,9.849600
19,19.046,2.500,29.030,9.850400
21,21.050,0.013,31.220,9.851200
23,23.054,1.026,22.410,9.852000
17,17.058,1.539,27.600,9.852800
19,19.062,2.552,29.790,9.853600
21,21.066,0.065,31.980,9.854400
23,23.070,1.078,21.350,9.855200
17,17.042,1.591,26.140,9.880000
19,19.046,2.604,28.330,9.880800
21,21.050,0.117,30.520,9.881600
23,23.054,1.130,21.710,9.882400
17,17.058,1.500,26.900,9.883200
19,19.062,2.513,29.090,9.884000
21,21.066,0.026,31.280,9.884800
23,23.070,1.039,22.470,9.885600
17,17.042,1.552,27.260,9.910400
19,19.046,2.565,29.450,9.911200
21,21.050,0.078,31.640,9.912000
23,23.054,1.091,22.830,9.912800
17,17.058,1.604,26.200,9.913600
19,19.062,2.617,28.390,9.914400
21,21.066,0.130,30.580,9.915200
23,23.070,1.000,21.770,9.916000
17,17.042,1.513,26.560,9.940800
19,19.046,2.526,28.750,9.941600
21,21.050,0.039,30.940,9.942400
23,23.054,1.052,22.130,9.943200
17,17.058,1.565,27.320,9.944000
19,19.062,2.578,29.510,9.944800
21,21.066,0.091,31.700,9.945600
23,23.070,1.104,22.890,9.946400
17,17.042,1.617,27.680,9.971200
19,19.046,2.630,28.050,9.972000
21,21.050,0.000,30.240,9.972800
23,23.054,1.013,21.430,9.973600
17,17.058,1.526,26.620,9.974400
19,19.062,2.539,28.810,9.975200
21,21.066,0.052,31.000,9.976000
23,23.070,1.065,22.190,9.976800
17,17.042,1.578,26.980,10.001600
19,19.046,2.591,29.170,10.002400
21,21.050,0.104,31.360,10.003200
23,23.054,1.117,22.550,10.004000
17,17.058,1.630,27.740,10.004800
19,19.062,2.500,29.930,10.005600
21,21.066,0.013,30.300,10.006400
23,23.070,1.026,21.490,10.007200
17,17.042,1.539,26.280,10.032000
19,19.046,2.552,28.470,10.032800
21,21.050,0.065,30.660,10.033600
23,23.054,1.078,21.850,10.034400
17,17.058,1.591,27.040,10.035200
19,19.062,2.604,29.230,10.036000
21,21.066,0.117,31.420,10.036800
23,23.070,1.130,22.610,10.037600
17,17.042,1.500,27.400,10.062400
19,19.046,2.513,29.590,10.063200
21,21.050,0.026,31.780,10.064000
23,23.054,1.039,21.150,10.064800
17,17.058,1.552,26.340,10.065600
19,19.062,2.565,28.530,10.066400
21,21.066,0.078,30.720,10.067200
23,23.070,1.091,21.910,10.068000
17,17.042,1.604,26.700,10.092800
19,19.046,2.617,28.890,10.093600
21,21.050,0.130,31.080,10.094400
23,23.054,1.000,22.270,10.095200
17,17.058,1.513,27.460,10.096000
19,19.062,2.526,29.650,10.096800
21,21.066,0.039,31.840,10.097600
23,23.070,1.052,23.030,10.098400
17,17.042,1.565,26.000,10.123200
19,19.046,2.578,28.190,10.124000
21,21.050,0.091,30.380,10.124800
23,23.054,1.104,21.570,10.125600
17,17.058,1.617,26.760,10.126400
19,19.062,2.630,28.950,10.127200
21,21.066,0.000,31.140,10.128000
23,23.070,1.013,22.330,10.128800
17,17.042,1.526,27.120,10.153600
19,19.046,2.539,29.310,10.154400
21,21.050,0.052,31.500,10.155200
23,23.054,1.065,22.690,10.156000
17,17.058,1.578,27.880,10.156800
19,19.062,2.591,28.250,10.157600
21,21.066,0.104,30.440,10.158400
23,23.070,1.117,21.630,10.159200
17,17.042,1.630,26.420,10.184000
19,19.046,2.500,28.610,10.184800
21,21.050,0.013,30.800,10.185600
23,23.054,1.026,21.990,10.186400
17,17.058,1.539,27.180,10.187200
19,19.062,2.552,29.370,10.188000
21,21.066,0.065,31.560,10.188800
23,23.070,1.078,22.750,10.189600
1,1.063,0.500,21.000,10.214400
3,3.067,1.513,23.190,10.215200
5,5.071,2.526,25.380,10.216000
7,7.075,0.039,27.570,10.216800
1,1.079,0.552,21.760,10.217600
3,3.083,1.565,23.950,10.218400
5,5.087,2.578,26.140,10.219200
7,7.091,0.091,28.330,10.220000
1,1.063,0.604,22.120,10.244800
3,3.067,1.617,24.310,10.245600
5,5.071,2.630,26.500,10.246400
7,7.075,0.000,28.690,10.247200
1,1.079,0.513,22.880,10.248000
3,3.083,1.526,23.250,10.248800
5,5.087,2.539,25.440,10.249600
7,7.091,0.052,27.630,10.250400
1,1.063,0.565,21.420,10.275200
3,3.067,1.578,23.610,10.276000
5,5.071,2.591,25.800,10.276800
7,7.075,0.104,27.990,10.277600
1,1.079,0.617,22.180,10.278400
3,3.083,1.630,24.370,10.279200
5,5.087,2.500,26.560,10.280000
7,7.091,0.013,28.750,10.280800
1,1.063,0.526,22.540,10.305600
3,3.067,1.539,24.730,10.306400
5,5.071,2.552,25.100,10.307200
7,7.075,0.065,27.290,10.308000
1,1.079,0.578,21.480,10.308800
3,3.083,1.591,23.670,10.309600
5,5.087,2.604,25.860,10.310400
7,7.091,0.117,28.050,10.311200
1,1.063,0.630,21.840,10.336000
3,3.067,1.500,24.030,10.336800
5,5.071,2.513,26.220,10.337600
7,7.075,0.026,28.410,10.338400
1,1.079,0.539,22.600,10.339200
3,3.083,1.552,24.790,10.340000
5,5.087,2.565,26.980,10.340800
7,7.091,0.078,27.350,10.341600
1,1.063,0.591,21.140,10.366400
3,3.067,1.604,23.330,10.367200
5,5.071,2.617,25.520,10.368000
7,7.075,0.130,27.710,10.368800
1,1.079,0.500,21.900,10.369600
3,3.083,1.513,24.090,10.370400
5,5.087,2.526,26.280,10.371200
7,7.091,0.039,28.470,10.372000
1,1.063,0.552,22.260,10.396800
3,3.067,1.565,24.450,10.397600
5,5.071,2.578,26.640,10.398400
7,7.075,0.091,28.830,10.399200
1,1.079,0.604,21.200,10.400000
3,3.083,1.617,23.390,10.400800
5,5.087,2.630,25.580,10.401600
7,7.091,0.000,27.770,10.402400
1,1.063,0.513,21.560,10.427200
3,3.067,1.526,23.750,10.428000
5,5.071,2.539,25.940,10.428800
7,7.075,0.052,28.130,10.429600
1,1.079,0.565,22.320,10.430400
3,3.083,1.578,24.510,10.431200
5,5.087,2.591,26.700,10.432000
7,7.091,0.104,28.890,10.432800
1,1.063,0.617,22.680,10.457600
3,3.067,1.630,23.050,10.458400
5,5.071,2.500,25.240,10.459200
7,7.075,0.013,27.430,10.460000
1,1.079,0.526,21.620,10.460800
3,3.083,1.539,23.810,10.461600
5,5.087,2.552,26.000,10.462400
7,7.091,0.065,28.190,10.463200
1,1.063,0.578,21.980,10.488000
3,3.067,1.591,24.170,10.488800
5,5.071,2.604,26.360,10.489600
7,7.075,0.117,28.550,10.490400
1,1.079,0.630,22.740,10.491200
3,3.083,1.500,24.930,10.492000
5,5.087,2.513,25.300,10.492800
7,7.091,0.026,27.490,10.493600
1,1.063,0.539,21.280,10.518400
3,3.067,1.552,23.470,10.519200
5,5.071,2.565,25.660,10.520000
7,7.075,0.078,27.850,10.520800
1,1.079,0.591,22.040,10.521600
3,3.083,1.604,24.230,10.522400
5,5.087,2.617,26.420,10.523200
7,7.091,0.130,28.610,10.524000
1,1.063,0.500,22.400,10.548800
3,3.067,1.513,24.590,10.549600
5,5.071,2.526,26.780,10.550400
7,7.075,0.039,27.150,10.551200
1,1.079,0.552,21.340,10.552000
3,3.083,1.565,23.530,10.552800
5,5.087,2.578,25.720,10.553600
7,7.091,0.091,27.910,10.554400
1,1.063,0.604,21.700,10.579200
3,3.067,1.617,23.890,10.580000
5,5.071,2.630,26.080,10.580800
7,7.075,0.000,28.270,10.581600
1,1.079,0.513,22.460,10.582400
3,3.083,1.526,24.650,10.583200
5,5.087,2.539,26.840,10.584000
7,7.091,0.052,29.030,10.584800
1,1.063,0.565,21.000,10.609600
3,3.067,1.578,23.190,10.610400
5,5.071,2.591,25.380,10.611200
7,7.075,0.104,27.570,10.612000
1,1.079,0.617,21.760,10.612800
3,3.083,1.630,23.950,10.613600
5,5.087,2.500,26.140,10.614400
7,7.091,0.013,28.330,10.615200
1,1.063,0.526,22.120,10.640000
3,3.067,1.539,24.310,10.640800
5,5.071,2.552,26.500,10.641600
7,7.075,0.065,28.690,10.642400
1,1.079,0.578,22.880,10.643200
3,3.083,1.591,23.250,10.644000
5,5.087,2.604,25.440,10.644800
7,7.091,0.117,27.630,10.645600
1,1.063,0.630,21.420,10.670400
3,3.067,1.500,23.610,10.671200
5,5.071,2.513,25.800,10.672000
7,7.075,0.026,27.990,10.672800
1,1.079,0.539,22.180,10.673600
3,3.083,1.552,24.370,10.674400
5,5.087,2.565,26.560,10.675200
7,7.091,0.078,28.750,10.676000
9,9.084,1.000,29.000,10.700800
11,11.088,2.013,20.190,10.701600
13,13.092,3.026,22.380,10.702400
15,15.096,0.539,24.570,10.703200
9,9.100,1.052,29.760,10.704000
11,11.104,2.065,20.950,10.704800
13,13.108,3.078,23.140,10.705600
15,15.112,0.591,25.330,10.706400
9,9.084,1.104,30.120,10.731200
11,11.088,2.117,21.310,10.732000
13,13.092,3.130,23.500,10.732800
15,15.096,0.500,25.690,10.733600
9,9.100,1.013,30.880,10.734400
11,11.104,2.026,20.250,10.735200
13,13.108,3.039,22.440,10.736000
15,15.112,0.552,24.630,10.736800
9,9.084,1.065,29.420,10.761600
11,11.088,2.078,20.610,10.762400
13,13.092,3.091,22.800,10.763200
15,15.096,0.604,24.990,10.764000
9,9.100,1.117,30.180,10.764800
11,11.104,2.130,21.370,10.765600
13,13.108,3.000,23.560,10.766400
15,15.112,0.513,25.750,10.767200
9,9.084,1.026,30.540,10.792000
11,11.088,2.039,21.730,10.792800
13,13.092,3.052,22.100,10.793600
15,15.096,0.565,24.290,10.794400
9,9.100,1.078,29.480,10.795200
11,11.104,2.091,20.670,10.796000
13,13.108,3.104,22.860,10.796800
15,15.112,0.617,25.050,10.797600
9,9.084,1.130,29.840,10.822400
11,11.088,2.000,21.030,10.823200
13,13.092,3.013,23.220,10.824000
15,15.096,0.526,25.410,10.824800
9,9.100,1.039,30.600,10.825600
11,11.104,2.052,21.790,10.826400
13,13.108,3.065,23.980,10.827200
15,15.112,0.578,24.350,10.828000
9,9.084,1.091,29.140,10.852800
11,11.088,2.104,20.330,10.853600
13,13.092,3.117,22.520,10.854400
15,15.096,0.630,24.710,10.855200
9,9.100,1.000,29.900,10.856000
11,11.104,2.013,21.090,10.856800
13,13.108,3.026,23.280,10.857600
15,15.112,0.539,25.470,10.858400
9,9.084,1.052,30.260,10.883200
11,11.088,2.065,21.450,10.884000
13,13.092,3.078,23.640,10.884800
15,15.096,0.591,25.830,10.885600
9,9.100,1.104,29.200,10.886400
11,11.104,2.117,20.390,10.887200
13,13.108,3.130,22.580,10.888000
15,15.112,0.500,24.770,10.888800
9,9.084,1.013,29.560,10.913600
11,11.088,2.026,20.750,10.914400
13,13.092,3.039,22.940,10.915200
15,15.096,0.552,25.130,10.916000
9,9.100,1.065,30.320,10.916800
11,11.104,2.078,21.510,10.917600
13,13.108,3.091,23.700,10.918400
15,15.112,0.604,25.890,10.919200
9,9.084,1.117,30.680,10.944000
11,11.088,2.130,20.050,10.944800
13,13.092,3.000,22.240,10.945600
15,15.096,0.513,24.430,10.946400
9,9.100,1.026,29.620,10.947200
11,11.104,2.039,20.810,10.948000
13,13.108,3.052,23.000,10.948800
15,15.112,0.565,25.190,10.949600
9,9.084,1.078,29.980,10.974400
11,11.088,2.091,21.170,10.975200
13,13.092,3.104,23.360,10.976000
15,15.096,0.617,25.550,10.976800
9,9.100,1.130,30.740,10.977600
11,11.104,2.000,21.930,10.978400
13,13.108,3.013,22.300,10.979200
15,15.112,0.526,24.490,10.980000
9,9.084,1.039,29.280,11.004800
11,11.088,2.052,20.470,11.005600
13,13.092,3.065,22.660,11.006400
15,15.096,0.578,24.850,11.007200
9,9.100,1.091,30.040,11.008000
11,11.104,2.104,21.230,11.008800
13,13.108,3.117,23.420,11.009600
15,15.112,0.630,25.610,11.010400
9,9.084,1.000,30.400,11.035200
11,11.088,2.013,21.590,11.036000
13,13.092,3.026,23.780,11.036800
15,15.096,0.539,24.150,11.037600
9,9.100,1.052,29.340,11.038400
11,11.104,2.065,20.530,11.039200
13,13.108,3.078,22.720,11.040000
15,15.112,0.591,24.910,11.040800
9,9.084,1.104,29.700,11.065600
11,11.088,2.117,20.890,11.066400
13,13.092,3.130,23.080,11.067200
15,15.096,0.500,25.270,11.068000
9,9.100,1.013,30.460,11.068800
11,11.104,2.026,21.650,11.069600
13,13.108,3.039,23.840,11.070400
15,15.112,0.552,26.030,11.071200
9,9.084,1.065,29.000,11.096000
11,11.088,2.078,20.190,11.096800
13,13.092,3.091,22.380,11.097600
15,15.096,0.604,24.570,11.098400
9,9.100,1.117,29.760,11.099200
11,11.104,2.130,20.950,11.100000
13,13.108,3.000,23.140,11.100800
15,15.112,0.513,25.330,11.101600
9,9.084,1.026,30.120,11.126400
11,11.088,2.039,21.310,11.127200
13,13.092,3.052,23.500,11.128000
15,15.096,0.565,25.690,11.128800
9,9.100,1.078,30.880,11.129600
11,11.104,2.091,20.250,11.130400
13,13.108,3.104,22.440,11.131200
15,15.112,0.617,24.630,11.132000
9,9.084,1.130,29.420,11.156800
11,11.088,2.000,20.610,11.157600
13,13.092,3.013,22.800,11.158400
15,15.096,0.526,24.990,11.159200
9,9.100,1.039,30.180,11.160000
11,11.104,2.052,21.370,11.160800
13,13.108,3.065,23.560,11.161600
15,15.112,0.578,25.750,11.162400
17,17.105,1.500,26.000,11.187200
19,19.109,2.513,28.190,11.188000
21,21.113,0.026,30.380,11.188800
23,23.117,1.039,21.570,11.189600
17,17.121,1.552,26.760,11.190400
19,19.125,2.565,28.950,11.191200
21,21.129,0.078,31.140,11.192000
23,23.133,1.091,22.330,11.192800
17,17.105,1.604,27.120,11.217600
19,19.109,2.617,29.310,11.218400
21,21.113,0.130,31.500,11.219200
23,23.117,1.000,22.690,11.220000
17,17.121,1.513,27.880,11.220800
19,19.125,2.526,28.250,11.221600
21,21.129,0.039,30.440,11.222400
23,23.133,1.052,21.630,11.223200
17,17.105,1.565,26.420,11.248000
19,19.109,2.578,28.610,11.248800
21,21.113,0.091,30.800,11.249600
23,23.117,1.104,21.990,11.250400
17,17.121,1.617,27.180,11.251200
19,19.125,2.630,29.370,11.252000
21,21.129,0.000,31.560,11.252800
23,23.133,1.013,22.750,11.253600
17,17.105,1.526,27.540,11.278400
19,19.109,2.539,29.730,11.279200
21,21.113,0.052,30.100,11.280000
23,23.117,1.065,21.290,11.280800
17,17.121,1.578,26.480,11.281600
19,19.125,2.591,28.670,11.282400
21,21.129,0.104,30.860,11.283200
23,23.133,1.117,22.050,11.284000
17,17.105,1.630,26.840,11.308800
19,19.109,2.500,29.030,11.309600
21,21.113,0.013,31.220,11.310400
23,23.117,1.026,22.410,11.311200
17,17.121,1.539,27.600,11.312000
19,19.125,2.552,29.790,11.312800
21,21.129,0.065,31.980,11.313600
23,23.133,1.078,21.350,11.314400
17,17.105,1.591,26.140,11.339200
19,19.109,2.604,28.330,11.340000
21,21.113,0.117,30.520,11.340800
23,23.117,1.130,21.710,11.341600
17,17.121,1.500,26.900,11.342400
19,19.125,2.513,29.090,11.343200
21,21.129,0.026,31.280,11.344000
23,23.133,1.039,22.470,11.344800
17,17.105,1.552,27.260,11.369600
19,19.109,2.565,29.450,11.370400
21,21.113,0.078,31.640,11.371200
23,23.117,1.091,22.830,11.372000
17,17.121,1.604,26.200,11.372800
19,19.125,2.617,28.390,11.373600
21,21.129,0.130,30.580,11.374400
23,23.133,1.000,21.770,11.375200
17,17.105,1.513,26.560,11.400000
19,19.109,2.526,28.750,11.400800
21,21.113,0.039,30.940,11.401600
23,23.117,1.052,22.130,11.402400
17,17.121,1.565,27.320,11.403200
19,19.125,2.578,29.510,11.404000
21,21.129,0.091,31.700,11.404800
23,23.133,1.104,22.890,11.405600
17,17.105,1.617,27.680,11.430400
19,19.109,2.630,28.050,11.431200
21,21.113,0.000,30.240,11.432000
23,23.117,1.013,21.430,11.432800
17,17.121,1.526,26.620,11.433600
19,19.125,2.539,28.810,11.434400
21,21.129,0.052,31.000,11.435200
23,23.133,1.065,22.190,11.436000
17,17.105,1.578,26.980,11.460800
19,19.109,2.591,29.170,11.461600
21,21.113,0.104,31.360,11.462400
23,23.117,1.117,22.550,11.463200
17,17.121,1.630,27.740,11.464000
19,19.125,2.500,29.930,11.464800
21,21.129,0.013,30.300,11.465600
23,23.133,1.026,21.490,11.466400
17,17.105,1.539,26.280,11.491200
19,19.109,2.552,28.470,11.492000
21,21.113,0.065,30.660,11.492800
23,23.117,1.078,21.850,11.493600
17,17.121,1.591,27.040,11.494400
19,19.125,2.604,29.230,11.495200
21,21.129,0.117,31.420,11.496000
23,23.133,1.130,22.610,11.496800
17,17.105,1.500,27.400,11.521600
19,19.109,2.513,29.590,11.522400
21,21.113,0.026,31.780,11.523200
23,23.117,1.039,21.150,11.524000
17,17.121,1.552,26.340,11.524800
19,19.125,2.565,28.530,11.525600
21,21.129,0.078,30.720,11.526400
23,23.133,1.091,21.910,11.527200
17,17.105,1.604,26.700,11.552000
19,19.109,2.617,28.890,11.552800
21,21.113,0.130,31.080,11.553600
23,23.117,1.000,22.270,11.554400
17,17.121,1.513,27.460,11.555200
19,19.125,2.526,29.650,11.556000
21,21.129,0.039,31.840,11.556800
23,23.133,1.052,23.030,11.557600
17,17.105,1.565,26.000,11.582400
19,19.109,2.578,28.190,11.583200
21,21.113,0.091,30.380,11.584000
23,23.117,1.104,21.570,11.584800
17,17.121,1.617,26.760,11.585600
19,19.125,2.630,28.950,11.586400
21,21.129,0.000,31.140,11.587200
23,23.133,1.013,22.330,11.588000
17,17.105,1.526,27.120,11.612800
19,19.109,2.539,29.310,11.613600
21,21.113,0.052,31.500,11.614400
23,23.117,1.065,22.690,11.615200
17,17.121,1.578,27.880,11.616000
19,19.125,2.591,28.250,11.616800
21,21.129,0.104,30.440,11.617600
23,23.133,1.117,21.630,11.618400
17,17.105,1.630,26.420,11.643200
19,19.109,2.500,28.610,11.644000
21,21.113,0.013,30.800,11.644800
23,23.117,1.026,21.990,11.645600
17,17.121,1.539,27.180,11.646400
19,19.125,2.552,29.370,11.647200
21,21.129,0.065,31.560,11.648000
23,23.133,1.078,22.750,11.648800
1,1.126,0.500,21.000,11.673600
3,3.130,1.513,23.190,11.674400
5,5.134,2.526,25.380,11.675200
7,7.138,0.039,27.570,11.676000
1,1.142,0.552,21.760,11.676800
3,3.146,1.565,23.950,11.677600
5,5.150,2.578,26.140,11.678400
7,7.154,0.091,28.330,11.679200
1,1.126,0.604,22.120,11.704000
3,3.130,1.617,24.310,11.704800
5,5.134,2.630,26.500,11.705600
7,7.138,0.000,28.690,11.706400
1,1.142,0.513,22.880,11.707200
3,3.146,1.526,23.250,11.708000
5,5.150,2.539,25.440,11.708800
7,7.154,0.052,27.630,11.709600
1,1.126,0.565,21.420,11.734400
3,3.130,1.578,23.610,11.735200
5,5.134,2.591,25.800,11.736000
7,7.138,0.104,27.990,11.736800
1,1.142,0.617,22.180,11.737600
3,3.146,1.630,24.370,11.738400
5,5.150,2.500,26.560,11.739200
7,7.154,0.013,28.750,11.740000
1,1.126,0.526,22.540,11.764800
3,3.130,1.539,24.730,11.765600
5,5.134,2.552,25.100,11.766400
7,7.138,0.065,27.290,11.767200
1,1.142,0.578,21.480,11.768000
3,3.146,1.591,23.670,11.768800
5,5.150,2.604,25.860,11.769600
7,7.154,0.117,28.050,11.770400
1,1.126,0.630,21.840,11.795200
3,3.130,1.500,24.030,11.796000
5,5.134,2.513,26.220,11.796800
7,7.138,0.026,28.410,11.797600
1,1.142,0.539,22.600,11.798400
3,3.146,1.552,24.790,11.799200
5,5.150,2.565,26.980,11.800000
7,7.154,0.078,27.350,11.800800
1,1.126,0.591,21.140,11.825600
3,3.130,1.604,23.330,11.826400
5,5.134,2.617,25.520,11.827200
7,7.138,0.130,27.710,11.828000
1,1.142,0.500,21.900,11.828800
3,3.146,1.513,24.090,11.829600
5,5.150,2.526,26.280,11.830400
7,7.154,0.039,28.470,11.831200
1,1.126,0.552,22.260,11.856000
3,3.130,1.565,24.450,11.856800
5,5.134,2.578,26.640,11.857600
7,7.138,0.091,28.830,11.858400
1,1.142,0.604,21.200,11.859200
3,3.146,1.617,23.390,11.860000
5,5.150,2.630,25.580,11.860800
7,7.154,0.000,27.770,11.861600
1,1.126,0.513,21.560,11.886400
3,3.130,1.526,23.750,11.887200
5,5.134,2.539,25.940,11.888000
7,7.138,0.052,28.130,11.888800
1,1.142,0.565,22.320,11.889600
3,3.146,1.578,24.510,11.890400
5,5.150,2.591,26.700,11.891200
7,7.154,0.104,28.890,11.892000
1,1.126,0.617,22.680,11.916800
3,3.130,1.630,23.050,11.917600
5,5.134,2.500,25.240,11.918400
7,7.138,0.013,27.430,11.919200
1,1.142,0.526,21.620,11.920000
3,3.146,1.539,23.810,11.920800
5,5.150,2.552,26.000,11.921600
7,7.154,0.065,28.190,11.922400
1,1.126,0.578,21.980,11.947200
3,3.130,1.591,24.170,11.948000
5,5.134,2.604,26.360,11.948800
7,7.138,0.117,28.550,11.949600
1,1.142,0.630,22.740,11.950400
3,3.146,1.500,24.930,11.951200
5,5.150,2.513,25.300,11.952000
7,7.154,0.026,27.490,11.952800
1,1.126,0.539,21.280,11.977600
3,3.130,1.552,23.470,11.978400
5,5.134,2.565,25.660,11.979200
7,7.138,0.078,27.850,11.980000
1,1.142,0.591,22.040,11.980800
3,3.146,1.604,24.230,11.981600
5,5.150,2.617,26.420,11.982400
7,7.154,0.130,28.610,11.983200
1,1.126,0.500,22.400,12.008000
3,3.130,1.513,24.590,12.008800
5,5.134,2.526,26.780,12.009600
7,7.138,0.039,27.150,12.010400
1,1.142,0.552,21.340,12.011200
3,3.146,1.565,23.530,12.012000
5,5.150,2.578,25.720,12.012800
7,7.154,0.091,27.910,12.013600
1,1.126,0.604,21.700,12.038400
3,3.130,1.617,23.890,12.039200
5,5.134,2.630,26.080,12.040000
7,7.138,0.000,28.270,12.040800
1,1.142,0.513,22.460,12.041600
3,3.146,1.526,24.650,12.042400
5,5.150,2.539,26.840,12.043200
7,7.154,0.052,29.030,12.044000
1,1.126,0.565,21.000,12.068800
3,3.130,1.578,23.190,12.069600
5,5.134,2.591,25.380,12.070400
7,7.138,0.104,27.570,12.071200
1,1.142,0.617,21.760,12.072000
3,3.146,1.630,23.950,12.072800
5,5.150,2.500,26.140,12.073600
7,7.154,0.013,28.330,12.074400
1,1.126,0.526,22.120,12.099200
3,3.130,1.539,24.310,12.100000
5,5.134,2.552,26.500,12.100800
7,7.138,0.065,28.690,12.101600
1,1.142,0.578,22.880,12.102400
3,3.146,1.591,23.250,12.103200
5,5.150,2.604,25.440,12.104000
7,7.154,0.117,27.630,12.104800
1,1.126,0.630,21.420,12.129600
3,3.130,1.500,23.610,12.130400
5,5.134,2.513,25.800,12.131200
7,7.138,0.026,27.990,12.132000
1,1.142,0.539,22.180,12.132800
3,3.146,1.552,24.370,12.133600
5,5.150,2.565,26.560,12.134400
7,7.154,0.078,28.750,12.135200
9,9.147,1.000,29.000,12.160000
11,11.151,2.013,20.190,12.160800
13,13.155,3.026,22.380,12.161600
15,15.159,0.539,24.570,12.162400
9,9.163,1.052,29.760,12.163200
11,11.167,2.065,20.950,12.164000
13,13.171,3.078,23.140,12.164800
15,15.175,0.591,25.330,12.165600
9,9.147,1.104,30.120,12.190400
11,11.151,2.117,21.310,12.191200
13,13.155,3.130,23.500,12.192000
15,15.159,0.500,25.690,12.192800
9,9.163,1.013,30.880,12.193600
11,11.167,2.026,20.250,12.194400
13,13.171,3.039,22.440,12.195200
15,15.175,0.552,24.630,12.196000
9,9.147,1.065,29.420,12.220800
11,11.151,2.078,20.610,12.221600
13,13.155,3.091,22.800,12.222400
15,15.159,0.604,24.990,12.223200
9,9.163,1.117,30.180,12.224000
11,11.167,2.130,21.370,12.224800
13,13.171,3.000,23.560,12.225600
15,15.175,0.513,25.750,12.226400
9,9.147,1.026,30.540,12.251200
11,11.151,2.039,21.730,12.252000
13,13.155,3.052,22.100,12.252800
15,15.159,0.565,24.290,12.253600
9,9.163,1.078,29.480,12.254400
11,11.167,2.091,20.670,12.255200
13,13.171,3.104,22.860,12.256000
15,15.175,0.617,25.050,12.256800
9,9.147,1.130,29.840,12.281600
11,11.151,2.000,21.030,12.282400
13,13.155,3.013,23.220,12.283200
15,15.159,0.526,25.410,12.284000
9,9.163,1.039,30.600,12.284800
11,11.167,2.052,21.790,12.285600
13,13.171,3.065,23.980,12.286400
15,15.175,0.578,24.350,12.287200
9,9.147,1.091,29.140,12.312000
11,11.151,2.104,20.330,12.312800
13,13.155,3.117,22.520,12.313600
15,15.159,0.630,24.710,12.314400
9,9.163,1.000,29.900,12.315200
11,11.167,2.013,21.090,12.316000
13,13.171,3.026,23.280,12.316800
15,15.175,0.539,25.470,12.317600
9,9.147,1.052,30.260,12.342400
11,11.151,2.065,21.450,12.343200
13,13.155,3.078,23.640,12.344000
15,15.159,0.591,25.830,12.344800
9,9.163,1.104,29.200,12.345600
11,11.167,2.117,20.390,12.346400
13,13.171,3.130,22.580,12.347200
15,15.175,0.500,24.770,12.348000
9,9.147,1.013,29.560,12.372800
11,11.151,2.026,20.750,12.373600
13,13.155,3.039,22.940,12.374400
15,15.159,0.552,25.130,12.375200
9,9.163,1.065,30.320,12.376000
11,11.167,2.078,21.510,12.376800
13,13.171,3.091,23.700,12.377600
15,15.175,0.604,25.890,12.378400
9,9.147,1.117,30.680,12.403200
11,11.151,2.130,20.050,12.404000
13,13.155,3.000,22.240,12.404800
15,15.159,0.513,24.430,12.405600
9,9.163,1.026,29.620,12.406400
11,11.167,2.039,20.810,12.407200
13,13.171,3.052,23.000,12.408000
15,15.175,0.565,25.190,12.408800
9,9.147,1.078,29.980,12.433600
11,11.151,2.091,21.170,12.434400
13,13.155,3.104,23.360,12.435200
15,15.159,0.617,25.550,12.436000
9,9.163,1.130,30.740,12.436800
11,11.167,2.000,21.930,12.437600
13,13.171,3.013,22.300,12.438400
15,15.175,0.526,24.490,12.439200
9,9.147,1.039,29.280,12.464000
11,11.151,2.052,20.470,12.464800
13,13.155,3.065,22.660,12.465600
15,15.159,0.578,24.850,12.466400
9,9.163,1.091,30.040,12.467200
11,11.167,2.104,21.230,12.468000
13,13.171,3.117,23.420,12.468800
15,15.175,0.630,25.610,12.469600
9,9.147,1.000,30.400,12.494400
11,11.151,2.013,21.590,12.495200
13,13.155,3.026,23.780,12.496000
15,15.159,0.539,24.150,12.496800
9,9.163,1.052,29.340,12.497600
11,11.167,2.065,20.530,12.498400
13,13.171,3.078,22.720,12.499200
15,15.175,0.591,24.910,12.500000
9,9.147,1.104,29.700,12.524800
11,11.151,2.117,20.890,12.525600
13,13.155,3.130,23.080,12.526400
15,15.159,0.500,25.270,12.527200
9,9.163,1.013,30.460,12.528000
11,11.167,2.026,21.650,12.528800
13,13.171,3.039,23.840,12.529600
15,15.175,0.552,26.030,12.530400
9,9.147,1.065,29.000,12.555200
11,11.151,2.078,20.190,12.556000
13,13.155,3.091,22.380,12.556800
15,15.159,0.604,24.570,12.557600
9,9.163,1.117,29.760,12.558400
11,11.167,2.130,20.950,12.559200
13,13.171,3.000,23.140,12.560000
15,15.175,0.513,25.330,12.560800
9,9.147,1.026,30.120,12.585600
11,11.151,2.039,21.310,12.586400
13,13.155,3.052,23.500,12.587200
15,15.159,0.565,25.690,12.588000
9,9.163,1.078,30.880,12.588800
11,11.167,2.091,20.250,12.589600
13,13.171,3.104,22.440,12.590400
15,15.175,0.617,24.630,12.591200
9,9.147,1.130,29.420,12.616000
11,11.151,2.000,20.610,12.616800
13,13.155,3.013,22.800,12.617600
15,15.159,0.526,24.990,12.618400
9,9.163,1.039,30.180,12.619200
11,11.167,2.052,21.370,12.620000
13,13.171,3.065,23.560,12.620800
15,15.175,0.578,25.750,12.621600
17,17.168,1.500,26.000,12.646400
19,19.172,2.513,28.190,12.647200
21,21.176,0.026,30.380,12.648000
23,23.180,1.039,21.570,12.648800
17,17.184,1.552,26.760,12.649600
19,19.188,2.565,28.950,12.650400
21,21.192,0.078,31.140,12.651200
23,23.196,1.091,22.330,12.652000
17,17.168,1.604,27.120,12.676800
19,19.172,2.617,29.310,12.677600
21,21.176,0.130,31.500,12.678400
23,23.180,1.000,22.690,12.679200
17,17.184,1.513,27.880,12.680000
19,19.188,2.526,28.250,12.680800
21,21.192,0.039,30.440,12.681600
23,23.196,1.052,21.630,12.682400
17,17.168,1.565,26.420,12.707200
19,19.172,2.578,28.610,12.708000
21,21.176,0.091,30.800,12.708800
23,23.180,1.104,21.990,12.709600
17,17.184,1.617,27.180,12.710400
19,19.188,2.630,29.370,12.711200
21,21.192,0.000,31.560,12.712000
23,23.196,1.013,22.750,12.712800
17,17.168,1.526,27.540,12.737600
19,19.172,2.539,29.730,12.738400
21,21.176,0.052,30.100,12.739200
23,23.180,1.065,21.290,12.740000
17,17.184,1.578,26.480,12.740800
19,19.188,2.591,28.670,12.741600
21,21.192,0.104,30.860,12.742400
23,23.196,1.117,22.050,12.743200
17,17.168,1.630,26.840,12.768000
19,19.172,2.500,29.030,12.768800
21,21.176,0.013,31.220,12.769600
23,23.180,1.026,22.410,12.770400
17,17.184,1.539,27.600,12.771200
19,19.188,2.552,29.790,12.772000
21,21.192,0.065,31.980,12.772800
23,23.196,1.078,21.350,12.773600
17,17.168,1.591,26.140,12.798400
19,19.172,2.604,28.330,12.799200
21,21.176,0.117,30.520,12.800000
23,23.180,1.130,21.710,12.800800
17,17.184,1.500,26.900,12.801600
19,19.188,2.513,29.090,12.802400
21,21.192,0.026,31.280,12.803200
23,23.196,1.039,22.470,12.804000
17,17.168,1.552,27.260,12.828800
19,19.172,2.565,29.450,12.829600
21,21.176,0.078,31.640,12.830400
23,23.180,1.091,22.830,12.831200
17,17.184,1.604,26.200,12.832000
19,19.188,2.617,28.390,12.832800
21,21.192,0.130,30.580,12.833600
23,23.196,1.000,21.770,12.834400
17,17.168,1.513,26.560,12.859200
19,19.172,2.526,28.750,12.860000
21,21.176,0.039,30.940,12.860800
23,23.180,1.052,22.130,12.861600
17,17.184,1.565,27.320,12.862400
19,19.188,2.578,29.510,12.863200
21,21.192,0.091,31.700,12.864000
23,23.196,1.104,22.890,12.864800
17,17.168,1.617,27.680,12.889600
19,19.172,2.630,28.050,12.890400
21,21.176,0.000,30.240,12.891200
23,23.180,1.013,21.430,12.892000
17,17.184,1.526,26.620,12.892800
19,19.188,2.539,28.810,12.893600
21,21.192,0.052,31.000,12.894400
23,23.196,1.065,22.190,12.895200
17,17.168,1.578,26.980,12.920000
19,19.172,2.591,29.170,12.920800
21,21.176,0.104,31.360,12.921600
23,23.180,1.117,22.550,12.922400
17,17.184,1.630,27.740,12.923200
19,19.188,2.500,29.930,12.924000
21,21.192,0.013,30.300,12.924800
23,23.196,1.026,21.490,12.925600
17,17.168,1.539,26.280,12.950400
19,19.172,2.552,28.470,12.951200
21,21.176,0.065,30.660,12.952000
23,23.180,1.078,21.850,12.952800
17,17.184,1.591,27.040,12.953600
19,19.188,2.604,29.230,12.954400
21,21.192,0.117,31.420,12.955200
23,23.196,1.130,22.610,12.956000
17,17.168,1.500,27.400,12.980800
19,19.172,2.513,29.590,12.981600
21,21.176,0.026,31.780,12.982400
23,23.180,1.039,21.150,12.983200
17,17.184,1.552,26.340,12.984000
19,19.188,2.565,28.530,12.984800
21,21.192,0.078,30.720,12.985600
23,23.196,1.091,21.910,12.986400
17,17.168,1.604,26.700,13.011200
19,19.172,2.617,28.890,13.012000
21,21.176,0.130,31.080,13.012800
23,23.180,1.000,22.270,13.013600
17,17.184,1.513,27.460,13.014400
19,19.188,2.526,29.650,13.015200
21,21.192,0.039,31.840,13.016000
23,23.196,1.052,23.030,13.016800
17,17.168,1.565,26.000,13.041600
19,19.172,2.578,28.190,13.042400
21,21.176,0.091,30.380,13.043200
23,23.180,1.104,21.570,13.044000
17,17.184,1.617,26.760,13.044800
19,19.188,2.630,28.950,13.045600
21,21.192,0.000,31.140,13.046400
23,23.196,1.013,22.330,13.047200
17,17.168,1.526,27.120,13.072000
19,19.172,2.539,29.310,13.072800
21,21.176,0.052,31.500,13.073600
23,23.180,1.065,22.690,13.074400
17,17.184,1.578,27.880,13.075200
19,19.188,2.591,28.250,13.076000
21,21.192,0.104,30.440,13.076800
23,23.196,1.117,21.630,13.077600
17,17.168,1.630,26.420,13.102400
19,19.172,2.500,28.610,13.103200
21,21.176,0.013,30.800,13.104000
23,23.180,1.026,21.990,13.104800
17,17.184,1.539,27.180,13.105600
19,19.188,2.552,29.370,13.106400
21,21.192,0.065,31.560,13.107200
23,23.196,1.078,22.750,13.108000
1,1.000,0.500,21.000,13.132800
3,3.004,1.513,23.190,13.133600
5,5.008,2.526,25.380,13.134400
7,7.012,0.039,27.570,13.135200
1,1.016,0.552,21.760,13.136000
3,3.020,1.565,23.950,13.136800
5,5.024,2.578,26.140,13.137600
7,7.028,0.091,28.330,13.138400
1,1.000,0.604,22.120,13.163200
3,3.004,1.617,24.310,13.164000
5,5.008,2.630,26.500,13.164800
7,7.012,0.000,28.690,13.165600
1,1.016,0.513,22.880,13.166400
3,3.020,1.526,23.250,13.167200
5,5.024,2.539,25.440,13.168000
7,7.028,0.052,27.630,13.168800
1,1.000,0.565,21.420,13.193600
3,3.004,1.578,23.610,13.194400
5,5.008,2.591,25.800,13.195200
7,7.012,0.104,27.990,13.196000
1,1.016,0.617,22.180,13.196800
3,3.020,1.630,24.370,13.197600
5,5.024,2.500,26.560,13.198400
7,7.028,0.013,28.750,13.199200
1,1.000,0.526,22.540,13.224000
3,3.004,1.539,24.730,13.224800
5,5.008,2.552,25.100,13.225600
7,7.012,0.065,27.290,13.226400
1,1.016,0.578,21.480,13.227200
3,3.020,1.591,23.670,13.228000
5,5.024,2.604,25.860,13.228800
7,7.028,0.117,28.050,13.229600
1,1.000,0.630,21.840,13.254400
3,3.004,1.500,24.030,13.255200
5,5.008,2.513,26.220,13.256000
7,7.012,0.026,28.410,13.256800
1,1.016,0.539,22.600,13.257600
3,3.020,1.552,24.790,13.258400
5,5.024,2.565,26.980,13.259200
7,7.028,0.078,27.350,13.260000
1,1.000,0.591,21.140,13.284800
3,3.004,1.604,23.330,13.285600
5,5.008,2.617,25.520,13.286400
7,7.012,0.130,27.710,13.287200
1,1.016,0.500,21.900,13.288000
3,3.020,1.513,24.090,13.288800
5,5.024,2.526,26.280,13.289600
7,7.028,0.039,28.470,13.290400
1,1.000,0.552,22.260,13.315200
3,3.004,1.565,24.450,13.316000
5,5.008,2.578,26.640,13.316800
7,7.012,0.091,28.830,13.317600
1,1.016,0.604,21.200,13.318400
3,3.020,1.617,23.390,13.319200
5,5.024,2.630,25.580,13.320000
7,7.028,0.000,27.770,13.320800
1,1.000,0.513,21.560,13.345600
3,3.004,1.526,23.750,13.346400
5,5.008,2.539,25.940,13.347200
7,7.012,0.052,28.130,13.348000
1,1.016,0.565,22.320,13.348800
3,3.020,1.578,24.510,13.349600
5,5.024,2.591,26.700,13.350400
7,7.028,0.104,28.890,13.351200
1,1.000,0.617,22.680,13.376000
3,3.004,1.630,23.050,13.376800
5,5.008,2.500,25.240,13.377600
7,7.012,0.013,27.430,13.378400
1,1.016,0.526,21.620,13.379200
3,3.020,1.539,23.810,13.380000
5,5.024,2.552,26.000,13.380800
7,7.028,0.065,28.190,13.381600
1,1.000,0.578,21.980,13.406400
3,3.004,1.591,24.170,13.407200
5,5.008,2.604,26.360,13.408000
7,7.012,0.117,28.550,13.408800
1,1.016,0.630,22.740,13.409600
3,3.020,1.500,24.930,13.410400
5,5.024,2.513,25.300,13.411200
7,7.028,0.026,27.490,13.412000
1,1.000,0.539,21.280,13.436800
3,3.004,1.552,23.470,13.437600
5,5.008,2.565,25.660,13.438400
7,7.012,0.078,27.850,13.439200
1,1.016,0.591,22.040,13.440000
3,3.020,1.604,24.230,13.440800
5,5.024,2.617,26.420,13.441600
7,7.028,0.130,28.610,13.442400
1,1.000,0.500,22.400,13.467200
3,3.004,1.513,24.590,13.468000
5,5.008,2.526,26.780,13.468800
7,7.012,0.039,27.150,13.469600
1,1.016,0.552,21.340,13.470400
3,3.020,1.565,23.530,13.471200
5,5.024,2.578,25.720,13.472000
7,7.028,0.091,27.910,13.472800
1,1.000,0.604,21.700,13.497600
3,3.004,1.617,23.890,13.498400
5,5.008,2.630,26.080,13.499200
7,7.012,0.000,28.270,13.500000
1,1.016,0.513,22.460,13.500800
3,3.020,1.526,24.650,13.501600
5,5.024,2.539,26.840,13.502400
7,7.028,0.052,29.030,13.503200
1,1.000,0.565,21.000,13.528000
3,3.004,1.578,23.190,13.528800
5,5.008,2.591,25.380,13.529600
7,7.012,0.104,27.570,13.530400
1,1.016,0.617,21.760,13.531200
3,3.020,1.630,23.950,13.532000
5,5.024,2.500,26.140,13.532800
7,7.028,0.013,28.330,13.533600
1,1.000,0.526,22.120,13.558400
3,3.004,1.539,24.310,13.559200
5,5.008,2.552,26.500,13.560000
7,7.012,0.065,28.690,13.560800
1,1.016,0.578,22.880,13.561600
3,3.020,1.591,23.250,13.562400
5,5.024,2.604,25.440,13.563200
7,7.028,0.117,27.630,13.564000
1,1.000,0.630,21.420,13.588800
3,3.004,1.500,23.610,13.589600
5,5.008,2.513,25.800,13.590400
7,7.012,0.026,27.990,13.591200
1,1.016,0.539,22.180,13.592000
3,3.020,1.552,24.370,13.592800
5,5.024,2.565,26.560,13.593600
7,7.028,0.078,28.750,13.594400
9,9.021,1.000,29.000,13.619200
11,11.025,2.013,20.190,13.620000
13,13.029,3.026,22.380,13.620800
15,15.033,0.539,24.570,13.621600
9,9.037,1.052,29.760,13.622400
11,11.041,2.065,20.950,13.623200
13,13.045,3.078,23.140,13.624000
15,15.049,0.591,25.330,13.624800
9,9.021,1.104,30.120,13.649600
11,11.025,2.117,21.310,13.650400
13,13.029,3.130,23.500,13.651200
15,15.033,0.500,25.690,13.652000
9,9.037,1.013,30.880,13.652800
11,11.041,2.026,20.250,13.653600
13,13.045,3.039,22.440,13.654400
15,15.049,0.552,24.630,13.655200
9,9.021,1.065,29.420,13.680000
11,11.025,2.078,20.610,13.680800
13,13.029,3.091,22.800,13.681600
15,15.033,0.604,24.990,13.682400
9,9.037,1.117,30.180,13.683200
11,11.041,2.130,21.370,13.684000
13,13.045,3.000,23.560,13.684800
15,15.049,0.513,25.750,13.685600
9,9.021,1.026,30.540,13.710400
11,11.025,2.039,21.730,13.711200
13,13.029,3.052,22.100,13.712000
15,15.033,0.565,24.290,13.712800
9,9.037,1.078,29.480,13.713600
11,11.041,2.091,20.670,13.714400
13,13.045,3.104,22.860,13.715200
15,15.049,0.617,25.050,13.716000
9,9.021,1.130,29.840,13.740800
11,11.025,2.000,21.030,13.741600
13,13.029,3.013,23.220,13.742400
15,15.033,0.526,25.410,13.743200
9,9.037,1.039,30.600,13.744000
11,11.041,2.052,21.790,13.744800
13,13.045,3.065,23.980,13.745600
15,15.049,0.578,24.350,13.746400
9,9.021,1.091,29.140,13.771200
11,11.025,2.104,20.330,13.772000
13,13.029,3.117,22.520,13.772800
15,15.033,0.630,24.710,13.773600
9,9.037,1.000,29.900,13.774400
11,11.041,2.013,21.090,13.775200
13,13.045,3.026,23.280,13.776000
15,15.049,0.539,25.470,13.776800
9,9.021,1.052,30.260,13.801600
11,11.025,2.065,21.450,13.802400
13,13.029,3.078,23.640,13.803200
15,15.033,0.591,25.830,13.804000
9,9.037,1.104,29.200,13.804800
11,11.041,2.117,20.390,13.805600
13,13.045,3.130,22.580,13.806400
15,15.049,0.500,24.770,13.807200
9,9.021,1.013,29.560,13.832000
11,11.025,2.026,20.750,13.832800
13,13.029,3.039,22.940,13.833600
15,15.033,0.552,25.130,13.834400
9,9.037,1.065,30.320,13.835200
11,11.041,2.078,21.510,13.836000
13,13.045,3.091,23.700,13.836800
15,15.049,0.604,25.890,13.837600
9,9.021,1.117,30.680,13.862400
11,11.025,2.130,20.050,13.863200
13,13.029,3.000,22.240,13.864000
15,15.033,0.513,24.430,13.864800
9,9.037,1.026,29.620,13.865600
11,11.041,2.039,20.810,13.866400
13,13.045,3.052,23.000,13.867200
15,15.049,0.565,25.190,13.868000
9,9.021,1.078,29.980,13.892800
11,11.025,2.091,21.170,13.893600
13,13.029,3.104,23.360,13.894400
15,15.033,0.617,25.550,13.895200
9,9.037,1.130,30.740,13.896000
11,11.041,2.000,21.930,13.896800
13,13.045,3.013,22.300,13.897600
15,15.049,0.526,24.490,13.898400
9,9.021,1.039,29.280,13.923200
11,11.025,2.052,20.470,13.924000
13,13.029,3.065,22.660,13.924800
15,15.033,0.578,24.850,13.925600
9,9.037,1.091,30.040,13.926400
11,11.041,2.104,21.230,13.927200
13,13.045,3.117,23.420,13.928000
15,15.049,0.630,25.610,13.928800
9,9.021,1.000,30.400,13.953600
11,11.025,2.013,21.590,13.954400
13,13.029,3.026,23.780,13.955200
15,15.033,0.539,24.150,13.956000
9,9.037,1.052,29.340,13.956800
11,11.041,2.065,20.530,13.957600
13,13.045,3.078,22.720,13.958400
15,15.049,0.591,24.910,13.959200
9,9.021,1.104,29.700,13.984000
11,11.025,2.117,20.890,13.984800
13,13.029,3.130,23.080,13.985600
15,15.033,0.500,25.270,13.986400
9,9.037,1.013,30.460,13.987200
11,11.041,2.026,21.650,13.988000
13,13.045,3.039,23.840,13.988800
15,15.049,0.552,26.030,13.989600
9,9.021,1.065,29.000,14.014400
11,11.025,2.078,20.190,14.015200
13,13.029,3.091,22.380,14.016000
15,15.033,0.604,24.570,14.016800
9,9.037,1.117,29.760,14.017600
11,11.041,2.130,20.950,14.018400
13,13.045,3.000,23.140,14.019200
15,15.049,0.513,25.330,14.020000
9,9.021,1.026,30.120,14.044800
11,11.025,2.039,21.310,14.045600
13,13.029,3.052,23.500,14.046400
15,15.033,0.565,25.690,14.047200
9,9.037,1.078,30.880,14.048000
11,11.041,2.091,20.250,14.048800
13,13.045,3.104,22.440,14.049600
15,15.049,0.617,24.630,14.050400
9,9.021,1.130,29.420,14.075200
11,11.025,2.000,20.610,14.076000
13,13.029,3.013,22.800,14.076800
15,15.033,0.526,24.990,14.077600
9,9.037,1.039,30.180,14.078400
11,11.041,2.052,21.370,14.079200
13,13.045,3.065,23.560,14.080000
15,15.049,0.578,25.750,14.080800
17,17.042,1.500,26.000,14.105600
19,19.046,2.513,28.190,14.106400
21,21.050,0.026,30.380,14.107200
23,23.054,1.039,21.570,14.108000
17,17.058,1.552,26.760,14.108800
19,19.062,2.565,28.950,14.109600
21,21.066,0.078,31.140,14.110400
23,23.070,1.091,22.330,14.111200
17,17.042,1.604,27.120,14.136000
19,19.046,2.617,29.310,14.136800
21,21.050,0.130,31.500,14.137600
23,23.054,1.000,22.690,14.138400
17,17.058,1.513,27.880,14.139200
19,19.062,2.526,28.250,14.140000
21,21.066,0.039,30.440,14.140800
23,23.070,1.052,21.630,14.141600
17,17.042,1.565,26.420,14.166400
19,19.046,2.578,28.610,14.167200
21,21.050,0.091,30.800,14.168000
23,23.054,1.104,21.990,14.168800
17,17.058,1.617,27.180,14.169600
19,19.062,2.630,29.370,14.170400
21,21.066,0.000,31.560,14.171200
23,23.070,1.013,22.750,14.172000
17,17.042,1.526,27.540,14.196800
19,19.046,2.539,29.730,14.197600
21,21.050,0.052,30.100,14.198400
23,23.054,1.065,21.290,14.199200
17,17.058,1.578,26.480,14.200000
19,19.062,2.591,28.670,14.200800
21,21.066,0.104,30.860,14.201600
23,23.070,1.117,22.050,14.202400
17,17.042,1.630,26.840,14.227200
19,19.046,2.500,29.030,14.228000
21,21.050,0.013,31.220,14.228800
23,23.054,1.026,22.410,14.229600
17,17.058,1.539,27.600,14.230400
19,19.062,2.552,29.790,14.231200
21,21.066,0.065,31.980,14.232000
23,23.070,1.078,21.350,14.232800
17,17.042,1.591,26.140,14.257600
19,19.046,2.604,28.330,14.258400
21,21.050,0.117,30.520,14.259200
23,23.054,1.130,21.710,14.260000
17,17.058,1.500,26.900,14.260800
19,19.062,2.513,29.090,14.261600
21,21.066,0.026,31.280,14.262400
23,23.070,1.039,22.470,14.263200
17,17.042,1.552,27.260,14.288000
19,19.046,2.565,29.450,14.288800
21,21.050,0.078,31.640,14.289600
23,23.054,1.091,22.830,14.290400
17,17.058,1.604,26.200,14.291200
19,19.062,2.617,28.390,14.292000
21,21.066,0.130,30.580,14.292800
23,23.070,1.000,21.770,14.293600
17,17.042,1.513,26.560,14.318400
19,19.046,2.526,28.750,14.319200
21,21.050,0.039,30.940,14.320000
23,23.054,1.052,22.130,14.320800
17,17.058,1.565,27.320,14.321600
19,19.062,2.578,29.510,14.322400
21,21.066,0.091,31.700,14.323200
23,23.070,1.104,22.890,14.324000
17,17.042,1.617,27.680,14.348800
19,19.046,2.630,28.050,14.349600
21,21.050,0.000,30.240,14.350400
23,23.054,1.013,21.430,14.351200
17,17.058,1.526,26.620,14.352000
19,19.062,2.539,28.810,14.352800
21,21.066,0.052,31.000,14.353600
23,23.070,1.065,22.190,14.354400
17,17.042,1.578,26.980,14.379200
19,19.046,2.591,29.170,14.380000
21,21.050,0.104,31.360,14.380800
23,23.054,1.117,22.550,14.381600
17,17.058,1.630,27.740,14.382400
19,19.062,2.500,29.930,14.383200
21,21.066,0.013,30.300,14.384000
23,23.070,1.026,21.490,14.384800
17,17.042,1.539,26.280,14.409600
19,19.046,2.552,28.470,14.410400
21,21.050,0.065,30.660,14.411200
23,23.054,1.078,21.850,14.412000
17,17.058,1.591,27.040,14.412800
19,19.062,2.604,29.230,14.413600
21,21.066,0.117,31.420,14.414400
23,23.070,1.130,22.610,14.415200
17,17.042,1.500,27.400,14.440000
19,19.046,2.513,29.590,14.440800
21,21.050,0.026,31.780,14.441600
23,23.054,1.039,21.150,14.442400
17,17.058,1.552,26.340,14.443200
19,19.062,2.565,28.530,14.444000
21,21.066,0.078,30.720,14.444800
23,23.070,1.091,21.910,14.445600
17,17.042,1.604,26.700,14.470400
19,19.046,2.617,28.890,14.471200
21,21.050,0.130,31.080,14.472000
23,23.054,1.000,22.270,14.472800
17,17.058,1.513,27.460,14.473600
19,19.062,2.526,29.650,14.474400
21,21.066,0.039,31.840,14.475200
23,23.070,1.052,23.030,14.476000
17,17.042,1.565,26.000,14.500800
19,19.046,2.578,28.190,14.501600
21,21.050,0.091,30.380,14.502400
23,23.054,1.104,21.570,14.503200
17,17.058,1.617,26.760,14.504000
19,19.062,2.630,28.950,14.504800
21,21.066,0.000,31.140,14.505600
23,23.070,1.013,22.330,14.506400
17,17.042,1.526,27.120,14.531200
19,19.046,2.539,29.310,14.532000
21,21.050,0.052,31.500,14.532800
23,23.054,1.065,22.690,14.533600
17,17.058,1.578,27.880,14.534400
19,19.062,2.591,28.250,14.535200
21,21.066,0.104,30.440,14.536000
23,23.070,1.117,21.630,14.536800
17,17.042,1.630,26.420,14.561600
19,19.046,2.500,28.610,14.562400
21,21.050,0.013,30.800,14.563200
23,23.054,1.026,21.990,14.564000
17,17.058,1.539,27.180,14.564800
19,19.062,2.552,29.370,14.565600
21,21.066,0.065,31.560,14.566400
23,23.070,1.078,22.750,14.567200
1,1.063,0.500,21.000,14.592000
3,3.067,1.513,23.190,14.592800
5,5.071,2.526,25.380,14.593600
7,7.075,0.039,27.570,14.594400
1,1.079,0.552,21.760,14.595200
3,3.083,1.565,23.950,14.596000
5,5.087,2.578,26.140,14.596800
7,7.091,0.091,28.330,14.597600
1,1.063,0.604,22.120,14.622400
3,3.067,1.617,24.310,14.623200
5,5.071,2.630,26.500,14.624000
7,7.075,0.000,28.690,14.624800
1,1.079,0.513,22.880,14.625600
3,3.083,1.526,23.250,14.626400
5,5.087,2.539,25.440,14.627200
7,7.091,0.052,27.630,14.628000
1,1.063,0.565,21.420,14.652800
3,3.067,1.578,23.610,14.653600
5,5.071,2.591,25.800,14.654400
7,7.075,0.104,27.990,14.655200
1,1.079,0.617,22.180,14.656000
3,3.083,1.630,24.370,14.656800
5,5.087,2.500,26.560,14.657600
7,7.091,0.013,28.750,14.658400
1,1.063,0.526,22.540,14.683200
3,3.067,1.539,24.730,14.684000
5,5.071,2.552,25.100,14.684800
7,7.075,0.065,27.290,14.685600
1,1.079,0.578,21.480,14.686400
3,3.083,1.591,23.670,14.687200
5,5.087,2.604,25.860,14.688000
7,7.091,0.117,28.050,14.688800
1,1.063,0.630,21.840,14.713600
3,3.067,1.500,24.030,14.714400
5,5.071,2.513,26.220,14.715200
7,7.075,0.026,28.410,14.716000
1,1.079,0.539,22.600,14.716800
3,3.083,1.552,24.790,14.717600
5,5.087,2.565,26.980,14.718400
7,7.091,0.078,27.350,14.719200
1,1.063,0.591,21.140,14.744000
3,3.067,1.604,23.330,14.744800
5,5.071,2.617,25.520,14.745600
7,7.075,0.130,27.710,14.746400
1,1.079,0.500,21.900,14.747200
3,3.083,1.513,24.090,14.748000
5,5.087,2.526,26.280,14.748800
7,7.091,0.039,28.470,14.749600
1,1.063,0.552,22.260,14.774400
3,3.067,1.565,24.450,14.775200
5,5.071,2.578,26.640,14.776000
7,7.075,0.091,28.830,14.776800
1,1.079,0.604,21.200,14.777600
3,3.083,1.617,23.390,14.778400
5,5.087,2.630,25.580,14.779200
7,7.091,0.000,27.770,14.780000
1,1.063,0.513,21.560,14.804800
3,3.067,1.526,23.750,14.805600
5,5.071,2.539,25.940,14.806400
7,7.075,0.052,28.130,14.807200
1,1.079,0.565,22.320,14.808000
3,3.083,1.578,24.510,14.808800
5,5.087,2.591,26.700,14.809600
7,7.091,0.104,28.890,14.810400
1,1.063,0.617,22.680,14.835200
3,3.067,1.630,23.050,14.836000
5,5.071,2.500,25.240,14.836800
7,7.075,0.013,27.430,14.837600
1,1.079,0.526,21.620,14.838400
3,3.083,1.539,23.810,14.839200
5,5.087,2.552,26.000,14.840000
7,7.091,0.065,28.190,14.840800
1,1.063,0.578,21.980,14.865600
3,3.067,1.591,24.170,14.866400
5,5.071,2.604,26.360,14.867200
7,7.075,0.117,28.550,14.868000
1,1.079,0.630,22.740,14.868800
3,3.083,1.500,24.930,14.869600
5,5.087,2.513,25.300,14.870400
7,7.091,0.026,27.490,14.871200
1,1.063,0.539,21.280,14.896000
3,3.067,1.552,23.470,14.896800
5,5.071,2.565,25.660,14.897600
7,7.075,0.078,27.850,14.898400
1,1.079,0.591,22.040,14.899200
3,3.083,1.604,24.230,14.900000
5,5.087,2.617,26.420,14.900800
7,7.091,0.130,28.610,14.901600
1,1.063,0.500,22.400,14.926400
3,3.067,1.513,24.590,14.927200
5,5.071,2.526,26.780,14.928000
7,7.075,0.039,27.150,14.928800
1,1.079,0.552,21.340,14.929600
3,3.083,1.565,23.530,14.930400
5,5.087,2.578,25.720,14.931200
7,7.091,0.091,27.910,14.932000
1,1.063,0.604,21.700,14.956800
3,3.067,1.617,23.890,14.957600
5,5.071,2.630,26.080,14.958400
7,7.075,0.000,28.270,14.959200
1,1.079,0.513,22.460,14.960000
3,3.083,1.526,24.650,14.960800
5,5.087,2.539,26.840,14.961600
7,7.091,0.052,29.030,14.962400
1,1.063,0.565,21.000,14.987200
3,3.067,1.578,23.190,14.988000
5,5.071,2.591,25.380,14.988800
7,7.075,0.104,27.570,14.989600
1,1.079,0.617,21.760,14.990400
3,3.083,1.630,23.950,14.991200
5,5.087,2.500,26.140,14.992000
7,7.091,0.013,28.330,14.992800
1,1.063,0.526,22.120,15.017600
3,3.067,1.539,24.310,15.018400
5,5.071,2.552,26.500,15.019200
7,7.075,0.065,28.690,15.020000
1,1.079,0.578,22.880,15.020800
3,3.083,1.591,23.250,15.021600
5,5.087,2.604,25.440,15.022400
7,7.091,0.117,27.630,15.023200
1,1.063,0.630,21.420,15.048000
3,3.067,1.500,23.610,15.048800
5,5.071,2.513,25.800,15.049600
7,7.075,0.026,27.990,15.050400
1,1.079,0.539,22.180,15.051200
3,3.083,1.552,24.370,15.052000
5,5.087,2.565,26.560,15.052800
7,7.091,0.078,28.750,15.053600
9,9.084,1.000,29.000,15.078400
11,11.088,2.013,20.190,15.079200
13,13.092,3.026,22.380,15.080000
15,15.096,0.539,24.570,15.080800
9,9.100,1.052,29.760,15.081600
11,11.104,2.065,20.950,15.082400
13,13.108,3.078,23.140,15.083200
15,15.112,0.591,25.330,15.084000
9,9.084,1.104,30.120,15.108800
11,11.088,2.117,21.310,15.109600
13,13.092,3.130,23.500,15.110400
15,15.096,0.500,25.690,15.111200
9,9.100,1.013,30.880,15.112000
11,11.104,2.026,20.250,15.112800
13,13.108,3.039,22.440,15.113600
15,15.112,0.552,24.630,15.114400
9,9.084,1.065,29.420,15.139200
11,11.088,2.078,20.610,15.140000
13,13.092,3.091,22.800,15.140800
15,15.096,0.604,24.990,15.141600
9,9.100,1.117,30.180,15.142400
11,11.104,2.130,21.370,15.143200
13,13.108,3.000,23.560,15.144000
15,15.112,0.513,25.750,15.144800
9,9.084,1.026,30.540,15.169600
11,11.088,2.039,21.730,15.170400
13,13.092,3.052,22.100,15.171200
15,15.096,0.565,24.290,15.172000
9,9.100,1.078,29.480,15.172800
11,11.104,2.091,20.670,15.173600
13,13.108,3.104,22.860,15.174400
15,15.112,0.617,25.050,15.175200
9,9.084,1.130,29.840,15.200000
11,11.088,2.000,21.030,15.200800
13,13.092,3.013,23.220,15.201600
15,15.096,0.526,25.410,15.202400
9,9.100,1.039,30.600,15.203200
11,11.104,2.052,21.790,15.204000
13,13.108,3.065,23.980,15.204800
15,15.112,0.578,24.350,15.205600
9,9.084,1.091,29.140,15.230400
11,11.088,2.104,20.330,15.231200
13,13.092,3.117,22.520,15.232000
15,15.096,0.630,24.710,15.232800
9,9.100,1.000,29.900,15.233600
11,11.104,2.013,21.090,15.234400
13,13.108,3.026,23.280,15.235200
15,15.112,0.539,25.470,15.236000
9,9.084,1.052,30.260,15.260800
11,11.088,2.065,21.450,15.261600
13,13.092,3.078,23.640,15.262400
15,15.096,0.591,25.830,15.263200
9,9.100,1.104,29.200,15.264000
11,11.104,2.117,20.390,15.264800
13,13.108,3.130,22.580,15.265600
15,15.112,0.500,24.770,15.266400
9,9.084,1.013,29.560,15.291200
11,11.088,2.026,20.750,15.292000
13,13.092,3.039,22.940,15.292800
15,15.096,0.552,25.130,15.293600
9,9.100,1.065,30.320,15.294400
11,11.104,2.078,21.510,15.295200
13,13.108,3.091,23.700,15.296000
15,15.112,0.604,25.890,15.296800
9,9.084,1.117,30.680,15.321600
11,11.088,2.130,20.050,15.322400
13,13.092,3.000,22.240,15.323200
15,15.096,0.513,24.430,15.324000
9,9.100,1.026,29.620,15.324800
11,11.104,2.039,20.810,15.325600
13,13.108,3.052,23.000,15.326400
15,15.112,0.565,25.190,15.327200
9,9.084,1.078,29.980,15.352000
11,11.088,2.091,21.170,15.352800
13,13.092,3.104,23.360,15.353600
15,15.096,0.617,25.550,15.354400
9,9.100,1.130,30.740,15.355200
11,11.104,2.000,21.930,15.356000
13,13.108,3.013,22.300,15.356800
15,15.112,0.526,24.490,15.357600
9,9.084,1.039,29.280,15.382400
11,11.088,2.052,20.470,15.383200
13,13.092,3.065,22.660,15.384000
15,15.096,0.578,24.850,15.384800
9,9.100,1.091,30.040,15.385600
11,11.104,2.104,21.230,15.386400
13,13.108,3.117,23.420,15.387200
15,15.112,0.630,25.610,15.388000
9,9.084,1.000,30.400,15.412800
11,11.088,2.013,21.590,15.413600
13,13.092,3.026,23.780,15.414400
15,15.096,0.539,24.150,15.415200
9,9.100,1.052,29.340,15.416000
11,11.104,2.065,20.530,15.416800
13,13.108,3.078,22.720,15.417600
15,15.112,0.591,24.910,15.418400
9,9.084,1.104,29.700,15.443200
11,11.088,2.117,20.890,15.444000
13,13.092,3.130,23.080,15.444800
15,15.096,0.500,25.270,15.445600
9,9.100,1.013,30.460,15.446400
11,11.104,2.026,21.650,15.447200
13,13.108,3.039,23.840,15.448000
15,15.112,0.552,26.030,15.448800
9,9.084,1.065,29.000,15.473600
11,11.088,2.078,20.190,15.474400
13,13.092,3.091,22.380,15.475200
15,15.096,0.604,24.570,15.476000
9,9.100,1.117,29.760,15.476800
11,11.104,2.130,20.950,15.477600
13,13.108,3.000,23.140,15.478400
15,15.112,0.513,25.330,15.479200
9,9.084,1.026,30.120,15.504000
11,11.088,2.039,21.310,15.504800
13,13.092,3.052,23.500,15.505600
15,15.096,0.565,25.690,15.506400
9,9.100,1.078,30.880,15.507200
11,11.104,2.091,20.250,15.508000
13,13.108,3.104,22.440,15.508800
15,15.112,0.617,24.630,15.509600
9,9.084,1.130,29.420,15.534400
11,11.088,2.000,20.610,15.535200
13,13.092,3.013,22.800,15.536000
15,15.096,0.526,24.990,15.536800
9,9.100,1.039,30.180,15.537600
11,11.104,2.052,21.370,15.538400
13,13.108,3.065,23.560,15.539200
15,15.112,0.578,25.750,15.540000
17,17.105,1.500,26.000,15.564800
19,19.109,2.513,28.190,15.565600
21,21.113,0.026,30.380,15.566400
23,23.117,1.039,21.570,15.567200
17,17.121,1.552,26.760,15.568000
19,19.125,2.565,28.950,15.568800
21,21.129,0.078,31.140,15.569600
23,23.133,1.091,22.330,15.570400
17,17.105,1.604,27.120,15.595200
19,19.109,2.617,29.310,15.596000
21,21.113,0.130,31.500,15.596800
23,23.117,1.000,22.690,15.597600
17,17.121,1.513,27.880,15.598400
19,19.125,2.526,28.250,15.599200
21,21.129,0.039,30.440,15.600000
23,23.133,1.052,21.630,15.600800
17,17.105,1.565,26.420,15.625600
19,19.109,2.578,28.610,15.626400
21,21.113,0.091,30.800,15.627200
23,23.117,1.104,21.990,15.628000
17,17.121,1.617,27.180,15.628800
19,19.125,2.630,29.370,15.629600
21,21.129,0.000,31.560,15.630400
23,23.133,1.013,22.750,15.631200
17,17.105,1.526,27.540,15.656000
19,19.109,2.539,29.730,15.656800
21,21.113,0.052,30.100,15.657600
23,23.117,1.065,21.290,15.658400
17,17.121,1.578,26.480,15.659200
19,19.125,2.591,28.670,15.660000
21,21.129,0.104,30.860,15.660800
23,23.133,1.117,22.050,15.661600
17,17.105,1.630,26.840,15.686400
19,19.109,2.500,29.030,15.687200
21,21.113,0.013,31.220,15.688000
23,23.117,1.026,22.410,15.688800
17,17.121,1.539,27.600,15.689600
19,19.125,2.552,29.790,15.690400
21,21.129,0.065,31.980,15.691200
23,23.133,1.078,21.350,15.692000
17,17.105,1.591,26.140,15.716800
19,19.109,2.604,28.330,15.717600
21,21.113,0.117,30.520,15.718400
23,23.117,1.130,21.710,15.719200
17,17.121,1.500,26.900,15.720000
19,19.125,2.513,29.090,15.720800
21,21.129,0.026,31.280,15.721600
23,23.133,1.039,22.470,15.722400
17,17.105,1.552,27.260,15.747200
19,19.109,2.565,29.450,15.748000
21,21.113,0.078,31.640,15.748800
23,23.117,1.091,22.830,15.749600
17,17.121,1.604,26.200,15.750400
19,19.125,2.617,28.390,15.751200
21,21.129,0.130,30.580,15.752000
23,23.133,1.000,21.770,15.752800
17,17.105,1.513,26.560,15.777600
19,19.109,2.526,28.750,15.778400
21,21.113,0.039,30.940,15.779200
23,23.117,1.052,22.130,15.780000
17,17.121,1.565,27.320,15.780800
19,19.125,2.578,29.510,15.781600
21,21.129,0.091,31.700,15.782400
23,23.133,1.104,22.890,15.783200
17,17.105,1.617,27.680,15.808000
19,19.109,2.630,28.050,15.808800
21,21.113,0.000,30.240,15.809600
23,23.117,1.013,21.430,15.810400
17,17.121,1.526,26.620,15.811200
19,19.125,2.539,28.810,15.812000
21,21.129,0.052,31.000,15.812800
23,23.133,1.065,22.190,15.813600
17,17.105,1.578,26.980,15.838400
19,19.109,2.591,29.170,15.839200
21,21.113,0.104,31.360,15.840000
23,23.117,1.117,22.550,15.840800
17,17.121,1.630,27.740,15.841600
19,19.125,2.500,29.930,15.842400
21,21.129,0.013,30.300,15.843200
23,23.133,1.026,21.490,15.844000
17,17.105,1.539,26.280,15.868800
19,19.109,2.552,28.470,15.869600
21,21.113,0.065,30.660,15.870400
23,23.117,1.078,21.850,15.871200
17,17.121,1.591,27.040,15.872000
19,19.125,2.604,29.230,15.872800
21,21.129,0.117,31.420,15.873600
23,23.133,1.130,22.610,15.874400
17,17.105,1.500,27.400,15.899200
19,19.109,2.513,29.590,15.900000
21,21.113,0.026,31.780,15.900800
23,23.117,1.039,21.150,15.901600
17,17.121,1.552,26.340,15.902400
19,19.125,2.565,28.530,15.903200
21,21.129,0.078,30.720,15.904000
23,23.133,1.091,21.910,15.904800
17,17.105,1.604,26.700,15.929600
19,19.109,2.617,28.890,15.930400
21,21.113,0.130,31.080,15.931200
23,23.117,1.000,22.270,15.932000
17,17.121,1.513,27.460,15.932800
19,19.125,2.526,29.650,15.933600
21,21.129,0.039,31.840,15.934400
23,23.133,1.052,23.030,15.935200
17,17.105,1.565,26.000,15.960000
19,19.109,2.578,28.190,15.960800
21,21.113,0.091,30.380,15.961600
23,23.117,1.104,21.570,15.962400
17,17.121,1.617,26.760,15.963200
19,19.125,2.630,28.950,15.964000
21,21.129,0.000,31.140,15.964800
23,23.133,1.013,22.330,15.965600
17,17.105,1.526,27.120,15.990400
19,19.109,2.539,29.310,15.991200
21,21.113,0.052,31.500,15.992000
23,23.117,1.065,22.690,15.992800
17,17.121,1.578,27.880,15.993600
19,19.125,2.591,28.250,15.994400
21,21.129,0.104,30.440,15.995200
23,23.133,1.117,21.630,15.996000
17,17.105,1.630,26.420,16.020800
19,19.109,2.500,28.610,16.021600
21,21.113,0.013,30.800,16.022400
23,23.117,1.026,21.990,16.023200
17,17.121,1.539,27.180,16.024000
19,19.125,2.552,29.370,16.024800
21,21.129,0.065,31.560,16.025600
23,23.133,1.078,22.750,16.026400
1,1.126,0.500,21.000,16.051200
3,3.130,1.513,23.190,16.052000
5,5.134,2.526,25.380,16.052800
7,7.138,0.039,27.570,16.053600
1,1.142,0.552,21.760,16.054400
3,3.146,1.565,23.950,16.055200
5,5.150,2.578,26.140,16.056000
7,7.154,0.091,28.330,16.056800
1,1.126,0.604,22.120,16.081600
3,3.130,1.617,24.310,16.082400
5,5.134,2.630,26.500,16.083200
7,7.138,0.000,28.690,16.084000
1,1.142,0.513,22.880,16.084800
3,3.146,1.526,23.250,16.085600
5,5.150,2.539,25.440,16.086400
7,7.154,0.052,27.630,16.087200
1,1.126,0.565,21.420,16.112000
3,3.130,1.578,23.610,16.112800
5,5.134,2.591,25.800,16.113600
7,7.138,0.104,27.990,16.114400
1,1.142,0.617,22.180,16.115200
3,3.146,1.630,24.370,16.116000
5,5.150,2.500,26.560,16.116800
7,7.154,0.013,28.750,16.117600
1,1.126,0.526,22.540,16.142400
3,3.130,1.539,24.730,16.143200
5,5.134,2.552,25.100,16.144000
7,7.138,0.065,27.290,16.144800
1,1.142,0.578,21.480,16.145600
3,3.146,1.591,23.670,16.146400
5,5.150,2.604,25.860,16.147200
7,7.154,0.117,28.050,16.148000
1,1.126,0.630,21.840,16.172800
3,3.130,1.500,24.030,16.173600
5,5.134,2.513,26.220,16.174400
7,7.138,0.026,28.410,16.175200
1,1.142,0.539,22.600,16.176000
3,3.146,1.552,24.790,16.176800
5,5.150,2.565,26.980,16.177600
7,7.154,0.078,27.350,16.178400
1,1.126,0.591,21.140,16.203200
3,3.130,1.604,23.330,16.204000
5,5.134,2.617,25.520,16.204800
7,7.138,0.130,27.710,16.205600
1,1.142,0.500,21.900,16.206400
3,3.146,1.513,24.090,16.207200
5,5.150,2.526,26.280,16.208000
7,7.154,0.039,28.470,16.208800
1,1.126,0.552,22.260,16.233600
3,3.130,1.565,24.450,16.234400
5,5.134,2.578,26.640,16.235200
7,7.138,0.091,28.830,16.236000
1,1.142,0.604,21.200,16.236800
3,3.146,1.617,23.390,16.237600
5,5.150,2.630,25.580,16.238400
7,7.154,0.000,27.770,16.239200
1,1.126,0.513,21.560,16.264000
3,3.130,1.526,23.750,16.264800
5,5.134,2.539,25.940,16.265600
7,7.138,0.052,28.130,16.266400
1,1.142,0.565,22.320,16.267200
3,3.146,1.578,24.510,16.268000
5,5.150,2.591,26.700,16.268800
7,7.154,0.104,28.890,16.269600
1,1.126,0.617,22.680,16.294400
3,3.130,1.630,23.050,16.295200
5,5.134,2.500,25.240,16.296000
7,7.138,0.013,27.430,16.296800
1,1.142,0.526,21.620,16.297600
3,3.146,1.539,23.810,16.298400
5,5.150,2.552,26.000,16.299200
7,7.154,0.065,28.190,16.300000
1,1.126,0.578,21.980,16.324800
3,3.130,1.591,24.170,16.325600
5,5.134,2.604,26.360,16.326400
7,7.138,0.117,28.550,16.327200
1,1.142,0.630,22.740,16.328000
3,3.146,1.500,24.930,16.328800
5,5.150,2.513,25.300,16.329600
7,7.154,0.026,27.490,16.330400
1,1.126,0.539,21.280,16.355200
3,3.130,1.552,23.470,16.356000
5,5.134,2.565,25.660,16.356800
7,7.138,0.078,27.850,16.357600
1,1.142,0.591,22.040,16.358400
3,3.146,1.604,24.230,16.359200
5,5.150,2.617,26.420,16.360000
7,7.154,0.130,28.610,16.360800
1,1.126,0.500,22.400,16.385600
3,3.130,1.513,24.590,16.386400
5,5.134,2.526,26.780,16.387200
7,7.138,0.039,27.150,16.388000
1,1.142,0.552,21.340,16.388800
3,3.146,1.565,23.530,16.389600
5,5.150,2.578,25.720,16.390400
7,7.154,0.091,27.910,16.391200
1,1.126,0.604,21.700,16.416000
3,3.130,1.617,23.890,16.416800
5,5.134,2.630,26.080,16.417600
7,7.138,0.000,28.270,16.418400
1,1.142,0.513,22.460,16.419200
3,3.146,1.526,24.650,16.420000
5,5.150,2.539,26.840,16.420800
7,7.154,0.052,29.030,16.421600
1,1.126,0.565,21.000,16.446400
3,3.130,1.578,23.190,16.447200
5,5.134,2.591,25.380,16.448000
7,7.138,0.104,27.570,16.448800
1,1.142,0.617,21.760,16.449600
3,3.146,1.630,23.950,16.450400
5,5.150,2.500,26.140,16.451200
7,7.154,0.013,28.330,16.452000
1,1.126,0.526,22.120,16.476800
3,3.130,1.539,24.310,16.477600
5,5.134,2.552,26.500,16.478400
7,7.138,0.065,28.690,16.479200
1,1.142,0.578,22.880,16.480000
3,3.146,1.591,23.250,16.480800
5,5.150,2.604,25.440,16.481600
7,7.154,0.117,27.630,16.482400
1,1.126,0.630,21.420,16.507200
3,3.130,1.500,23.610,16.508000
5,5.134,2.513,25.800,16.508800
7,7.138,0.026,27.990,16.509600
1,1.142,0.539,22.180,16.510400
3,3.146,1.552,24.370,16.511200
5,5.150,2.565,26.560,16.512000
7,7.154,0.078,28.750,16.512800
9,9.147,1.000,29.000,16.537600
11,11.151,2.013,20.190,16.538400
13,13.155,3.026,22.380,16.539200
15,15.159,0.539,24.570,16.540000
9,9.163,1.052,29.760,16.540800
11,11.167,2.065,20.950,16.541600
13,13.171,3.078,23.140,16.542400
15,15.175,0.591,25.330,16.543200
9,9.147,1.104,30.120,16.568000
11,11.151,2.117,21.310,16.568800
13,13.155,3.130,23.500,16.569600
15,15.159,0.500,25.690,16.570400
9,9.163,1.013,30.880,16.571200
11,11.167,2.026,20.250,16.572000
13,13.171,3.039,22.440,16.572800
15,15.175,0.552,24.630,16.573600
9,9.147,1.065,29.420,16.598400
11,11.151,2.078,20.610,16.599200
13,13.155,3.091,22.800,16.600000
15,15.159,0.604,24.990,16.600800
9,9.163,1.117,30.180,16.601600
11,11.167,2.130,21.370,16.602400
13,13.171,3.000,23.560,16.603200
15,15.175,0.513,25.750,16.604000
9,9.147,1.026,30.540,16.628800
11,11.151,2.039,21.730,16.629600
13,13.155,3.052,22.100,16.630400
15,15.159,0.565,24.290,16.631200
9,9.163,1.078,29.480,16.632000
11,11.167,2.091,20.670,16.632800
13,13.171,3.104,22.860,16.633600
15,15.175,0.617,25.050,16.634400
9,9.147,1.130,29.840,16.659200
11,11.151,2.000,21.030,16.660000
13,13.155,3.013,23.220,16.660800
15,15.159,0.526,25.410,16.661600
9,9.163,1.039,30.600,16.662400
11,11.167,2.052,21.790,16.663200
13,13.171,3.065,23.980,16.664000
15,15.175,0.578,24.350,16.664800
9,9.147,1.091,29.140,16.689600
11,11.151,2.104,20.330,16.690400
13,13.155,3.117,22.520,16.691200
15,15.159,0.630,24.710,16.692000
9,9.163,1.000,29.900,16.692800
11,11.167,2.013,21.090,16.693600
13,13.171,3.026,23.280,16.694400
15,15.175,0.539,25.470,16.695200
9,9.147,1.052,30.260,16.720000
11,11.151,2.065,21.450,16.720800
13,13.155,3.078,23.640,16.721600
15,15.159,0.591,25.830,16.722400
9,9.163,1.104,29.200,16.723200
11,11.167,2.117,20.390,16.724000
13,13.171,3.130,22.580,16.724800
15,15.175,0.500,24.770,16.725600
9,9.147,1.013,29.560,16.750400
11,11.151,2.026,20.750,16.751200
13,13.155,3.039,22.940,16.752000
15,15.159,0.552,25.130,16.752800
9,9.163,1.065,30.320,16.753600
11,11.167,2.078,21.510,16.754400
13,13.171,3.091,23.700,16.755200
15,15.175,0.604,25.890,16.756000
9,9.147,1.117,30.680,16.780800
11,11.151,2.130,20.050,16.781600
13,13.155,3.000,22.240,16.782400
15,15.159,0.513,24.430,16.783200
9,9.163,1.026,29.620,16.784000
11,11.167,2.039,20.810,16.784800
13,13.171,3.052,23.000,16.785600
15,15.175,0.565,25.190,16.786400
9,9.147,1.078,29.980,16.811200
11,11.151,2.091,21.170,16.812000
13,13.155,3.104,23.360,16.812800
15,15.159,0.617,25.550,16.813600
9,9.163,1.130,30.740,16.814400
11,11.167,2.000,21.930,16.815200
13,13.171,3.013,22.300,16.816000
15,15.175,0.526,24.490,16.816800
9,9.147,1.039,29.280,16.841600
11,11.151,2.052,20.470,16.842400
13,13.155,3.065,22.660,16.843200
15,15.159,0.578,24.850,16.844000
9,9.163,1.091,30.040,16.844800
11,11.167,2.104,21.230,16.845600
13,13.171,3.117,23.420,16.846400
15,15.175,0.630,25.610,16.847200
9,9.147,1.000,30.400,16.872000
11,11.151,2.013,21.590,16.872800
13,13.155,3.026,23.780,16.873600
15,15.159,0.539,24.150,16.874400
9,9.163,1.052,29.340,16.875200
11,11.167,2.065,20.530,16.876000
13,13.171,3.078,22.720,16.876800
15,15.175,0.591,24.910,16.877600
9,9.147,1.104,29.700,16.902400
11,11.151,2.117,20.890,16.903200
13,13.155,3.130,23.080,16.904000
15,15.159,0.500,25.270,16.904800
9,9.163,1.013,30.460,16.905600
11,11.167,2.026,21.650,16.906400
13,13.171,3.039,23.840,16.907200
15,15.175,0.552,26.030,16.908000
9,9.147,1.065,29.000,16.932800
11,11.151,2.078,20.190,16.933600
13,13.155,3.091,22.380,16.934400
15,15.159,0.604,24.570,16.935200
9,9.163,1.117,29.760,16.936000
11,11.167,2.130,20.950,16.936800
13,13.171,3.000,23.140,16.937600
15,15.175,0.513,25.330,16.938400
9,9.147,1.026,30.120,16.963200
11,11.151,2.039,21.310,16.964000
13,13.155,3.052,23.500,16.964800
15,15.159,0.565,25.690,16.965600
9,9.163,1.078,30.880,16.966400
11,11.167,2.091,20.250,16.967200
13,13.171,3.104,22.440,16.968000
15,15.175,0.617,24.630,16.968800
9,9.147,1.130,29.420,16.993600
11,11.151,2.000,20.610,16.994400
13,13.155,3.013,22.800,16.995200
15,15.159,0.526,24.990,16.996000
9,9.163,1.039,30.180,16.996800
11,11.167,2.052,21.370,16.997600
13,13.171,3.065,23.560,16.998400
15,15.175,0.578,25.750,16.999200
17,17.168,1.500,26.000,17.024000
19,19.172,2.513,28.190,17.024800
21,21.176,0.026,30.380,17.025600
23,23.180,1.039,21.570,17.026400
17,17.184,1.552,26.760,17.027200
19,19.188,2.565,28.950,17.028000
21,21.192,0.078,31.140,17.028800
23,23.196,1.091,22.330,17.029600
17,17.168,1.604,27.120,17.054400
19,19.172,2.617,29.310,17.055200
21,21.176,0.130,31.500,17.056000
23,23.180,1.000,22.690,17.056800
17,17.184,1.513,27.880,17.057600
19,19.188,2.526,28.250,17.058400
21,21.192,0.039,30.440,17.059200
23,23.196,1.052,21.630,17.060000
17,17.168,1.565,26.420,17.084800
19,19.172,2.578,28.610,17.085600
21,21.176,0.091,30.800,17.086400
23,23.180,1.104,21.990,17.087200
17,17.184,1.617,27.180,17.088000
19,19.188,2.630,29.370,17.088800
21,21.192,0.000,31.560,17.089600
23,23.196,1.013,22.750,17.090400
17,17.168,1.526,27.540,17.115200
19,19.172,2.539,29.730,17.116000
21,21.176,0.052,30.100,17.116800
23,23.180,1.065,21.290,17.117600
17,17.184,1.578,26.480,17.118400
19,19.188,2.591,28.670,17.119200
21,21.192,0.104,30.860,17.120000
23,23.196,1.117,22.050,17.120800
17,17.168,1.630,26.840,17.145600
19,19.172,2.500,29.030,17.146400
21,21.176,0.013,31.220,17.147200
23,23.180,1.026,22.410,17.148000
17,17.184,1.539,27.600,17.148800
19,19.188,2.552,29.790,17.149600
21,21.192,0.065,31.980,17.150400
23,23.196,1.078,21.350,17.151200
17,17.168,1.591,26.140,17.176000
19,19.172,2.604,28.330,17.176800
21,21.176,0.117,30.520,17.177600
23,23.180,1.130,21.710,17.178400
17,17.184,1.500,26.900,17.179200
19,19.188,2.513,29.090,17.180000
21,21.192,0.026,31.280,17.180800
23,23.196,1.039,22.470,17.181600
17,17.168,1.552,27.260,17.206400
19,19.172,2.565,29.450,17.207200
21,21.176,0.078,31.640,17.208000
23,23.180,1.091,22.830,17.208800
17,17.184,1.604,26.200,17.209600
19,19.188,2.617,28.390,17.210400
21,21.192,0.130,30.580,17.211200
23,23.196,1.000,21.770,17.212000
17,17.168,1.513,26.560,17.236800
19,19.172,2.526,28.750,17.237600
21,21.176,0.039,30.940,17.238400
23,23.180,1.052,22.130,17.239200
17,17.184,1.565,27.320,17.240000
19,19.188,2.578,29.510,17.240800
21,21.192,0.091,31.700,17.241600
23,23.196,1.104,22.890,17.242400
17,17.168,1.617,27.680,17.267200
19,19.172,2.630,28.050,17.268000
21,21.176,0.000,30.240,17.268800
23,23.180,1.013,21.430,17.269600
17,17.184,1.526,26.620,17.270400
19,19.188,2.539,28.810,17.271200
21,21.192,0.052,31.000,17.272000
23,23.196,1.065,22.190,17.272800
17,17.168,1.578,26.980,17.297600
19,19.172,2.591,29.170,17.298400
21,21.176,0.104,31.360,17.299200
23,23.180,1.117,22.550,17.300000
17,17.184,1.630,27.740,17.300800
19,19.188,2.500,29.930,17.301600
21,21.192,0.013,30.300,17.302400
23,23.196,1.026,21.490,17.303200
17,17.168,1.539,26.280,17.328000
19,19.172,2.552,28.470,17.328800
21,21.176,0.065,30.660,17.329600
23,23.180,1.078,21.850,17.330400
17,17.184,1.591,27.040,17.331200
19,19.188,2.604,29.230,17.332000
21,21.192,0.117,31.420,17.332800
23,23.196,1.130,22.610,17.333600
17,17.168,1.500,27.400,17.358400
19,19.172,2.513,29.590,17.359200
21,21.176,0.026,31.780,17.360000
23,23.180,1.039,21.150,17.360800
17,17.184,1.552,26.340,17.361600
19,19.188,2.565,28.530,17.362400
21,21.192,0.078,30.720,17.363200
23,23.196,1.091,21.910,17.364000
17,17.168,1.604,26.700,17.388800
19,19.172,2.617,28.890,17.389600
21,21.176,0.130,31.080,17.390400
23,23.180,1.000,22.270,17.391200
17,17.184,1.513,27.460,17.392000
19,19.188,2.526,29.650,17.392800
21,21.192,0.039,31.840,17.393600
23,23.196,1.052,23.030,17.394400
17,17.168,1.565,26.000,17.419200
19,19.172,2.578,28.190,17.420000
21,21.176,0.091,30.380,17.420800
23,23.180,1.104,21.570,17.421600
17,17.184,1.617,26.760,17.422400
19,19.188,2.630,28.950,17.423200
21,21.192,0.000,31.140,17.424000
23,23.196,1.013,22.330,17.424800
17,17.168,1.526,27.120,17.449600
19,19.172,2.539,29.310,17.450400
21,21.176,0.052,31.500,17.451200
23,23.180,1.065,22.690,17.452000
17,17.184,1.578,27.880,17.452800
19,19.188,2.591,28.250,17.453600
21,21.192,0.104,30.440,17.454400
23,23.196,1.117,21.630,17.455200
17,17.168,1.630,26.420,17.480000
19,19.172,2.500,28.610,17.480800
21,21.176,0.013,30.800,17.481600
23,23.180,1.026,21.990,17.482400
17,17.184,1.539,27.180,17.483200
19,19.188,2.552,29.370,17.484000
21,21.192,0.065,31.560,17.484800
23,23.196,1.078,22.750,17.485600
1,1.000,0.500,21.000,17.510400
3,3.004,1.513,23.190,17.511200
5,5.008,2.526,25.380,17.512000
7,7.012,0.039,27.570,17.512800
1,1.016,0.552,21.760,17.513600
3,3.020,1.565,23.950,17.514400
5,5.024,2.578,26.140,17.515200
7,7.028,0.091,28.330,17.516000
1,1.000,0.604,22.120,17.540800
3,3.004,1.617,24.310,17.541600
5,5.008,2.630,26.500,17.542400
7,7.012,0.000,28.690,17.543200
1,1.016,0.513,22.880,17.544000
3,3.020,1.526,23.250,17.544800
5,5.024,2.539,25.440,17.545600
7,7.028,0.052,27.630,17.546400
1,1.000,0.565,21.420,17.571200
3,3.004,1.578,23.610,17.572000
5,5.008,2.591,25.800,17.572800
7,7.012,0.104,27.990,17.573600
1,1.016,0.617,22.180,17.574400
3,3.020,1.630,24.370,17.575200
5,5.024,2.500,26.560,17.576000
7,7.028,0.013,28.750,17.576800
1,1.000,0.526,22.540,17.601600
3,3.004,1.539,24.730,17.602400
5,5.008,2.552,25.100,17.603200
7,7.012,0.065,27.290,17.604000
1,1.016,0.578,21.480,17.604800
3,3.020,1.591,23.670,17.605600
5,5.024,2.604,25.860,17.606400
7,7.028,0.117,28.050,17.607200
1,1.000,0.630,21.840,17.632000
3,3.004,1.500,24.030,17.632800
5,5.008,2.513,26.220,17.633600
7,7.012,0.026,28.410,17.634400
1,1.016,0.539,22.600,17.635200
3,3.020,1.552,24.790,17.636000
5,5.024,2.565,26.980,17.636800
7,7.028,0.078,27.350,17.637600
1,1.000,0.591,21.140,17.662400
3,3.004,1.604,23.330,17.663200
5,5.008,2.617,25.520,17.664000
7,7.012,0.130,27.710,17.664800
1,1.016,0.500,21.900,17.665600
3,3.020,1.513,24.090,17.666400
5,5.024,2.526,26.280,17.667200
7,7.028,0.039,28.470,17.668000
1,1.000,0.552,22.260,17.692800
3,3.004,1.565,24.450,17.693600
5,5.008,2.578,26.640,17.694400
7,7.012,0.091,28.830,17.695200
1,1.016,0.604,21.200,17.696000
3,3.020,1.617,23.390,17.696800
5,5.024,2.630,25.580,17.697600
7,7.028,0.000,27.770,17.698400
1,1.000,0.513,21.560,17.723200
3,3.004,1.526,23.750,17.724000
5,5.008,2.539,25.940,17.724800
7,7.012,0.052,28.130,17.725600
1,1.016,0.565,22.320,17.726400
3,3.020,1.578,24.510,17.727200
5,5.024,2.591,26.700,17.728000
7,7.028,0.104,28.890,17.728800
1,1.000,0.617,22.680,17.753600
3,3.004,1.630,23.050,17.754400
5,5.008,2.500,25.240,17.755200
7,7.012,0.013,27.430,17.756000
1,1.016,0.526,21.620,17.756800
3,3.020,1.539,23.810,17.757600
5,5.024,2.552,26.000,17.758400
7,7.028,0.065,28.190,17.759200
1,1.000,0.578,21.980,17.784000
3,3.004,1.591,24.170,17.784800
5,5.008,2.604,26.360,17.785600
7,7.012,0.117,28.550,17.786400
1,1.016,0.630,22.740,17.787200
3,3.020,1.500,24.930,17.788000
5,5.024,2.513,25.300,17.788800
7,7.028,0.026,27.490,17.789600
1,1.000,0.539,21.280,17.814400
3,3.004,1.552,23.470,17.815200
5,5.008,2.565,25.660,17.816000
7,7.012,0.078,27.850,17.816800
1,1.016,0.591,22.040,17.817600
3,3.020,1.604,24.230,17.818400
5,5.024,2.617,26.420,17.819200
7,7.028,0.130,28.610,17.820000
1,1.000,0.500,22.400,17.844800
3,3.004,1.513,24.590,17.845600
5,5.008,2.526,26.780,17.846400
7,7.012,0.039,27.150,17.847200
1,1.016,0.552,21.340,17.848000
3,3.020,1.565,23.530,17.848800
5,5.024,2.578,25.720,17.849600
7,7.028,0.091,27.910,17.850400
1,1.000,0.604,21.700,17.875200
3,3.004,1.617,23.890,17.876000
5,5.008,2.630,26.080,17.876800
7,7.012,0.000,28.270,17.877600
1,1.016,0.513,22.460,17.878400
3,3.020,1.526,24.650,17.879200
5,5.024,2.539,26.840,17.880000
7,7.028,0.052,29.030,17.880800
1,1.000,0.565,21.000,17.905600
3,3.004,1.578,23.190,17.906400
5,5.008,2.591,25.380,17.907200
7,7.012,0.104,27.570,17.908000
1,1.016,0.617,21.760,17.908800
3,3.020,1.630,23.950,17.909600
5,5.024,2.500,26.140,17.910400
7,7.028,0.013,28.330,17.911200
1,1.000,0.526,22.120,17.936000
3,3.004,1.539,24.310,17.936800
5,5.008,2.552,26.500,17.937600
7,7.012,0.065,28.690,17.938400
1,1.016,0.578,22.880,17.939200
3,3.020,1.591,23.250,17.940000
5,5.024,2.604,25.440,17.940800
7,7.028,0.117,27.630,17.941600
1,1.000,0.630,21.420,17.966400
3,3.004,1.500,23.610,17.967200
5,5.008,2.513,25.800,17.968000
7,7.012,0.026,27.990,17.968800
1,1.016,0.539,22.180,17.969600
3,3.020,1.552,24.370,17.970400
5,5.024,2.565,26.560,17.971200
7,7.028,0.078,28.750,17.972000
9,9.021,1.000,29.000,17.996800
11,11.025,2.013,20.190,17.997600
13,13.029,3.026,22.380,17.998400
15,15.033,0.539,24.570,17.999200
9,9.037,1.052,29.760,18.000000
11,11.041,2.065,20.950,18.000800
13,13.045,3.078,23.140,18.001600
15,15.049,0.591,25.330,18.002400
9,9.021,1.104,30.120,18.027200
11,11.025,2.117,21.310,18.028000
13,13.029,3.130,23.500,18.028800
15,15.033,0.500,25.690,18.029600
9,9.037,1.013,30.880,18.030400
11,11.041,2.026,20.250,18.031200
13,13.045,3.039,22.440,18.032000
15,15.049,0.552,24.630,18.032800
9,9.021,1.065,29.420,18.057600
11,11.025,2.078,20.610,18.058400
13,13.029,3.091,22.800,18.059200
15,15.033,0.604,24.990,18.060000
9,9.037,1.117,30.180,18.060800
11,11.041,2.130,21.370,18.061600
13,13.045,3.000,23.560,18.062400
15,15.049,0.513,25.750,18.063200
9,9.021,1.026,30.540,18.088000
11,11.025,2.039,21.730,18.088800
13,13.029,3.052,22.100,18.089600
15,15.033,0.565,24.290,18.090400
9,9.037,1.078,29.480,18.091200
11,11.041,2.091,20.670,18.092000
13,13.045,3.104,22.860,18.092800
15,15.049,0.617,25.050,18.093600
9,9.021,1.130,29.840,18.118400
11,11.025,2.000,21.030,18.119200
13,13.029,3.013,23.220,18.120000
15,15.033,0.526,25.410,18.120800
9,9.037,1.039,30.600,18.121600
11,11.041,2.052,21.790,18.122400
13,13.045,3.065,23.980,18.123200
15,15.049,0.578,24.350,18.124000
9,9.021,1.091,29.140,18.148800
11,11.025,2.104,20.330,18.149600
13,13.029,3.117,22.520,18.150400
15,15.033,0.630,24.710,18.151200
9,9.037,1.000,29.900,18.152000
11,11.041,2.013,21.090,18.152800
13,13.045,3.026,23.280,18.153600
15,15.049,0.539,25.470,18.154400
9,9.021,1.052,30.260,18.179200
11,11.025,2.065,21.450,18.180000
13,13.029,3.078,23.640,18.180800
15,15.033,0.591,25.830,18.181600
9,9.037,1.104,29.200,18.182400
11,11.041,2.117,20.390,18.183200
13,13.045,3.130,22.580,18.184000
15,15.049,0.500,24.770,18.184800
9,9.021,1.013,29.560,18.209600
11,11.025,2.026,20.750,18.210400
13,13.029,3.039,22.940,18.211200
15,15.033,0.552,25.130,18.212000
9,9.037,1.065,30.320,18.212800
11,11.041,2.078,21.510,18.213600
13,13.045,3.091,23.700,18.214400
15,15.049,0.604,25.890,18.215200
9,9.021,1.117,30.680,18.240000
11,11.025,2.130,20.050,18.240800
13,13.029,3.000,22.240,18.241600
15,15.033,0.513,24.430,18.242400
9,9.037,1.026,29.620,18.243200
11,11.041,2.039,20.810,18.244000
13,13.045,3.052,23.000,18.244800
15,15.049,0.565,25.190,18.245600
9,9.021,1.078,29.980,18.270400
11,11.025,2.091,21.170,18.271200
13,13.029,3.104,23.360,18.272000
15,15.033,0.617,25.550,18.272800
9,9.037,1.130,30.740,18.273600
11,11.041,2.000,21.930,18.274400
13,13.045,3.013,22.300,18.275200
15,15.049,0.526,24.490,18.276000
9,9.021,1.039,29.280,18.300800
11,11.025,2.052,20.470,18.301600
13,13.029,3.065,22.660,18.302400
15,15.033,0.578,24.850,18.303200
9,9.037,1.091,30.040,18.304000
11,11.041,2.104,21.230,18.304800
13,13.045,3.117,23.420,18.305600
15,15.049,0.630,25.610,18.306400
9,9.021,1.000,30.400,18.331200
11,11.025,2.013,21.590,18.332000
13,13.029,3.026,23.780,18.332800
15,15.033,0.539,24.150,18.333600
9,9.037,1.052,29.340,18.334400
11,11.041,2.065,20.530,18.335200
13,13.045,3.078,22.720,18.336000
15,15.049,0.591,24.910,18.336800
9,9.021,1.104,29.700,18.361600
11,11.025,2.117,20.890,18.362400
13,13.029,3.130,23.080,18.363200
15,15.033,0.500,25.270,18.364000
9,9.037,1.013,30.460,18.364800
11,11.041,2.026,21.650,18.365600
13,13.045,3.039,23.840,18.366400
15,15.049,0.552,26.030,18.367200
9,9.021,1.065,29.000,18.392000
11,11.025,2.078,20.190,18.392800
13,13.029,3.091,22.380,18.393600
15,15.033,0.604,24.570,18.394400
9,9.037,1.117,29.760,18.395200
11,11.041,2.130,20.950,18.396000
13,13.045,3.000,23.140,18.396800
15,15.049,0.513,25.330,18.397600
9,9.021,1.026,30.120,18.422400
11,11.025,2.039,21.310,18.423200
13,13.029,3.052,23.500,18.424000
15,15.033,0.565,25.690,18.424800
9,9.037,1.078,30.880,18.425600
11,11.041,2.091,20.250,18.426400
13,13.045,3.104,22.440,18.427200
15,15.049,0.617,24.630,18.428000
9,9.021,1.130,29.420,18.452800
11,11.025,2.000,20.610,18.453600
13,13.029,3.013,22.800,18.454400
15,15.033,0.526,24.990,18.455200
9,9.037,1.039,30.180,18.456000
11,11.041,2.052,21.370,18.456800
13,13.045,3.065,23.560,18.457600
15,15.049,0.578,25.750,18.458400
17,17.042,1.500,26.000,18.483200
19,19.046,2.513,28.190,18.484000
21,21.050,0.026,30.380,18.484800
23,23.054,1.039,21.570,18.485600
17,17.058,1.552,26.760,18.486400
19,19.062,2.565,28.950,18.487200
21,21.066,0.078,31.140,18.488000
23,23.070,1.091,22.330,18.488800
17,17.042,1.604,27.120,18.513600
19,19.046,2.617,29.310,18.514400
21,21.050,0.130,31.500,18.515200
23,23.054,1.000,22.690,18.516000
17,17.058,1.513,27.880,18.516800
19,19.062,2.526,28.250,18.517600
21,21.066,0.039,30.440,18.518400
23,23.070,1.052,21.630,18.519200
17,17.042,1.565,26.420,18.544000
19,19.046,2.578,28.610,18.544800
21,21.050,0.091,30.800,18.545600
23,23.054,1.104,21.990,18.546400
17,17.058,1.617,27.180,18.547200
19,19.062,2.630,29.370,18.548000
21,21.066,0.000,31.560,18.548800
23,23.070,1.013,22.750,18.549600
17,17.042,1.526,27.540,18.574400
19,19.046,2.539,29.730,18.575200
21,21.050,0.052,30.100,18.576000
23,23.054,1.065,21.290,18.576800
17,17.058,1.578,26.480,18.577600
19,19.062,2.591,28.670,18.578400
21,21.066,0.104,30.860,18.579200
23,23.070,1.117,22.050,18.580000
17,17.042,1.630,26.840,18.604800
19,19.046,2.500,29.030,18.605600
21,21.050,0.013,31.220,18.606400
23,23.054,1.026,22.410,18.607200
17,17.058,1.539,27.600,18.608000
19,19.062,2.552,29.790,18.608800
21,21.066,0.065,31.980,18.609600
23,23.070,1.078,21.350,18.610400
17,17.042,1.591,26.140,18.635200
19,19.046,2.604,28.330,18.636000
21,21.050,0.117,30.520,18.636800
23,23.054,1.130,21.710,18.637600
17,17.058,1.500,26.900,18.638400
19,19.062,2.513,29.090,18.639200
21,21.066,0.026,31.280,18.640000
23,23.070,1.039,22.470,18.640800
17,17.042,1.552,27.260,18.665600
19,19.046,2.565,29.450,18.666400
21,21.050,0.078,31.640,18.667200
23,23.054,1.091,22.830,18.668000
17,17.058,1.604,26.200,18.668800
19,19.062,2.617,28.390,18.669600
21,21.066,0.130,30.580,18.670400
23,23.070,1.000,21.770,18.671200
17,17.042,1.513,26.560,18.696000
19,19.046,2.526,28.750,18.696800
21,21.050,0.039,30.940,18.697600
23,23.054,1.052,22.130,18.698400
17,17.058,1.565,27.320,18.699200
19,19.062,2.578,29.510,18.700000
21,21.066,0.091,31.700,18.700800
23,23.070,1.104,22.890,18.701600
17,17.042,1.617,27.680,18.726400
19,19.046,2.630,28.050,18.727200
21,21.050,0.000,30.240,18.728000
23,23.054,1.013,21.430,18.728800
17,17.058,1.526,26.620,18.729600
19,19.062,2.539,28.810,18.730400
21,21.066,0.052,31.000,18.731200
23,23.070,1.065,22.190,18.732000
17,17.042,1.578,26.980,18.756800
19,19.046,2.591,29.170,18.757600
21,21.050,0.104,31.360,18.758400
23,23.054,1.117,22.550,18.759200
17,17.058,1.630,27.740,18.760000
19,19.062,2.500,29.930,18.760800
21,21.066,0.013,30.300,18.761600
23,23.070,1.026,21.490,18.762400
17,17.042,1.539,26.280,18.787200
19,19.046,2.552,28.470,18.788000
21,21.050,0.065,30.660,18.788800
23,23.054,1.078,21.850,18.789600
17,17.058,1.591,27.040,18.790400
19,19.062,2.604,29.230,18.791200
21,21.066,0.117,31.420,18.792000
23,23.070,1.130,22.610,18.792800
17,17.042,1.500,27.400,18.817600
19,19.046,2.513,29.590,18.818400
21,21.050,0.026,31.780,18.819200
23,23.054,1.039,21.150,18.820000
17,17.058,1.552,26.340,18.820800
19,19.062,2.565,28.530,18.821600
21,21.066,0.078,30.720,18.822400
23,23.070,1.091,21.910,18.823200
17,17.042,1.604,26.700,18.848000
19,19.046,2.617,28.890,18.848800
21,21.050,0.130,31.080,18.849600
23,23.054,1.000,22.270,18.850400
17,17.058,1.513,27.460,18.851200
19,19.062,2.526,29.650,18.852000
21,21.066,0.039,31.840,18.852800
23,23.070,1.052,23.030,18.853600
17,17.042,1.565,26.000,18.878400
19,19.046,2.578,28.190,18.879200
21,21.050,0.091,30.380,18.880000
23,23.054,1.104,21.570,18.880800
17,17.058,1.617,26.760,18.881600
19,19.062,2.630,28.950,18.882400
21,21.066,0.000,31.140,18.883200
23,23.070,1.013,22.330,18.884000
17,17.042,1.526,27.120,18.908800
19,19.046,2.539,29.310,18.909600
21,21.050,0.052,31.500,18.910400
23,23.054,1.065,22.690,18.911200
17,17.058,1.578,27.880,18.912000
19,19.062,2.591,28.250,18.912800
21,21.066,0.104,30.440,18.913600
23,23.070,1.117,21.630,18.914400
17,17.042,1.630,26.420,18.939200
19,19.046,2.500,28.610,18.940000
21,21.050,0.013,30.800,18.940800
23,23.054,1.026,21.990,18.941600
17,17.058,1.539,27.180,18.942400
19,19.062,2.552,29.370,18.943200
21,21.066,0.065,31.560,18.944000
23,23.070,1.078,22.750,18.944800
1,1.063,0.500,21.000,18.969600
3,3.067,1.513,23.190,18.970400
5,5.071,2.526,25.380,18.971200
7,7.075,0.039,27.570,18.972000
1,1.079,0.552,21.760,18.972800
3,3.083,1.565,23.950,18.973600
5,5.087,2.578,26.140,18.974400
7,7.091,0.091,28.330,18.975200
1,1.063,0.604,22.120,19.000000
3,3.067,1.617,24.310,19.000800
5,5.071,2.630,26.500,19.001600
7,7.075,0.000,28.690,19.002400
1,1.079,0.513,22.880,19.003200
3,3.083,1.526,23.250,19.004000
5,5.087,2.539,25.440,19.004800
7,7.091,0.052,27.630,19.005600
1,1.063,0.565,21.420,19.030400
3,3.067,1.578,23.610,19.031200
5,5.071,2.591,25.800,19.032000
7,7.075,0.104,27.990,19.032800
1,1.079,0.617,22.180,19.033600
3,3.083,1.630,24.370,19.034400
5,5.087,2.500,26.560,19.035200
7,7.091,0.013,28.750,19.036000
1,1.063,0.526,22.540,19.060800
3,3.067,1.539,24.730,19.061600
5,5.071,2.552,25.100,19.062400
7,7.075,0.065,27.290,19.063200
1,1.079,0.578,21.480,19.064000
3,3.083,1.591,23.670,19.064800
5,5.087,2.604,25.860,19.065600
7,7.091,0.117,28.050,19.066400
1,1.063,0.630,21.840,19.091200
3,3.067,1.500,24.030,19.092000
5,5.071,2.513,26.220,19.092800
7,7.075,0.026,28.410,19.093600
1,1.079,0.539,22.600,19.094400
3,3.083,1.552,24.790,19.095200
5,5.087,2.565,26.980,19.096000
7,7.091,0.078,27.350,19.096800
1,1.063,0.591,21.140,19.121600
3,3.067,1.604,23.330,19.122400
5,5.071,2.617,25.520,19.123200
7,7.075,0.130,27.710,19.124000
1,1.079,0.500,21.900,19.124800
3,3.083,1.513,24.090,19.125600
5,5.087,2.526,26.280,19.126400
7,7.091,0.039,28.470,19.127200
1,1.063,0.552,22.260,19.152000
3,3.067,1.565,24.450,19.152800
5,5.071,2.578,26.640,19.153600
7,7.075,0.091,28.830,19.154400
1,1.079,0.604,21.200,19.155200
3,3.083,1.617,23.390,19.156000
5,5.087,2.630,25.580,19.156800
7,7.091,0.000,27.770,19.157600
1,1.063,0.513,21.560,19.182400
3,3.067,1.526,23.750,19.183200
5,5.071,2.539,25.940,19.184000
7,7.075,0.052,28.130,19.184800
1,1.079,0.565,22.320,19.185600
3,3.083,1.578,24.510,19.186400
5,5.087,2.591,26.700,19.187200
7,7.091,0.104,28.890,19.188000
1,1.063,0.617,22.680,19.212800
3,3.067,1.630,23.050,19.213600
5,5.071,2.500,25.240,19.214400
7,7.075,0.013,27.430,19.215200
1,1.079,0.526,21.620,19.216000
3,3.083,1.539,23.810,19.216800
5,5.087,2.552,26.000,19.217600
7,7.091,0.065,28.190,19.218400
1,1.063,0.578,21.980,19.243200
3,3.067,1.591,24.170,19.244000
5,5.071,2.604,26.360,19.244800
7,7.075,0.117,28.550,19.245600
1,1.079,0.630,22.740,19.246400
3,3.083,1.500,24.930,19.247200
5,5.087,2.513,25.300,19.248000
7,7.091,0.026,27.490,19.248800
1,1.063,0.539,21.280,19.273600
3,3.067,1.552,23.470,19.274400
5,5.071,2.565,25.660,19.275200
7,7.075,0.078,27.850,19.276000
1,1.079,0.591,22.040,19.276800
3,3.083,1.604,24.230,19.277600
5,5.087,2.617,26.420,19.278400
7,7.091,0.130,28.610,19.279200
1,1.063,0.500,22.400,19.304000
3,3.067,1.513,24.590,19.304800
5,5.071,2.526,26.780,19.305600
7,7.075,0.039,27.150,19.306400
1,1.079,0.552,21.340,19.307200
3,3.083,1.565,23.530,19.308000
5,5.087,2.578,25.720,19.308800
7,7.091,0.091,27.910,19.309600
1,1.063,0.604,21.700,19.334400
3,3.067,1.617,23.890,19.335200
5,5.071,2.630,26.080,19.336000
7,7.075,0.000,28.270,19.336800
1,1.079,0.513,22.460,19.337600
3,3.083,1.526,24.650,19.338400
5,5.087,2.539,26.840,19.339200
7,7.091,0.052,29.030,19.340000
1,1.063,0.565,21.000,19.364800
3,3.067,1.578,23.190,19.365600
5,5.071,2.591,25.380,19.366400
7,7.075,0.104,27.570,19.367200
1,1.079,0.617,21.760,19.368000
3,3.083,1.630,23.950,19.368800
5,5.087,2.500,26.140,19.369600
7,7.091,0.013,28.330,19.370400
1,1.063,0.526,22.120,19.395200
3,3.067,1.539,24.310,19.396000
5,5.071,2.552,26.500,19.396800
7,7.075,0.065,28.690,19.397600
1,1.079,0.578,22.880,19.398400
3,3.083,1.591,23.250,19.399200
5,5.087,2.604,25.440,19.400000
7,7.091,0.117,27.630,19.400800
1,1.063,0.630,21.420,19.425600
3,3.067,1.500,23.610,19.426400
5,5.071,2.513,25.800,19.427200
7,7.075,0.026,27.990,19.428000
1,1.079,0.539,22.180,19.428800
3,3.083,1.552,24.370,19.429600
5,5.087,2.565,26.560,19.430400
7,7.091,0.078,28.750,19.431200
9,9.084,1.000,29.000,19.456000
11,11.088,2.013,20.190,19.456800
13,13.092,3.026,22.380,19.457600
15,15.096,0.539,24.570,19.458400
9,9.100,1.052,29.760,19.459200
11,11.104,2.065,20.950,19.460000
13,13.108,3.078,23.140,19.460800
15,15.112,0.591,25.330,19.461600
9,9.084,1.104,30.120,19.486400
11,11.088,2.117,21.310,19.487200
13,13.092,3.130,23.500,19.488000
15,15.096,0.500,25.690,19.488800
9,9.100,1.013,30.880,19.489600
11,11.104,2.026,20.250,19.490400
13,13.108,3.039,22.440,19.491200
15,15.112,0.552,24.630,19.492000
9,9.084,1.065,29.420,19.516800
11,11.088,2.078,20.610,19.517600
13,13.092,3.091,22.800,19.518400
15,15.096,0.604,24.990,19.519200
9,9.100,1.117,30.180,19.520000
11,11.104,2.130,21.370,19.520800
13,13.108,3.000,23.560,19.521600
15,15.112,0.513,25.750,19.522400
9,9.084,1.026,30.540,19.547200
11,11.088,2.039,21.730,19.548000
13,13.092,3.052,22.100,19.548800
15,15.096,0.565,24.290,19.549600
9,9.100,1.078,29.480,19.550400
11,11.104,2.091,20.670,19.551200
13,13.108,3.104,22.860,19.552000
15,15.112,0.617,25.050,19.552800
9,9.084,1.130,29.840,19.577600
11,11.088,2.000,21.030,19.578400
13,13.092,3.013,23.220,19.579200
15,15.096,0.526,25.410,19.580000
9,9.100,1.039,30.600,19.580800
11,11.104,2.052,21.790,19.581600
13,13.108,3.065,23.980,19.582400
15,15.112,0.578,24.350,19.583200
9,9.084,1.091,29.140,19.608000
11,11.088,2.104,20.330,19.608800
13,13.092,3.117,22.520,19.609600
15,15.096,0.630,24.710,19.610400
9,9.100,1.000,29.900,19.611200
11,11.104,2.013,21.090,19.612000
13,13.108,3.026,23.280,19.612800
15,15.112,0.539,25.470,19.613600
9,9.084,1.052,30.260,19.638400
11,11.088,2.065,21.450,19.639200
13,13.092,3.078,23.640,19.640000
15,15.096,0.591,25.830,19.640800
9,9.100,1.104,29.200,19.641600
11,11.104,2.117,20.390,19.642400
13,13.108,3.130,22.580,19.643200
15,15.112,0.500,24.770,19.644000
9,9.084,1.013,29.560,19.668800
11,11.088,2.026,20.750,19.669600
13,13.092,3.039,22.940,19.670400
15,15.096,0.552,25.130,19.671200
9,9.100,1.065,30.320,19.672000
11,11.104,2.078,21.510,19.672800
13,13.108,3.091,23.700,19.673600
15,15.112,0.604,25.890,19.674400
9,9.084,1.117,30.680,19.699200
11,11.088,2.130,20.050,19.700000
13,13.092,3.000,22.240,19.700800
15,15.096,0.513,24.430,19.701600
9,9.100,1.026,29.620,19.702400
11,11.104,2.039,20.810,19.703200
13,13.108,3.052,23.000,19.704000
15,15.112,0.565,25.190,19.704800
9,9.084,1.078,29.980,19.729600
11,11.088,2.091,21.170,19.730400
13,13.092,3.104,23.360,19.731200
15,15.096,0.617,25.550,19.732000
9,9.100,1.130,30.740,19.732800
11,11.104,2.000,21.930,19.733600
13,13.108,3.013,22.300,19.734400
15,15.112,0.526,24.490,19.735200
9,9.084,1.039,29.280,19.760000
11,11.088,2.052,20.470,19.760800
13,13.092,3.065,22.660,19.761600
15,15.096,0.578,24.850,19.762400
9,9.100,1.091,30.040,19.763200
11,11.104,2.104,21.230,19.764000
13,13.108,3.117,23.420,19.764800
15,15.112,0.630,25.610,19.765600
9,9.084,1.000,30.400,19.790400
11,11.088,2.013,21.590,19.791200
13,13.092,3.026,23.780,19.792000
15,15.096,0.539,24.150,19.792800
9,9.100,1.052,29.340,19.793600
11,11.104,2.065,20.530,19.794400
13,13.108,3.078,22.720,19.795200
15,15.112,0.591,24.910,19.796000
9,9.084,1.104,29.700,19.820800
11,11.088,2.117,20.890,19.821600
13,13.092,3.130,23.080,19.822400
15,15.096,0.500,25.270,19.823200
9,9.100,1.013,30.460,19.824000
11,11.104,2.026,21.650,19.824800
13,13.108,3.039,23.840,19.825600
15,15.112,0.552,26.030,19.826400
9,9.084,1.065,29.000,19.851200
11,11.088,2.078,20.190,19.852000
13,13.092,3.091,22.380,19.852800
15,15.096,0.604,24.570,19.853600
9,9.100,1.117,29.760,19.854400
11,11.104,2.130,20.950,19.855200
13,13.108,3.000,23.140,19.856000
15,15.112,0.513,25.330,19.856800
9,9.084,1.026,30.120,19.881600
11,11.088,2.039,21.310,19.882400
13,13.092,3.052,23.500,19.883200
15,15.096,0.565,25.690,19.884000
9,9.100,1.078,30.880,19.884800
11,11.104,2.091,20.250,19.885600
13,13.108,3.104,22.440,19.886400
15,15.112,0.617,24.630,19.887200
9,9.084,1.130,29.420,19.912000
11,11.088,2.000,20.610,19.912800
13,13.092,3.013,22.800,19.913600
15,15.096,0.526,24.990,19.914400
9,9.100,1.039,30.180,19.915200
11,11.104,2.052,21.370,19.916000
13,13.108,3.065,23.560,19.916800
15,15.112,0.578,25.750,19.917600
17,17.105,1.500,26.000,19.942400
19,19.109,2.513,28.190,19.943200
21,21.113,0.026,30.380,19.944000
23,23.117,1.039,21.570,19.944800
17,17.121,1.552,26.760,19.945600
19,19.125,2.565,28.950,19.946400
21,21.129,0.078,31.140,19.947200
23,23.133,1.091,22.330,19.948000
17,17.105,1.604,27.120,19.972800
19,19.109,2.617,29.310,19.973600
21,21.113,0.130,31.500,19.974400
23,23.117,1.000,22.690,19.975200
17,17.121,1.513,27.880,19.976000
19,19.125,2.526,28.250,19.976800
21,21.129,0.039,30.440,19.977600
23,23.133,1.052,21.630,19.978400
17,17.105,1.565,26.420,20.003200
19,19.109,2.578,28.610,20.004000
21,21.113,0.091,30.800,20.004800
23,23.117,1.104,21.990,20.005600
17,17.121,1.617,27.180,20.006400
19,19.125,2.630,29.370,20.007200
21,21.129,0.000,31.560,20.008000
23,23.133,1.013,22.750,20.008800
17,17.105,1.526,27.540,20.033600
19,19.109,2.539,29.730,20.034400
21,21.113,0.052,30.100,20.035200
23,23.117,1.065,21.290,20.036000
17,17.121,1.578,26.480,20.036800
19,19.125,2.591,28.670,20.037600
21,21.129,0.104,30.860,20.038400
23,23.133,1.117,22.050,20.039200
17,17.105,1.630,26.840,20.064000
19,19.109,2.500,29.030,20.064800
21,21.113,0.013,31.220,20.065600
23,23.117,1.026,22.410,20.066400
17,17.121,1.539,27.600,20.067200
19,19.125,2.552,29.790,20.068000
21,21.129,0.065,31.980,20.068800
23,23.133,1.078,21.350,20.069600
17,17.105,1.591,26.140,20.094400
19,19.109,2.604,28.330,20.095200
21,21.113,0.117,30.520,20.096000
23,23.117,1.130,21.710,20.096800
17,17.121,1.500,26.900,20.097600
19,19.125,2.513,29.090,20.098400
21,21.129,0.026,31.280,20.099200
23,23.133,1.039,22.470,20.100000
17,17.105,1.552,27.260,20.124800
19,19.109,2.565,29.450,20.125600
21,21.113,0.078,31.640,20.126400
23,23.117,1.091,22.830,20.127200
17,17.121,1.604,26.200,20.128000
19,19.125,2.617,28.390,20.128800
21,21.129,0.130,30.580,20.129600
23,23.133,1.000,21.770,20.130400
17,17.105,1.513,26.560,20.155200
19,19.109,2.526,28.750,20.156000
21,21.113,0.039,30.940,20.156800
23,23.117,1.052,22.130,20.157600
17,17.121,1.565,27.320,20.158400
19,19.125,2.578,29.510,20.159200
21,21.129,0.091,31.700,20.160000
23,23.133,1.104,22.890,20.160800
17,17.105,1.617,27.680,20.185600
19,19.109,2.630,28.050,20.186400
21,21.113,0.000,30.240,20.187200
23,23.117,1.013,21.430,20.188000
17,17.121,1.526,26.620,20.188800
19,19.125,2.539,28.810,20.189600
21,21.129,0.052,31.000,20.190400
23,23.133,1.065,22.190,20.191200
17,17.105,1.578,26.980,20.216000
19,19.109,2.591,29.170,20.216800
21,21.113,0.104,31.360,20.217600
23,23.117,1.117,22.550,20.218400
17,17.121,1.630,27.740,20.219200
19,19.125,2.500,29.930,20.220000
21,21.129,0.013,30.300,20.220800
23,23.133,1.026,21.490,20.221600
17,17.105,1.539,26.280,20.246400
19,19.109,2.552,28.470,20.247200
21,21.113,0.065,30.660,20.248000
23,23.117,1.078,21.850,20.248800
17,17.121,1.591,27.040,20.249600
19,19.125,2.604,29.230,20.250400
21,21.129,0.117,31.420,20.251200
23,23.133,1.130,22.610,20.252000
17,17.105,1.500,27.400,20.276800
19,19.109,2.513,29.590,20.277600
21,21.113,0.026,31.780,20.278400
23,23.117,1.039,21.150,20.279200
17,17.121,1.552,26.340,20.280000
19,19.125,2.565,28.530,20.280800
21,21.129,0.078,30.720,20.281600
23,23.133,1.091,21.910,20.282400
17,17.105,1.604,26.700,20.307200
19,19.109,2.617,28.890,20.308000
21,21.113,0.130,31.080,20.308800
23,23.117,1.000,22.270,20.309600
17,17.121,1.513,27.460,20.310400
19,19.125,2.526,29.650,20.311200
21,21.129,0.039,31.840,20.312000
23,23.133,1.052,23.030,20.312800
17,17.105,1.565,26.000,20.337600
19,19.109,2.578,28.190,20.338400
21,21.113,0.091,30.380,20.339200
23,23.117,1.104,21.570,20.340000
17,17.121,1.617,26.760,20.340800
19,19.125,2.630,28.950,20.341600
21,21.129,0.000,31.140,20.342400
23,23.133,1.013,22.330,20.343200
17,17.105,1.526,27.120,20.368000
19,19.109,2.539,29.310,20.368800
21,21.113,0.052,31.500,20.369600
23,23.117,1.065,22.690,20.370400
17,17.121,1.578,27.880,20.371200
19,19.125,2.591,28.250,20.372000
21,21.129,0.104,30.440,20.372800
23,23.133,1.117,21.630,20.373600
17,17.105,1.630,26.420,20.398400
19,19.109,2.500,28.610,20.399200
21,21.113,0.013,30.800,20.400000
23,23.117,1.026,21.990,20.400800
17,17.121,1.539,27.180,20.401600
19,19.125,2.552,29.370,20.402400
21,21.129,0.065,31.560,20.403200
23,23.133,1.078,22.750,20.404000
1,1.126,0.500,21.000,20.428800
3,3.130,1.513,23.190,20.429600
5,5.134,2.526,25.380,20.430400
7,7.138,0.039,27.570,20.431200
1,1.142,0.552,21.760,20.432000
3,3.146,1.565,23.950,20.432800
5,5.150,2.578,26.140,20.433600
7,7.154,0.091,28.330,20.434400
1,1.126,0.604,22.120,20.459200
3,3.130,1.617,24.310,20.460000
5,5.134,2.630,26.500,20.460800
7,7.138,0.000,28.690,20.461600
1,1.142,0.513,22.880,20.462400
3,3.146,1.526,23.250,20.463200
5,5.150,2.539,25.440,20.464000
7,7.154,0.052,27.630,20.464800
1,1.126,0.565,21.420,20.489600
3,3.130,1.578,23.610,20.490400
5,5.134,2.591,25.800,20.491200
7,7.138,0.104,27.990,20.492000
1,1.142,0.617,22.180,20.492800
3,3.146,1.630,24.370,20.493600
5,5.150,2.500,26.560,20.494400
7,7.154,0.013,28.750,20.495200
1,1.126,0.526,22.540,20.520000
3,3.130,1.539,24.730,20.520800
5,5.134,2.552,25.100,20.521600
7,7.138,0.065,27.290,20.522400
1,1.142,0.578,21.480,20.523200
3,3.146,1.591,23.670,20.524000
5,5.150,2.604,25.860,20.524800
7,7.154,0.117,28.050,20.525600
1,1.126,0.630,21.840,20.550400
3,3.130,1.500,24.030,20.551200
5,5.134,2.513,26.220,20.552000
7,7.138,0.026,28.410,20.552800
1,1.142,0.539,22.600,20.553600
3,3.146,1.552,24.790,20.554400
5,5.150,2.565,26.980,20.555200
7,7.154,0.078,27.350,20.556000
1,1.126,0.591,21.140,20.580800
3,3.130,1.604,23.330,20.581600
5,5.134,2.617,25.520,20.582400
7,7.138,0.130,27.710,20.583200
1,1.142,0.500,21.900,20.584000
3,3.146,1.513,24.090,20.584800
5,5.150,2.526,26.280,20.585600
7,7.154,0.039,28.470,20.586400
1,1.126,0.552,22.260,20.611200
3,3.130,1.565,24.450,20.612000
5,5.134,2.578,26.640,20.612800
7,7.138,0.091,28.830,20.613600
1,1.142,0.604,21.200,20.614400
3,3.146,1.617,23.390,20.615200
5,5.150,2.630,25.580,20.616000
7,7.154,0.000,27.770,20.616800
1,1.126,0.513,21.560,20.641600
3,3.130,1.526,23.750,20.642400
5,5.134,2.539,25.940,20.643200
7,7.138,0.052,28.130,20.644000
1,1.142,0.565,22.320,20.644800
3,3.146,1.578,24.510,20.645600
5,5.150,2.591,26.700,20.646400
7,7.154,0.104,28.890,20.647200
1,1.126,0.617,22.680,20.672000
3,3.130,1.630,23.050,20.672800
5,5.134,2.500,25.240,20.673600
7,7.138,0.013,27.430,20.674400
1,1.142,0.526,21.620,20.675200
3,3.146,1.539,23.810,20.676000
5,5.150,2.552,26.000,20.676800
7,7.154,0.065,28.190,20.677600
1,1.126,0.578,21.980,20.702400
3,3.130,1.591,24.170,20.703200
5,5.134,2.604,26.360,20.704000
7,7.138,0.117,28.550,20.704800
1,1.142,0.630,22.740,20.705600
3,3.146,1.500,24.930,20.706400
5,5.150,2.513,25.300,20.707200
7,7.154,0.026,27.490,20.708000
1,1.126,0.539,21.280,20.732800
3,3.130,1.552,23.470,20.733600
5,5.134,2.565,25.660,20.734400
7,7.138,0.078,27.850,20.735200
1,1.142,0.591,22.040,20.736000
3,3.146,1.604,24.230,20.736800
5,5.150,2.617,26.420,20.737600
7,7.154,0.130,28.610,20.738400
1,1.126,0.500,22.400,20.763200
3,3.130,1.513,24.590,20.764000
5,5.134,2.526,26.780,20.764800
7,7.138,0.039,27.150,20.765600
1,1.142,0.552,21.340,20.766400
3,3.146,1.565,23.530,20.767200
5,5.150,2.578,25.720,20.768000
7,7.154,0.091,27.910,20.768800
1,1.126,0.604,21.700,20.793600
3,3.130,1.617,23.890,20.794400
5,5.134,2.630,26.080,20.795200
7,7.138,0.000,28.270,20.796000
1,1.142,0.513,22.460,20.796800
3,3.146,1.526,24.650,20.797600
5,5.150,2.539,26.840,20.798400
7,7.154,0.052,29.030,20.799200
1,1.126,0.565,21.000,20.824000
3,3.130,1.578,23.190,20.824800
5,5.134,2.591,25.380,20.825600
7,7.138,0.104,27.570,20.826400
1,1.142,0.617,21.760,20.827200
3,3.146,1.630,23.950,20.828000
5,5.150,2.500,26.140,20.828800
7,7.154,0.013,28.330,20.829600
1,1.126,0.526,22.120,20.854400
3,3.130,1.539,24.310,20.855200
5,5.134,2.552,26.500,20.856000
7,7.138,0.065,28.690,20.856800
1,1.142,0.578,22.880,20.857600
3,3.146,1.591,23.250,20.858400
5,5.150,2.604,25.440,20.859200
7,7.154,0.117,27.630,20.860000
1,1.126,0.630,21.420,20.884800
3,3.130,1.500,23.610,20.885600
5,5.134,2.513,25.800,20.886400
7,7.138,0.026,27.990,20.887200
1,1.142,0.539,22.180,20.888000
3,3.146,1.552,24.370,20.888800
5,5.150,2.565,26.560,20.889600
7,7.154,0.078,28.750,20.890400
9,9.147,1.000,29.000,20.915200
11,11.151,2.013,20.190,20.916000
13,13.155,3.026,22.380,20.916800
15,15.159,0.539,24.570,20.917600
9,9.163,1.052,29.760,20.918400
11,11.167,2.065,20.950,20.919200
13,13.171,3.078,23.140,20.920000
15,15.175,0.591,25.330,20.920800
9,9.147,1.104,30.120,20.945600
11,11.151,2.117,21.310,20.946400
13,13.155,3.130,23.500,20.947200
15,15.159,0.500,25.690,20.948000
9,9.163,1.013,30.880,20.948800
11,11.167,2.026,20.250,20.949600
13,13.171,3.039,22.440,20.950400
15,15.175,0.552,24.630,20.951200
9,9.147,1.065,29.420,20.976000
11,11.151,2.078,20.610,20.976800
13,13.155,3.091,22.800,20.977600
15,15.159,0.604,24.990,20.978400
9,9.163,1.117,30.180,20.979200
11,11.167,2.130,21.370,20.980000
13,13.171,3.000,23.560,20.980800
15,15.175,0.513,25.750,20.981600
9,9.147,1.026,30.540,21.006400
11,11.151,2.039,21.730,21.007200
13,13.155,3.052,22.100,21.008000
15,15.159,0.565,24.290,21.008800
9,9.163,1.078,29.480,21.009600
11,11.167,2.091,20.670,21.010400
13,13.171,3.104,22.860,21.011200
15,15.175,0.617,25.050,21.012000
9,9.147,1.130,29.840,21.036800
11,11.151,2.000,21.030,21.037600
13,13.155,3.013,23.220,21.038400
15,15.159,0.526,25.410,21.039200
9,9.163,1.039,30.600,21.040000
11,11.167,2.052,21.790,21.040800
13,13.171,3.065,23.980,21.041600
15,15.175,0.578,24.350,21.042400
9,9.147,1.091,29.140,21.067200
11,11.151,2.104,20.330,21.068000
13,13.155,3.117,22.520,21.068800
15,15.159,0.630,24.710,21.069600
9,9.163,1.000,29.900,21.070400
11,11.167,2.013,21.090,21.071200
13,13.171,3.026,23.280,21.072000
15,15.175,0.539,25.470,21.072800
9,9.147,1.052,30.260,21.097600
11,11.151,2.065,21.450,21.098400
13,13.155,3.078,23.640,21.099200
15,15.159,0.591,25.830,21.100000
9,9.163,1.104,29.200,21.100800
11,11.167,2.117,20.390,21.101600
13,13.171,3.130,22.580,21.102400
15,15.175,0.500,24.770,21.103200
9,9.147,1.013,29.560,21.128000
11,11.151,2.026,20.750,21.128800
13,13.155,3.039,22.940,21.129600
15,15.159,0.552,25.130,21.130400
9,9.163,1.065,30.320,21.131200
11,11.167,2.078,21.510,21.132000
13,13.171,3.091,23.700,21.132800
15,15.175,0.604,25.890,21.133600
9,9.147,1.117,30.680,21.158400
11,11.151,2.130,20.050,21.159200
13,13.155,3.000,22.240,21.160000
15,15.159,0.513,24.430,21.160800
9,9.163,1.026,29.620,21.161600
11,11.167,2.039,20.810,21.162400
13,13.171,3.052,23.000,21.163200
15,15.175,0.565,25.190,21.164000
9,9.147,1.078,29.980,21.188800
11,11.151,2.091,21.170,21.189600
13,13.155,3.104,23.360,21.190400
15,15.159,0.617,25.550,21.191200
9,9.163,1.130,30.740,21.192000
11,11.167,2.000,21.930,21.192800
13,13.171,3.013,22.300,21.193600
15,15.175,0.526,24.490,21.194400
9,9.147,1.039,29.280,21.219200
11,11.151,2.052,20.470,21.220000
13,13.155,3.065,22.660,21.220800
15,15.159,0.578,24.850,21.221600
9,9.163,1.091,30.040,21.222400
11,11.167,2.104,21.230,21.223200
13,13.171,3.117,23.420,21.224000
15,15.175,0.630,25.610,21.224800
9,9.147,1.000,30.400,21.249600
11,11.151,2.013,21.590,21.250400
13,13.155,3.026,23.780,21.251200
15,15.159,0.539,24.150,21.252000
9,9.163,1.052,29.340,21.252800
11,11.167,2.065,20.530,21.253600
13,13.171,3.078,22.720,21.254400
15,15.175,0.591,24.910,21.255200
9,9.147,1.104,29.700,21.280000
11,11.151,2.117,20.890,21.280800
13,13.155,3.130,23.080,21.281600
15,15.159,0.500,25.270,21.282400
9,9.163,1.013,30.460,21.283200
11,11.167,2.026,21.650,21.284000
13,13.171,3.039,23.840,21.284800
15,15.175,0.552,26.030,21.285600
9,9.147,1.065,29.000,21.310400
11,11.151,2.078,20.190,21.311200
13,13.155,3.091,22.380,21.312000
15,15.159,0.604,24.570,21.312800
9,9.163,1.117,29.760,21.313600
11,11.167,2.130,20.950,21.314400
13,13.171,3.000,23.140,21.315200
15,15.175,0.513,25.330,21.316000
9,9.147,1.026,30.120,21.340800
11,11.151,2.039,21.310,21.341600
13,13.155,3.052,23.500,21.342400
15,15.159,0.565,25.690,21.343200
9,9.163,1.078,30.880,21.344000
11,11.167,2.091,20.250,21.344800
13,13.171,3.104,22.440,21.345600
15,15.175,0.617,24.630,21.346400
9,9.147,1.130,29.420,21.371200
11,11.151,2.000,20.610,21.372000
13,13.155,3.013,22.800,21.372800
15,15.159,0.526,24.990,21.373600
9,9.163,1.039,30.180,21.374400
11,11.167,2.052,21.370,21.375200
13,13.171,3.065,23.560,21.376000
15,15.175,0.578,25.750,21.376800
17,17.168,1.500,26.000,21.401600
19,19.172,2.513,28.190,21.402400
21,21.176,0.026,30.380,21.403200
23,23.180,1.039,21.570,21.404000
17,17.184,1.552,26.760,21.404800
19,19.188,2.565,28.950,21.405600
21,21.192,0.078,31.140,21.406400
23,23.196,1.091,22.330,21.407200
17,17.168,1.604,27.120,21.432000
19,19.172,2.617,29.310,21.432800
21,21.176,0.130,31.500,21.433600
23,23.180,1.000,22.690,21.434400
17,17.184,1.513,27.880,21.435200
19,19.188,2.526,28.250,21.436000
21,21.192,0.039,30.440,21.436800
23,23.196,1.052,21.630,21.437600
17,17.168,1.565,26.420,21.462400
19,19.172,2.578,28.610,21.463200
21,21.176,0.091,30.800,21.464000
23,23.180,1.104,21.990,21.464800
17,17.184,1.617,27.180,21.465600
19,19.188,2.630,29.370,21.466400
21,21.192,0.000,31.560,21.467200
23,23.196,1.013,22.750,21.468000
17,17.168,1.526,27.540,21.492800
19,19.172,2.539,29.730,21.493600
21,21.176,0.052,30.100,21.494400
23,23.180,1.065,21.290,21.495200
17,17.184,1.578,26.480,21.496000
19,19.188,2.591,28.670,21.496800
21,21.192,0.104,30.860,21.497600
23,23.196,1.117,22.050,21.498400
17,17.168,1.630,26.840,21.523200
19,19.172,2.500,29.030,21.524000
21,21.176,0.013,31.220,21.524800
23,23.180,1.026,22.410,21.525600
17,17.184,1.539,27.600,21.526400
19,19.188,2.552,29.790,21.527200
21,21.192,0.065,31.980,21.528000
23,23.196,1.078,21.350,21.528800
17,17.168,1.591,26.140,21.553600
19,19.172,2.604,28.330,21.554400
21,21.176,0.117,30.520,21.555200
23,23.180,1.130,21.710,21.556000
17,17.184,1.500,26.900,21.556800
19,19.188,2.513,29.090,21.557600
21,21.192,0.026,31.280,21.558400
23,23.196,1.039,22.470,21.559200
17,17.168,1.552,27.260,21.584000
19,19.172,2.565,29.450,21.584800
21,21.176,0.078,31.640,21.585600
23,23.180,1.091,22.830,21.586400
17,17.184,1.604,26.200,21.587200
19,19.188,2.617,28.390,21.588000
21,21.192,0.130,30.580,21.588800
23,23.196,1.000,21.770,21.589600
17,17.168,1.513,26.560,21.614400
19,19.172,2.526,28.750,21.615200
21,21.176,0.039,30.940,21.616000
23,23.180,1.052,22.130,21.616800
17,17.184,1.565,27.320,21.617600
19,19.188,2.578,29.510,21.618400
21,21.192,0.091,31.700,21.619200
23,23.196,1.104,22.890,21.620000
17,17.168,1.617,27.680,21.644800
19,19.172,2.630,28.050,21.645600
21,21.176,0.000,30.240,21.646400
23,23.180,1.013,21.430,21.647200
17,17.184,1.526,26.620,21.648000
19,19.188,2.539,28.810,21.648800
21,21.192,0.052,31.000,21.649600
23,23.196,1.065,22.190,21.650400
17,17.168,1.578,26.980,21.675200
19,19.172,2.591,29.170,21.676000
21,21.176,0.104,31.360,21.676800
23,23.180,1.117,22.550,21.677600
17,17.184,1.630,27.740,21.678400
19,19.188,2.500,29.930,21.679200
21,21.192,0.013,30.300,21.680000
23,23.196,1.026,21.490,21.680800
17,17.168,1.539,26.280,21.705600
19,19.172,2.552,28.470,21.706400
21,21.176,0.065,30.660,21.707200
23,23.180,1.078,21.850,21.708000
17,17.184,1.591,27.040,21.708800
19,19.188,2.604,29.230,21.709600
21,21.192,0.117,31.420,21.710400
23,23.196,1.130,22.610,21.711200
17,17.168,1.500,27.400,21.736000
19,19.172,2.513,29.590,21.736800
21,21.176,0.026,31.780,21.737600
23,23.180,1.039,21.150,21.738400
17,17.184,1.552,26.340,21.739200
19,19.188,2.565,28.530,21.740000
21,21.192,0.078,30.720,21.740800
23,23.196,1.091,21.910,21.741600
17,17.168,1.604,26.700,21.766400
19,19.172,2.617,28.890,21.767200
21,21.176,0.130,31.080,21.768000
23,23.180,1.000,22.270,21.768800
17,17.184,1.513,27.460,21.769600
19,19.188,2.526,29.650,21.770400
21,21.192,0.039,31.840,21.771200
23,23.196,1.052,23.030,21.772000
17,17.168,1.565,26.000,21.796800
19,19.172,2.578,28.190,21.797600
21,21.176,0.091,30.380,21.798400
23,23.180,1.104,21.570,21.799200
17,17.184,1.617,26.760,21.800000
19,19.188,2.630,28.950,21.800800
21,21.192,0.000,31.140,21.801600
23,23.196,1.013,22.330,21.802400
17,17.168,1.526,27.120,21.827200
19,19.172,2.539,29.310,21.828000
21,21.176,0.052,31.500,21.828800
23,23.180,1.065,22.690,21.829600
17,17.184,1.578,27.880,21.830400
19,19.188,2.591,28.250,21.831200
21,21.192,0.104,30.440,21.832000
23,23.196,1.117,21.630,21.832800
17,17.168,1.630,26.420,21.857600
19,19.172,2.500,28.610,21.858400
21,21.176,0.013,30.800,21.859200
23,23.180,1.026,21.990,21.860000
17,17.184,1.539,27.180,21.860800
19,19.188,2.552,29.370,21.861600
21,21.192,0.065,31.560,21.862400
23,23.196,1.078,22.750,21.863200
1,1.000,0.500,21.000,21.888000
3,3.004,1.513,23.190,21.888800
5,5.008,2.526,25.380,21.889600
7,7.012,0.039,27.570,21.890400
1,1.016,0.552,21.760,21.891200
3,3.020,1.565,23.950,21.892000
5,5.024,2.578,26.140,21.892800
7,7.028,0.091,28.330,21.893600
1,1.000,0.604,22.120,21.918400
3,3.004,1.617,24.310,21.919200
5,5.008,2.630,26.500,21.920000
7,7.012,0.000,28.690,21.920800
1,1.016,0.513,22.880,21.921600
3,3.020,1.526,23.250,21.922400
5,5.024,2.539,25.440,21.923200
7,7.028,0.052,27.630,21.924000
1,1.000,0.565,21.420,21.948800
3,3.004,1.578,23.610,21.949600
5,5.008,2.591,25.800,21.950400
7,7.012,0.104,27.990,21.951200
1,1.016,0.617,22.180,21.952000
3,3.020,1.630,24.370,21.952800
5,5.024,2.500,26.560,21.953600
7,7.028,0.013,28.750,21.954400
1,1.000,0.526,22.540,21.979200
3,3.004,1.539,24.730,21.980000
5,5.008,2.552,25.100,21.980800
7,7.012,0.065,27.290,21.981600
1,1.016,0.578,21.480,21.982400
3,3.020,1.591,23.670,21.983200
5,5.024,2.604,25.860,21.984000
7,7.028,0.117,28.050,21.984800
1,1.000,0.630,21.840,22.009600
3,3.004,1.500,24.030,22.010400
5,5.008,2.513,26.220,22.011200
7,7.012,0.026,28.410,22.012000
1,1.016,0.539,22.600,22.012800
3,3.020,1.552,24.790,22.013600
5,5.024,2.565,26.980,22.014400
7,7.028,0.078,27.350,22.015200
1,1.000,0.591,21.140,22.040000
3,3.004,1.604,23.330,22.040800
5,5.008,2.617,25.520,22.041600
7,7.012,0.130,27.710,22.042400
1,1.016,0.500,21.900,22.043200
3,3.020,1.513,24.090,22.044000
5,5.024,2.526,26.280,22.044800
7,7.028,0.039,28.470,22.045600
1,1.000,0.552,22.260,22.070400
3,3.004,1.565,24.450,22.071200
5,5.008,2.578,26.640,22.072000
7,7.012,0.091,28.830,22.072800
1,1.016,0.604,21.200,22.073600
3,3.020,1.617,23.390,22.074400
5,5.024,2.630,25.580,22.075200
7,7.028,0.000,27.770,22.076000
1,1.000,0.513,21.560,22.100800
3,3.004,1.526,23.750,22.101600
5,5.008,2.539,25.940,22.102400
7,7.012,0.052,28.130,22.103200
1,1.016,0.565,22.320,22.104000
3,3.020,1.578,24.510,22.104800
5,5.024,2.591,26.700,22.105600
7,7.028,0.104,28.890,22.106400
1,1.000,0.617,22.680,22.131200
3,3.004,1.630,23.050,22.132000
5,5.008,2.500,25.240,22.132800
7,7.012,0.013,27.430,22.133600
1,1.016,0.526,21.620,22.134400
3,3.020,1.539,23.810,22.135200
5,5.024,2.552,26.000,22.136000
7,7.028,0.065,28.190,22.136800
1,1.000,0.578,21.980,22.161600
3,3.004,1.591,24.170,22.162400
5,5.008,2.604,26.360,22.163200
7,7.012,0.117,28.550,22.164000
1,1.016,0.630,22.740,22.164800
3,3.020,1.500,24.930,22.165600
5,5.024,2.513,25.300,22.166400
7,7.028,0.026,27.490,22.167200
1,1.000,0.539,21.280,22.192000
3,3.004,1.552,23.470,22.192800
5,5.008,2.565,25.660,22.193600
7,7.012,0.078,27.850,22.194400
1,1.016,0.591,22.040,22.195200
3,3.020,1.604,24.230,22.196000
5,5.024,2.617,26.420,22.196800
7,7.028,0.130,28.610,22.197600
1,1.000,0.500,22.400,22.222400
3,3.004,1.513,24.590,22.223200
5,5.008,2.526,26.780,22.224000
7,7.012,0.039,27.150,22.224800
1,1.016,0.552,21.340,22.225600
3,3.020,1.565,23.530,22.226400
5,5.024,2.578,25.720,22.227200
7,7.028,0.091,27.910,22.228000
1,1.000,0.604,21.700,22.252800
3,3.004,1.617,23.890,22.253600
5,5.008,2.630,26.080,22.254400
7,7.012,0.000,28.270,22.255200
1,1.016,0.513,22.460,22.256000
3,3.020,1.526,24.650,22.256800
5,5.024,2.539,26.840,22.257600
7,7.028,0.052,29.030,22.258400
1,1.000,0.565,21.000,22.283200
3,3.004,1.578,23.190,22.284000
5,5.008,2.591,25.380,22.284800
7,7.012,0.104,27.570,22.285600
1,1.016,0.617,21.760,22.286400
3,3.020,1.630,23.950,22.287200
5,5.024,2.500,26.140,22.288000
7,7.028,0.013,28.330,22.288800
1,1.000,0.526,22.120,22.313600
3,3.004,1.539,24.310,22.314400
5,5.008,2.552,26.500,22.315200
7,7.012,0.065,28.690,22.316000
1,1.016,0.578,22.880,22.316800
3,3.020,1.591,23.250,22.317600
5,5.024,2.604,25.440,22.318400
7,7.028,0.117,27.630,22.319200
1,1.000,0.630,21.420,22.344000
3,3.004,1.500,23.610,22.344800
5,5.008,2.513,25.800,22.345600
7,7.012,0.026,27.990,22.346400
1,1.016,0.539,22.180,22.347200
3,3.020,1.552,24.370,22.348000
5,5.024,2.565,26.560,22.348800
7,7.028,0.078,28.750,22.349600
9,9.021,1.000,29.000,22.374400
11,11.025,2.013,20.190,22.375200
13,13.029,3.026,22.380,22.376000
15,15.033,0.539,24.570,22.376800
9,9.037,1.052,29.760,22.377600
11,11.041,2.065,20.950,22.378400
13,13.045,3.078,23.140,22.379200
15,15.049,0.591,25.330,22.380000
9,9.021,1.104,30.120,22.404800
11,11.025,2.117,21.310,22.405600
13,13.029,3.130,23.500,22.406400
15,15.033,0.500,25.690,22.407200
9,9.037,1.013,30.880,22.408000
11,11.041,2.026,20.250,22.408800
13,13.045,3.039,22.440,22.409600
15,15.049,0.552,24.630,22.410400
9,9.021,1.065,29.420,22.435200
11,11.025,2.078,20.610,22.436000
13,13.029,3.091,22.800,22.436800
15,15.033,0.604,24.990,22.437600
9,9.037,1.117,30.180,22.438400
11,11.041,2.130,21.370,22.439200
13,13.045,3.000,23.560,22.440000
15,15.049,0.513,25.750,22.440800
9,9.021,1.026,30.540,22.465600
11,11.025,2.039,21.730,22.466400
13,13.029,3.052,22.100,22.467200
15,15.033,0.565,24.290,22.468000
9,9.037,1.078,29.480,22.468800
11,11.041,2.091,20.670,22.469600
13,13.045,3.104,22.860,22.470400
15,15.049,0.617,25.050,22.471200
9,9.021,1.130,29.840,22.496000
11,11.025,2.000,21.030,22.496800
13,13.029,3.013,23.220,22.497600
15,15.033,0.526,25.410,22.498400
9,9.037,1.039,30.600,22.499200
11,11.041,2.052,21.790,22.500000
13,13.045,3.065,23.980,22.500800
15,15.049,0.578,24.350,22.501600
9,9.021,1.091,29.140,22.526400
11,11.025,2.104,20.330,22.527200
13,13.029,3.117,22.520,22.528000
15,15.033,0.630,24.710,22.528800
9,9.037,1.000,29.900,22.529600
11,11.041,2.013,21.090,22.530400
13,13.045,3.026,23.280,22.531200
15,15.049,0.539,25.470,22.532000
9,9.021,1.052,30.260,22.556800
11,11.025,2.065,21.450,22.557600
13,13.029,3.078,23.640,22.558400
15,15.033,0.591,25.830,22.559200
9,9.037,1.104,29.200,22.560000
11,11.041,2.117,20.390,22.560800
13,13.045,3.130,22.580,22.561600
15,15.049,0.500,24.770,22.562400
9,9.021,1.013,29.560,22.587200
11,11.025,2.026,20.750,22.588000
13,13.029,3.039,22.940,22.588800
15,15.033,0.552,25.130,22.589600
9,9.037,1.065,30.320,22.590400
11,11.041,2.078,21.510,22.591200
13,13.045,3.091,23.700,22.592000
15,15.049,0.604,25.890,22.592800
9,9.021,1.117,30.680,22.617600
11,11.025,2.130,20.050,22.618400
13,13.029,3.000,22.240,22.619200
15,15.033,0.513,24.430,22.620000
9,9.037,1.026,29.620,22.620800
11,11.041,2.039,20.810,22.621600
13,13.045,3.052,23.000,22.622400
15,15.049,0.565,25.190,22.623200
9,9.021,1.078,29.980,22.648000
11,11.025,2.091,21.170,22.648800
13,13.029,3.104,23.360,22.649600
15,15.033,0.617,25.550,22.650400
9,9.037,1.130,30.740,22.651200
11,11.041,2.000,21.930,22.652000
13,13.045,3.013,22.300,22.652800
15,15.049,0.526,24.490,22.653600
9,9.021,1.039,29.280,22.678400
11,11.025,2.052,20.470,22.679200
13,13.029,3.065,22.660,22.680000
15,15.033,0.578,24.850,22.680800
9,9.037,1.091,30.040,22.681600
11,11.041,2.104,21.230,22.682400
13,13.045,3.117,23.420,22.683200
15,15.049,0.630,25.610,22.684000
9,9.021,1.000,30.400,22.708800
11,11.025,2.013,21.590,22.709600
13,13.029,3.026,23.780,22.710400
15,15.033,0.539,24.150,22.711200
9,9.037,1.052,29.340,22.712000
11,11.041,2.065,20.530,22.712800
13,13.045,3.078,22.720,22.713600
15,15.049,0.591,24.910,22.714400
9,9.021,1.104,29.700,22.739200
11,11.025,2.117,20.890,22.740000
13,13.029,3.130,23.080,22.740800
15,15.033,0.500,25.270,22.741600
9,9.037,1.013,30.460,22.742400
11,11.041,2.026,21.650,22.743200
13,13.045,3.039,23.840,22.744000
15,15.049,0.552,26.030,22.744800
9,9.021,1.065,29.000,22.769600
11,11.025,2.078,20.190,22.770400
13,13.029,3.091,22.380,22.771200
15,15.033,0.604,24.570,22.772000
9,9.037,1.117,29.760,22.772800
11,11.041,2.130,20.950,22.773600
13,13.045,3.000,23.140,22.774400
15,15.049,0.513,25.330,22.775200
9,9.021,1.026,30.120,22.800000
11,11.025,2.039,21.310,22.800800
13,13.029,3.052,23.500,22.801600
15,15.033,0.565,25.690,22.802400
9,9.037,1.078,30.880,22.803200
11,11.041,2.091,20.250,22.804000
13,13.045,3.104,22.440,22.804800
15,15.049,0.617,24.630,22.805600
9,9.021,1.130,29.420,22.830400
11,11.025,2.000,20.610,22.831200
13,13.029,3.013,22.800,22.832000
15,15.033,0.526,24.990,22.832800
9,9.037,1.039,30.180,22.833600
11,11.041,2.052,21.370,22.834400
13,13.045,3.065,23.560,22.835200
15,15.049,0.578,25.750,22.836000
17,17.042,1.500,26.000,22.860800
19,19.046,2.513,28.190,22.861600
21,21.050,0.026,30.380,22.862400
23,23.054,1.039,21.570,22.863200
17,17.058,1.552,26.760,22.864000
19,19.062,2.565,28.950,22.864800
21,21.066,0.078,31.140,22.865600
23,23.070,1.091,22.330,22.866400
17,17.042,1.604,27.120,22.891200
19,19.046,2.617,29.310,22.892000
21,21.050,0.130,31.500,22.892800
23,23.054,1.000,22.690,22.893600
17,17.058,1.513,27.880,22.894400
19,19.062,2.526,28.250,22.895200
21,21.066,0.039,30.440,22.896000
23,23.070,1.052,21.630,22.896800
17,17.042,1.565,26.420,22.921600
19,19.046,2.578,28.610,22.922400
21,21.050,0.091,30.800,22.923200
23,23.054,1.104,21.990,22.924000
17,17.058,1.617,27.180,22.924800
19,19.062,2.630,29.370,22.925600
21,21.066,0.000,31.560,22.926400
23,23.070,1.013,22.750,22.927200
17,17.042,1.526,27.540,22.952000
19,19.046,2.539,29.730,22.952800
21,21.050,0.052,30.100,22.953600
23,23.054,1.065,21.290,22.954400
17,17.058,1.578,26.480,22.955200
19,19.062,2.591,28.670,22.956000
21,21.066,0.104,30.860,22.956800
23,23.070,1.117,22.050,22.957600
17,17.042,1.630,26.840,22.982400
19,19.046,2.500,29.030,22.983200
21,21.050,0.013,31.220,22.984000
23,23.054,1.026,22.410,22.984800
17,17.058,1.539,27.600,22.985600
19,19.062,2.552,29.790,22.986400
21,21.066,0.065,31.980,22.987200
23,23.070,1.078,21.350,22.988000
17,17.042,1.591,26.140,23.012800
19,19.046,2.604,28.330,23.013600
21,21.050,0.117,30.520,23.014400
23,23.054,1.130,21.710,23.015200
17,17.058,1.500,26.900,23.016000
19,19.062,2.513,29.090,23.016800
21,21.066,0.026,31.280,23.017600
23,23.070,1.039,22.470,23.018400
17,17.042,1.552,27.260,23.043200
19,19.046,2.565,29.450,23.044000
21,21.050,0.078,31.640,23.044800
23,23.054,1.091,22.830,23.045600
17,17.058,1.604,26.200,23.046400
19,19.062,2.617,28.390,23.047200
21,21.066,0.130,30.580,23.048000
23,23.070,1.000,21.770,23.048800
17,17.042,1.513,26.560,23.073600
19,19.046,2.526,28.750,23.074400
21,21.050,0.039,30.940,23.075200
23,23.054,1.052,22.130,23.076000
17,17.058,1.565,27.320,23.076800
19,19.062,2.578,29.510,23.077600
21,21.066,0.091,31.700,23.078400
23,23.070,1.104,22.890,23.079200
17,17.042,1.617,27.680,23.104000
19,19.046,2.630,28.050,23.104800
21,21.050,0.000,30.240,23.105600
23,23.054,1.013,21.430,23.106400
17,17.058,1.526,26.620,23.107200
19,19.062,2.539,28.810,23.108000
21,21.066,0.052,31.000,23.108800
23,23.070,1.065,22.190,23.109600
17,17.042,1.578,26.980,23.134400
19,19.046,2.591,29.170,23.135200
21,21.050,0.104,31.360,23.136000
23,23.054,1.117,22.550,23.136800
17,17.058,1.630,27.740,23.137600
19,19.062,2.500,29.930,23.138400
21,21.066,0.013,30.300,23.139200
23,23.070,1.026,21.490,23.140000
17,17.042,1.539,26.280,23.164800
19,19.046,2.552,28.470,23.165600
21,21.050,0.065,30.660,23.166400
23,23.054,1.078,21.850,23.167200
17,17.058,1.591,27.040,23.168000
19,19.062,2.604,29.230,23.168800
21,21.066,0.117,31.420,23.169600
23,23.070,1.130,22.610,23.170400
17,17.042,1.500,27.400,23.195200
19,19.046,2.513,29.590,23.196000
21,21.050,0.026,31.780,23.196800
23,23.054,1.039,21.150,23.197600
17,17.058,1.552,26.340,23.198400
19,19.062,2.565,28.530,23.199200
21,21.066,0.078,30.720,23.200000
23,23.070,1.091,21.910,23.200800
17,17.042,1.604,26.700,23.225600
19,19.046,2.617,28.890,23.226400
21,21.050,0.130,31.080,23.227200
23,23.054,1.000,22.270,23.228000
17,17.058,1.513,27.460,23.228800
19,19.062,2.526,29.650,23.229600
21,21.066,0.039,31.840,23.230400
23,23.070,1.052,23.030,23.231200
17,17.042,1.565,26.000,23.256000
19,19.046,2.578,28.190,23.256800
21,21.050,0.091,30.380,23.257600
23,23.054,1.104,21.570,23.258400
17,17.058,1.617,26.760,23.259200
19,19.062,2.630,28.950,23.260000
21,21.066,0.000,31.140,23.260800
23,23.070,1.013,22.330,23.261600
17,17.042,1.526,27.120,23.286400
19,19.046,2.539,29.310,23.287200
21,21.050,0.052,31.500,23.288000
23,23.054,1.065,22.690,23.288800
17,17.058,1.578,27.880,23.289600
19,19.062,2.591,28.250,23.290400
21,21.066,0.104,30.440,23.291200
23,23.070,1.117,21.630,23.292000
17,17.042,1.630,26.420,23.316800
19,19.046,2.500,28.610,23.317600
21,21.050,0.013,30.800,23.318400
23,23.054,1.026,21.990,23.319200
17,17.058,1.539,27.180,23.320000
19,19.062,2.552,29.370,23.320800
21,21.066,0.065,31.560,23.321600
23,23.070,1.078,22.750,23.322400
1,1.063,0.500,21.000,23.347200
3,3.067,1.513,23.190,23.348000
5,5.071,2.526,25.380,23.348800
7,7.075,0.039,27.570,23.349600
1,1.079,0.552,21.760,23.350400
3,3.083,1.565,23.950,23.351200
5,5.087,2.578,26.140,23.352000
7,7.091,0.091,28.330,23.352800
1,1.063,0.604,22.120,23.377600
3,3.067,1.617,24.310,23.378400
5,5.071,2.630,26.500,23.379200
7,7.075,0.000,28.690,23.380000
1,1.079,0.513,22.880,23.380800
3,3.083,1.526,23.250,23.381600
5,5.087,2.539,25.440,23.382400
7,7.091,0.052,27.630,23.383200
1,1.063,0.565,21.420,23.408000
3,3.067,1.578,23.610,23.408800
5,5.071,2.591,25.800,23.409600
7,7.075,0.104,27.990,23.410400
1,1.079,0.617,22.180,23.411200
3,3.083,1.630,24.370,23.412000
5,5.087,2.500,26.560,23.412800
7,7.091,0.013,28.750,23.413600
1,1.063,0.526,22.540,23.438400
3,3.067,1.539,24.730,23.439200
5,5.071,2.552,25.100,23.440000
7,7.075,0.065,27.290,23.440800
1,1.079,0.578,21.480,23.441600
3,3.083,1.591,23.670,23.442400
5,5.087,2.604,25.860,23.443200
7,7.091,0.117,28.050,23.444000
1,1.063,0.630,21.840,23.468800
3,3.067,1.500,24.030,23.469600
5,5.071,2.513,26.220,23.470400
7,7.075,0.026,28.410,23.471200
1,1.079,0.539,22.600,23.472000
3,3.083,1.552,24.790,23.472800
5,5.087,2.565,26.980,23.473600
7,7.091,0.078,27.350,23.474400
1,1.063,0.591,21.140,23.499200
3,3.067,1.604,23.330,23.500000
5,5.071,2.617,25.520,23.500800
7,7.075,0.130,27.710,23.501600
1,1.079,0.500,21.900,23.502400
3,3.083,1.513,24.090,23.503200
5,5.087,2.526,26.280,23.504000
7,7.091,0.039,28.470,23.504800
1,1.063,0.552,22.260,23.529600
3,3.067,1.565,24.450,23.530400
5,5.071,2.578,26.640,23.531200
7,7.075,0.091,28.830,23.532000
1,1.079,0.604,21.200,23.532800
3,3.083,1.617,23.390,23.533600
5,5.087,2.630,25.580,23.534400
7,7.091,0.000,27.770,23.535200
1,1.063,0.513,21.560,23.560000
3,3.067,1.526,23.750,23.560800
5,5.071,2.539,25.940,23.561600
7,7.075,0.052,28.130,23.562400
1,1.079,0.565,22.320,23.563200
3,3.083,1.578,24.510,23.564000
5,5.087,2.591,26.700,23.564800
7,7.091,0.104,28.890,23.565600
1,1.063,0.617,22.680,23.590400
3,3.067,1.630,23.050,23.591200
5,5.071,2.500,25.240,23.592000
7,7.075,0.013,27.430,23.592800
1,1.079,0.526,21.620,23.593600
3,3.083,1.539,23.810,23.594400
5,5.087,2.552,26.000,23.595200
7,7.091,0.065,28.190,23.596000
1,1.063,0.578,21.980,23.620800
3,3.067,1.591,24.170,23.621600
5,5.071,2.604,26.360,23.622400
7,7.075,0.117,28.550,23.623200
1,1.079,0.630,22.740,23.624000
3,3.083,1.500,24.930,23.624800
5,5.087,2.513,25.300,23.625600
7,7.091,0.026,27.490,23.626400
1,1.063,0.539,21.280,23.651200
3,3.067,1.552,23.470,23.652000
5,5.071,2.565,25.660,23.652800
7,7.075,0.078,27.850,23.653600
1,1.079,0.591,22.040,23.654400
3,3.083,1.604,24.230,23.655200
5,5.087,2.617,26.420,23.656000
7,7.091,0.130,28.610,23.656800
1,1.063,0.500,22.400,23.681600
3,3.067,1.513,24.590,23.682400
5,5.071,2.526,26.780,23.683200
7,7.075,0.039,27.150,23.684000
1,1.079,0.552,21.340,23.684800
3,3.083,1.565,23.530,23.685600
5,5.087,2.578,25.720,23.686400
7,7.091,0.091,27.910,23.687200
1,1.063,0.604,21.700,23.712000
3,3.067,1.617,23.890,23.712800
5,5.071,2.630,26.080,23.713600
7,7.075,0.000,28.270,23.714400
1,1.079,0.513,22.460,23.715200
3,3.083,1.526,24.650,23.716000
5,5.087,2.539,26.840,23.716800
7,7.091,0.052,29.030,23.717600
1,1.063,0.565,21.000,23.742400
3,3.067,1.578,23.190,23.743200
5,5.071,2.591,25.380,23.744000
7,7.075,0.104,27.570,23.744800
1,1.079,0.617,21.760,23.745600
3,3.083,1.630,23.950,23.746400
5,5.087,2.500,26.140,23.747200
7,7.091,0.013,28.330,23.748000
1,1.063,0.526,22.120,23.772800
3,3.067,1.539,24.310,23.773600
5,5.071,2.552,26.500,23.774400
7,7.075,0.065,28.690,23.775200
1,1.079,0.578,22.880,23.776000
3,3.083,1.591,23.250,23.776800
5,5.087,2.604,25.440,23.777600
7,7.091,0.117,27.630,23.778400
1,1.063,0.630,21.420,23.803200
3,3.067,1.500,23.610,23.804000
5,5.071,2.513,25.800,23.804800
7,7.075,0.026,27.990,23.805600
1,1.079,0.539,22.180,23.806400
3,3.083,1.552,24.370,23.807200
5,5.087,2.565,26.560,23.808000
7,7.091,0.078,28.750,23.808800
9,9.084,1.000,29.000,23.833600
11,11.088,2.013,20.190,23.834400
13,13.092,3.026,22.380,23.835200
15,15.096,0.539,24.570,23.836000
9,9.100,1.052,29.760,23.836800
11,11.104,2.065,20.950,23.837600
13,13.108,3.078,23.140,23.838400
15,15.112,0.591,25.330,23.839200
9,9.084,1.104,30.120,23.864000
11,11.088,2.117,21.310,23.864800
13,13.092,3.130,23.500,23.865600
15,15.096,0.500,25.690,23.866400
9,9.100,1.013,30.880,23.867200
11,11.104,2.026,20.250,23.868000
13,13.108,3.039,22.440,23.868800
15,15.112,0.552,24.630,23.869600
9,9.084,1.065,29.420,23.894400
11,11.088,2.078,20.610,23.895200
13,13.092,3.091,22.800,23.896000
15,15.096,0.604,24.990,23.896800
9,9.100,1.117,30.180,23.897600
11,11.104,2.130,21.370,23.898400
13,13.108,3.000,23.560,23.899200
15,15.112,0.513,25.750,23.900000
9,9.084,1.026,30.540,23.924800
11,11.088,2.039,21.730,23.925600
13,13.092,3.052,22.100,23.926400
15,15.096,0.565,24.290,23.927200
9,9.100,1.078,29.480,23.928000
11,11.104,2.091,20.670,23.928800
13,13.108,3.104,22.860,23.929600
15,15.112,0.617,25.050,23.930400
9,9.084,1.130,29.840,23.955200
11,11.088,2.000,21.030,23.956000
13,13.092,3.013,23.220,23.956800
15,15.096,0.526,25.410,23.957600
9,9.100,1.039,30.600,23.958400
11,11.104,2.052,21.790,23.959200
13,13.108,3.065,23.980,23.960000
15,15.112,0.578,24.350,23.960800
9,9.084,1.091,29.140,23.985600
11,11.088,2.104,20.330,23.986400
13,13.092,3.117,22.520,23.987200
15,15.096,0.630,24.710,23.988000
9,9.100,1.000,29.900,23.988800
11,11.104,2.013,21.090,23.989600
13,13.108,3.026,23.280,23.990400
15,15.112,0.539,25.470,23.991200
9,9.084,1.052,30.260,24.016000
11,11.088,2.065,21.450,24.016800
13,13.092,3.078,23.640,24.017600
15,15.096,0.591,25.830,24.018400
9,9.100,1.104,29.200,24.019200
11,11.104,2.117,20.390,24.020000
13,13.108,3.130,22.580,24.020800
15,15.112,0.500,24.770,24.021600
9,9.084,1.013,29.560,24.046400
11,11.088,2.026,20.750,24.047200
13,13.092,3.039,22.940,24.048000
15,15.096,0.552,25.130,24.048800
9,9.100,1.065,30.320,24.049600
11,11.104,2.078,21.510,24.050400
13,13.108,3.091,23.700,24.051200
15,15.112,0.604,25.890,24.052000
9,9.084,1.117,30.680,24.076800
11,11.088,2.130,20.050,24.077600
13,13.092,3.000,22.240,24.078400
15,15.096,0.513,24.430,24.079200
9,9.100,1.026,29.620,24.080000
11,11.104,2.039,20.810,24.080800
13,13.108,3.052,23.000,24.081600
15,15.112,0.565,25.190,24.082400
9,9.084,1.078,29.980,24.107200
11,11.088,2.091,21.170,24.108000
13,13.092,3.104,23.360,24.108800
15,15.096,0.617,25.550,24.109600
9,9.100,1.130,30.740,24.110400
11,11.104,2.000,21.930,24.111200
13,13.108,3.013,22.300,24.112000
15,15.112,0.526,24.490,24.112800
9,9.084,1.039,29.280,24.137600
11,11.088,2.052,20.470,24.138400
13,13.092,3.065,22.660,24.139200
15,15.096,0.578,24.850,24.140000
9,9.100,1.091,30.040,24.140800
11,11.104,2.104,21.230,24.141600
13,13.108,3.117,23.420,24.142400
15,15.112,0.630,25.610,24.143200
9,9.084,1.000,30.400,24.168000
11,11.088,2.013,21.590,24.168800
13,13.092,3.026,23.780,24.169600
15,15.096,0.539,24.150,24.170400
9,9.100,1.052,29.340,24.171200
11,11.104,2.065,20.530,24.172000
13,13.108,3.078,22.720,24.172800
15,15.112,0.591,24.910,24.173600
9,9.084,1.104,29.700,24.198400
11,11.088,2.117,20.890,24.199200
13,13.092,3.130,23.080,24.200000
15,15.096,0.500,25.270,24.200800
9,9.100,1.013,30.460,24.201600
11,11.104,2.026,21.650,24.202400
13,13.108,3.039,23.840,24.203200
15,15.112,0.552,26.030,24.204000
9,9.084,1.065,29.000,24.228800
11,11.088,2.078,20.190,24.229600
13,13.092,3.091,22.380,24.230400
15,15.096,0.604,24.570,24.231200
9,9.100,1.117,29.760,24.232000
11,11.104,2.130,20.950,24.232800
13,13.108,3.000,23.140,24.233600
15,15.112,0.513,25.330,24.234400
9,9.084,1.026,30.120,24.259200
11,11.088,2.039,21.310,24.260000
13,13.092,3.052,23.500,24.260800
15,15.096,0.565,25.690,24.261600
9,9.100,1.078,30.880,24.262400
11,11.104,2.091,20.250,24.263200
13,13.108,3.104,22.440,24.264000
15,15.112,0.617,24.630,24.264800
9,9.084,1.130,29.420,24.289600
11,11.088,2.000,20.610,24.290400
13,13.092,3.013,22.800,24.291200
15,15.096,0.526,24.990,24.292000
9,9.100,1.039,30.180,24.292800
11,11.104,2.052,21.370,24.293600
13,13.108,3.065,23.560,24.294400
15,15.112,0.578,25.750,24.295200
17,17.105,1.500,26.000,24.320000
19,19.109,2.513,28.190,24.320800
21,21.113,0.026,30.380,24.321600
23,23.117,1.039,21.570,24.322400
17,17.121,1.552,26.760,24.323200
19,19.125,2.565,28.950,24.324000
21,21.129,0.078,31.140,24.324800
23,23.133,1.091,22.330,24.325600
17,17.105,1.604,27.120,24.350400
19,19.109,2.617,29.310,24.351200
21,21.113,0.130,31.500,24.352000
23,23.117,1.000,22.690,24.352800
17,17.121,1.513,27.880,24.353600
19,19.125,2.526,28.250,24.354400
21,21.129,0.039,30.440,24.355200
23,23.133,1.052,21.630,24.356000
17,17.105,1.565,26.420,24.380800
19,19.109,2.578,28.610,24.381600
21,21.113,0.091,30.800,24.382400
23,23.117,1.104,21.990,24.383200
17,17.121,1.617,27.180,24.384000
19,19.125,2.630,29.370,24.384800
21,21.129,0.000,31.560,24.385600
23,23.133,1.013,22.750,24.386400
17,17.105,1.526,27.540,24.411200
19,19.109,2.539,29.730,24.412000
21,21.113,0.052,30.100,24.412800
23,23.117,1.065,21.290,24.413600
17,17.121,1.578,26.480,24.414400
19,19.125,2.591,28.670,24.415200
21,21.129,0.104,30.860,24.416000
23,23.133,1.117,22.050,24.416800
17,17.105,1.630,26.840,24.441600
19,19.109,2.500,29.030,24.442400
21,21.113,0.013,31.220,24.443200
23,23.117,1.026,22.410,24.444000
17,17.121,1.539,27.600,24.444800
19,19.125,2.552,29.790,24.445600
21,21.129,0.065,31.980,24.446400
23,23.133,1.078,21.350,24.447200
17,17.105,1.591,26.140,24.472000
19,19.109,2.604,28.330,24.472800
21,21.113,0.117,30.520,24.473600
23,23.117,1.130,21.710,24.474400
17,17.121,1.500,26.900,24.475200
19,19.125,2.513,29.090,24.476000
21,21.129,0.026,31.280,24.476800
23,23.133,1.039,22.470,24.477600
17,17.105,1.552,27.260,24.502400
19,19.109,2.565,29.450,24.503200
21,21.113,0.078,31.640,24.504000
23,23.117,1.091,22.830,24.504800
17,17.121,1.604,26.200,24.505600
19,19.125,2.617,28.390,24.506400
21,21.129,0.130,30.580,24.507200
23,23.133,1.000,21.770,24.508000
17,17.105,1.513,26.560,24.532800
19,19.109,2.526,28.750,24.533600
21,21.113,0.039,30.940,24.534400
23,23.117,1.052,22.130,24.535200
17,17.121,1.565,27.320,24.536000
19,19.125,2.578,29.510,24.536800
21,21.129,0.091,31.700,24.537600
23,23.133,1.104,22.890,24.538400
17,17.105,1.617,27.680,24.563200
19,19.109,2.630,28.050,24.564000
21,21.113,0.000,30.240,24.564800
23,23.117,1.013,21.430,24.565600
17,17.121,1.526,26.620,24.566400
19,19.125,2.539,28.810,24.567200
21,21.129,0.052,31.000,24.568000
23,23.133,1.065,22.190,24.568800
17,17.105,1.578,26.980,24.593600
19,19.109,2.591,29.170,24.594400
21,21.113,0.104,31.360,24.595200
23,23.117,1.117,22.550,24.596000
17,17.121,1.630,27.740,24.596800
19,19.125,2.500,29.930,24.597600
21,21.129,0.013,30.300,24.598400
23,23.133,1.026,21.490,24.599200
17,17.105,1.539,26.280,24.624000
19,19.109,2.552,28.470,24.624800
21,21.113,0.065,30.660,24.625600
23,23.117,1.078,21.850,24.626400
17,17.121,1.591,27.040,24.627200
19,19.125,2.604,29.230,24.628000
21,21.129,0.117,31.420,24.628800
23,23.133,1.130,22.610,24.629600
17,17.105,1.500,27.400,24.654400
19,19.109,2.513,29.590,24.655200
21,21.113,0.026,31.780,24.656000
23,23.117,1.039,21.150,24.656800
17,17.121,1.552,26.340,24.657600
19,19.125,2.565,28.530,24.658400
21,21.129,0.078,30.720,24.659200
23,23.133,1.091,21.910,24.660000
17,17.105,1.604,26.700,24.684800
19,19.109,2.617,28.890,24.685600
21,21.113,0.130,31.080,24.686400
23,23.117,1.000,22.270,24.687200
17,17.121,1.513,27.460,24.688000
19,19.125,2.526,29.650,24.688800
21,21.129,0.039,31.840,24.689600
23,23.133,1.052,23.030,24.690400
17,17.105,1.565,26.000,24.715200
19,19.109,2.578,28.190,24.716000
21,21.113,0.091,30.380,24.716800
23,23.117,1.104,21.570,24.717600
17,17.121,1.617,26.760,24.718400
19,19.125,2.630,28.950,24.719200
21,21.129,0.000,31.140,24.720000
23,23.133,1.013,22.330,24.720800
17,17.105,1.526,27.120,24.745600
19,19.109,2.539,29.310,24.746400
21,21.113,0.052,31.500,24.747200
23,23.117,1.065,22.690,24.748000
17,17.121,1.578,27.880,24.748800
19,19.125,2.591,28.250,24.749600
21,21.129,0.104,30.440,24.750400
23,23.133,1.117,21.630,24.751200
17,17.105,1.630,26.420,24.776000
19,19.109,2.500,28.610,24.776800
21,21.113,0.013,30.800,24.777600
23,23.117,1.026,21.990,24.778400
17,17.121,1.539,27.180,24.779200
19,19.125,2.552,29.370,24.780000
21,21.129,0.065,31.560,24.780800
23,23.133,1.078,22.750,24.781600
1,1.126,0.500,21.000,24.806400
3,3.130,1.513,23.190,24.807200
5,5.134,2.526,25.380,24.808000
7,7.138,0.039,27.570,24.808800
1,1.142,0.552,21.760,24.809600
3,3.146,1.565,23.950,24.810400
5,5.150,2.578,26.140,24.811200
7,7.154,0.091,28.330,24.812000
1,1.126,0.604,22.120,24.836800
3,3.130,1.617,24.310,24.837600
5,5.134,2.630,26.500,24.838400
7,7.138,0.000,28.690,24.839200
1,1.142,0.513,22.880,24.840000
3,3.146,1.526,23.250,24.840800
5,5.150,2.539,25.440,24.841600
7,7.154,0.052,27.630,24.842400
1,1.126,0.565,21.420,24.867200
3,3.130,1.578,23.610,24.868000
5,5.134,2.591,25.800,24.868800
7,7.138,0.104,27.990,24.869600
1,1.142,0.617,22.180,24.870400
3,3.146,1.630,24.370,24.871200
5,5.150,2.500,26.560,24.872000
7,7.154,0.013,28.750,24.872800
1,1.126,0.526,22.540,24.897600
3,3.130,1.539,24.730,24.898400
5,5.134,2.552,25.100,24.899200
7,7.138,0.065,27.290,24.900000
1,1.142,0.578,21.480,24.900800
3,3.146,1.591,23.670,24.901600
5,5.150,2.604,25.860,24.902400
7,7.154,0.117,28.050,24.903200
1,1.126,0.630,21.840,24.928000
3,3.130,1.500,24.030,24.928800
5,5.134,2.513,26.220,24.929600
7,7.138,0.026,28.410,24.930400
1,1.142,0.539,22.600,24.931200
3,3.146,1.552,24.790,24.932000
5,5.150,2.565,26.980,24.932800
7,7.154,0.078,27.350,24.933600
1,1.126,0.591,21.140,24.958400
3,3.130,1.604,23.330,24.959200
5,5.134,2.617,25.520,24.960000
7,7.138,0.130,27.710,24.960800
1,1.142,0.500,21.900,24.961600
3,3.146,1.513,24.090,24.962400
5,5.150,2.526,26.280,24.963200
7,7.154,0.039,28.470,24.964000
1,1.126,0.552,22.260,24.988800
3,3.130,1.565,24.450,24.989600
5,5.134,2.578,26.640,24.990400
7,7.138,0.091,28.830,24.991200
1,1.142,0.604,21.200,24.992000
3,3.146,1.617,23.390,24.992800
5,5.150,2.630,25.580,24.993600
7,7.154,0.000,27.770,24.994400
1,1.126,0.513,21.560,25.019200
3,3.130,1.526,23.750,25.020000
5,5.134,2.539,25.940,25.020800
7,7.138,0.052,28.130,25.021600
1,1.142,0.565,22.320,25.022400
3,3.146,1.578,24.510,25.023200
5,5.150,2.591,26.700,25.024000
7,7.154,0.104,28.890,25.024800
1,1.126,0.617,22.680,25.049600
3,3.130,1.630,23.050,25.050400
5,5.134,2.500,25.240,25.051200
7,7.138,0.013,27.430,25.052000
1,1.142,0.526,21.620,25.052800
3,3.146,1.539,23.810,25.053600
5,5.150,2.552,26.000,25.054400
7,7.154,0.065,28.190,25.055200
1,1.126,0.578,21.980,25.080000
3,3.130,1.591,24.170,25.080800
5,5.134,2.604,26.360,25.081600
7,7.138,0.117,28.550,25.082400
1,1.142,0.630,22.740,25.083200
3,3.146,1.500,24.930,25.084000
5,5.150,2.513,25.300,25.084800
7,7.154,0.026,27.490,25.085600
1,1.126,0.539,21.280,25.110400
3,3.130,1.552,23.470,25.111200
5,5.134,2.565,25.660,25.112000
7,7.138,0.078,27.850,25.112800
1,1.142,0.591,22.040,25.113600
3,3.146,1.604,24.230,25.114400
5,5.150,2.617,26.420,25.115200
7,7.154,0.130,28.610,25.116000
1,1.126,0.500,22.400,25.140800
3,3.130,1.513,24.590,25.141600
5,5.134,2.526,26.780,25.142400
7,7.138,0.039,27.150,25.143200
1,1.142,0.552,21.340,25.144000
3,3.146,1.565,23.530,25.144800
5,5.150,2.578,25.720,25.145600
7,7.154,0.091,27.910,25.146400
1,1.126,0.604,21.700,25.171200
3,3.130,1.617,23.890,25.172000
5,5.134,2.630,26.080,25.172800
7,7.138,0.000,28.270,25.173600
1,1.142,0.513,22.460,25.174400
3,3.146,1.526,24.650,25.175200
5,5.150,2.539,26.840,25.176000
7,7.154,0.052,29.030,25.176800
1,1.126,0.565,21.000,25.201600
3,3.130,1.578,23.190,25.202400
5,5.134,2.591,25.380,25.203200
7,7.138,0.104,27.570,25.204000
1,1.142,0.617,21.760,25.204800
3,3.146,1.630,23.950,25.205600
5,5.150,2.500,26.140,25.206400
7,7.154,0.013,28.330,25.207200
1,1.126,0.526,22.120,25.232000
3,3.130,1.539,24.310,25.232800
5,5.134,2.552,26.500,25.233600
7,7.138,0.065,28.690,25.234400
1,1.142,0.578,22.880,25.235200
3,3.146,1.591,23.250,25.236000
5,5.150,2.604,25.440,25.236800
7,7.154,0.117,27.630,25.237600
1,1.126,0.630,21.420,25.262400
3,3.130,1.500,23.610,25.263200
5,5.134,2.513,25.800,25.264000
7,7.138,0.026,27.990,25.264800
1,1.142,0.539,22.180,25.265600
3,3.146,1.552,24.370,25.266400
5,5.150,2.565,26.560,25.267200
7,7.154,0.078,28.750,25.268000
9,9.147,1.000,29.000,25.292800
11,11.151,2.013,20.190,25.293600
13,13.155,3.026,22.380,25.294400
15,15.159,0.539,24.570,25.295200
9,9.163,1.052,29.760,25.296000
11,11.167,2.065,20.950,25.296800
13,13.171,3.078,23.140,25.297600
15,15.175,0.591,25.330,25.298400
9,9.147,1.104,30.120,25.323200
11,11.151,2.117,21.310,25.324000
13,13.155,3.130,23.500,25.324800
15,15.159,0.500,25.690,25.325600
9,9.163,1.013,30.880,25.326400
11,11.167,2.026,20.250,25.327200
13,13.171,3.039,22.440,25.328000
15,15.175,0.552,24.630,25.328800
9,9.147,1.065,29.420,25.353600
11,11.151,2.078,20.610,25.354400
13,13.155,3.091,22.800,25.355200
15,15.159,0.604,24.990,25.356000
9,9.163,1.117,30.180,25.356800
11,11.167,2.130,21.370,25.357600
13,13.171,3.000,23.560,25.358400
15,15.175,0.513,25.750,25.359200
9,9.147,1.026,30.540,25.384000
11,11.151,2.039,21.730,25.384800
13,13.155,3.052,22.100,25.385600
15,15.159,0.565,24.290,25.386400
9,9.163,1.078,29.480,25.387200
11,11.167,2.091,20.670,25.388000
13,13.171,3.104,22.860,25.388800
15,15.175,0.617,25.050,25.389600
9,9.147,1.130,29.840,25.414400
11,11.151,2.000,21.030,25.415200
13,13.155,3.013,23.220,25.416000
15,15.159,0.526,25.410,25.416800
9,9.163,1.039,30.600,25.417600
11,11.167,2.052,21.790,25.418400
13,13.171,3.065,23.980,25.419200
15,15.175,0.578,24.350,25.420000
9,9.147,1.091,29.140,25.444800
11,11.151,2.104,20.330,25.445600
13,13.155,3.117,22.520,25.446400
15,15.159,0.630,24.710,25.447200
9,9.163,1.000,29.900,25.448000
11,11.167,2.013,21.090,25.448800
13,13.171,3.026,23.280,25.449600
15,15.175,0.539,25.470,25.450400
9,9.147,1.052,30.260,25.475200
11,11.151,2.065,21.450,25.476000
13,13.155,3.078,23.640,25.476800
15,15.159,0.591,25.830,25.477600
9,9.163,1.104,29.200,25.478400
11,11.167,2.117,20.390,25.479200
13,13.171,3.130,22.580,25.480000
15,15.175,0.500,24.770,25.480800
9,9.147,1.013,29.560,25.505600
11,11.151,2.026,20.750,25.506400
13,13.155,3.039,22.940,25.507200
15,15.159,0.552,25.130,25.508000
9,9.163,1.065,30.320,25.508800
11,11.167,2.078,21.510,25.509600
13,13.171,3.091,23.700,25.510400
15,15.175,0.604,25.890,25.511200
9,9.147,1.117,30.680,25.536000
11,11.151,2.130,20.050,25.536800
13,13.155,3.000,22.240,25.537600
15,15.159,0.513,24.430,25.538400
9,9.163,1.026,29.620,25.539200
11,11.167,2.039,20.810,25.540000
13,13.171,3.052,23.000,25.540800
15,15.175,0.565,25.190,25.541600
9,9.147,1.078,29.980,25.566400
11,11.151,2.091,21.170,25.567200
13,13.155,3.104,23.360,25.568000
15,15.159,0.617,25.550,25.568800
9,9.163,1.130,30.740,25.569600
11,11.167,2.000,21.930,25.570400
13,13.171,3.013,22.300,25.571200
15,15.175,0.526,24.490,25.572000
9,9.147,1.039,29.280,25.596800
11,11.151,2.052,20.470,25.597600
13,13.155,3.065,22.660,25.598400
15,15.159,0.578,24.850,25.599200
9,9.163,1.091,30.040,25.600000
11,11.167,2.104,21.230,25.600800
13,13.171,3.117,23.420,25.601600
15,15.175,0.630,25.610,25.602400
9,9.147,1.000,30.400,25.627200
11,11.151,2.013,21.590,25.628000
13,13.155,3.026,23.780,25.628800
15,15.159,0.539,24.150,25.629600
9,9.163,1.052,29.340,25.630400
11,11.167,2.065,20.530,25.631200
13,13.171,3.078,22.720,25.632000
15,15.175,0.591,24.910,25.632800
9,9.147,1.104,29.700,25.657600
11,11.151,2.117,20.890,25.658400
13,13.155,3.130,23.080,25.659200
15,15.159,0.500,25.270,25.660000
9,9.163,1.013,30.460,25.660800
11,11.167,2.026,21.650,25.661600
13,13.171,3.039,23.840,25.662400
15,15.175,0.552,26.030,25.663200
9,9.147,1.065,29.000,25.688000
11,11.151,2.078,20.190,25.688800
13,13.155,3.091,22.380,25.689600
15,15.159,0.604,24.570,25.690400
9,9.163,1.117,29.760,25.691200
11,11.167,2.130,20.950,25.692000
13,13.171,3.000,23.140,25.692800
15,15.175,0.513,25.330,25.693600
9,9.147,1.026,30.120,25.718400
11,11.151,2.039,21.310,25.719200
13,13.155,3.052,23.500,25.720000
15,15.159,0.565,25.690,25.720800
9,9.163,1.078,30.880,25.721600
11,11.167,2.091,20.250,25.722400
13,13.171,3.104,22.440,25.723200
15,15.175,0.617,24.630,25.724000
9,9.147,1.130,29.420,25.748800
11,11.151,2.000,20.610,25.749600
13,13.155,3.013,22.800,25.750400
15,15.159,0.526,24.990,25.751200
9,9.163,1.039,30.180,25.752000
11,11.167,2.052,21.370,25.752800
13,13.171,3.065,23.560,25.753600
15,15.175,0.578,25.750,25.754400
17,17.168,1.500,26.000,25.779200
19,19.172,2.513,28.190,25.780000
21,21.176,0.026,30.380,25.780800
23,23.180,1.039,21.570,25.781600
17,17.184,1.552,26.760,25.782400
19,19.188,2.565,28.950,25.783200
21,21.192,0.078,31.140,25.784000
23,23.196,1.091,22.330,25.784800
17,17.168,1.604,27.120,25.809600
19,19.172,2.617,29.310,25.810400
21,21.176,0.130,31.500,25.811200
23,23.180,1.000,22.690,25.812000
17,17.184,1.513,27.880,25.812800
19,19.188,2.526,28.250,25.813600
21,21.192,0.039,30.440,25.814400
23,23.196,1.052,21.630,25.815200
17,17.168,1.565,26.420,25.840000
19,19.172,2.578,28.610,25.840800
21,21.176,0.091,30.800,25.841600
23,23.180,1.104,21.990,25.842400
17,17.184,1.617,27.180,25.843200
19,19.188,2.630,29.370,25.844000
21,21.192,0.000,31.560,25.844800
23,23.196,1.013,22.750,25.845600
17,17.168,1.526,27.540,25.870400
19,19.172,2.539,29.730,25.871200
21,21.176,0.052,30.100,25.872000
23,23.180,1.065,21.290,25.872800
17,17.184,1.578,26.480,25.873600
19,19.188,2.591,28.670,25.874400
21,21.192,0.104,30.860,25.875200
23,23.196,1.117,22.050,25.876000
17,17.168,1.630,26.840,25.900800
19,19.172,2.500,29.030,25.901600
21,21.176,0.013,31.220,25.902400
23,23.180,1.026,22.410,25.903200
17,17.184,1.539,27.600,25.904000
19,19.188,2.552,29.790,25.904800
21,21.192,0.065,31.980,25.905600
23,23.196,1.078,21.350,25.906400
17,17.168,1.591,26.140,25.931200
19,19.172,2.604,28.330,25.932000
21,21.176,0.117,30.520,25.932800
23,23.180,1.130,21.710,25.933600
17,17.184,1.500,26.900,25.934400
19,19.188,2.513,29.090,25.935200
21,21.192,0.026,31.280,25.936000
23,23.196,1.039,22.470,25.936800
17,17.168,1.552,27.260,25.961600
19,19.172,2.565,29.450,25.962400
21,21.176,0.078,31.640,25.963200
23,23.180,1.091,22.830,25.964000
17,17.184,1.604,26.200,25.964800
19,19.188,2.617,28.390,25.965600
21,21.192,0.130,30.580,25.966400
23,23.196,1.000,21.770,25.967200
17,17.168,1.513,26.560,25.992000
19,19.172,2.526,28.750,25.992800
21,21.176,0.039,30.940,25.993600
23,23.180,1.052,22.130,25.994400
17,17.184,1.565,27.320,25.995200
19,19.188,2.578,29.510,25.996000
21,21.192,0.091,31.700,25.996800
23,23.196,1.104,22.890,25.997600
17,17.168,1.617,27.680,26.022400
19,19.172,2.630,28.050,26.023200
21,21.176,0.000,30.240,26.024000
23,23.180,1.013,21.430,26.024800
17,17.184,1.526,26.620,26.025600
19,19.188,2.539,28.810,26.026400
21,21.192,0.052,31.000,26.027200
23,23.196,1.065,22.190,26.028000
17,17.168,1.578,26.980,26.052800
19,19.172,2.591,29.170,26.053600
21,21.176,0.104,31.360,26.054400
23,23.180,1.117,22.550,26.055200
17,17.184,1.630,27.740,26.056000
19,19.188,2.500,29.930,26.056800
21,21.192,0.013,30.300,26.057600
23,23.196,1.026,21.490,26.058400
17,17.168,1.539,26.280,26.083200
19,19.172,2.552,28.470,26.084000
21,21.176,0.065,30.660,26.084800
23,23.180,1.078,21.850,26.085600
17,17.184,1.591,27.040,26.086400
19,19.188,2.604,29.230,26.087200
21,21.192,0.117,31.420,26.088000
23,23.196,1.130,22.610,26.088800
17,17.168,1.500,27.400,26.113600
19,19.172,2.513,29.590,26.114400
21,21.176,0.026,31.780,26.115200
23,23.180,1.039,21.150,26.116000
17,17.184,1.552,26.340,26.116800
19,19.188,2.565,28.530,26.117600
21,21.192,0.078,30.720,26.118400
23,23.196,1.091,21.910,26.119200
17,17.168,1.604,26.700,26.144000
19,19.172,2.617,28.890,26.144800
21,21.176,0.130,31.080,26.145600
23,23.180,1.000,22.270,26.146400
17,17.184,1.513,27.460,26.147200
19,19.188,2.526,29.650,26.148000
21,21.192,0.039,31.840,26.148800
23,23.196,1.052,23.030,26.149600
17,17.168,1.565,26.000,26.174400
19,19.172,2.578,28.190,26.175200
21,21.176,0.091,30.380,26.176000
23,23.180,1.104,21.570,26.176800
17,17.184,1.617,26.760,26.177600
19,19.188,2.630,28.950,26.178400
21,21.192,0.000,31.140,26.179200
23,23.196,1.013,22.330,26.180000
17,17.168,1.526,27.120,26.204800
19,19.172,2.539,29.310,26.205600
21,21.176,0.052,31.500,26.206400
23,23.180,1.065,22.690,26.207200
17,17.184,1.578,27.880,26.208000
19,19.188,2.591,28.250,26.208800
21,21.192,0.104,30.440,26.209600
23,23.196,1.117,21.630,26.210400
17,17.168,1.630,26.420,26.235200
19,19.172,2.500,28.610,26.236000
21,21.176,0.013,30.800,26.236800
23,23.180,1.026,21.990,26.237600
17,17.184,1.539,27.180,26.238400
19,19.188,2.552,29.370,26.239200
21,21.192,0.065,31.560,26.240000
23,23.196,1.078,22.750,26.240800
1,1.000,0.500,21.000,26.265600
3,3.004,1.513,23.190,26.266400
5,5.008,2.526,25.380,26.267200
7,7.012,0.039,27.570,26.268000
1,1.016,0.552,21.760,26.268800
3,3.020,1.565,23.950,26.269600
5,5.024,2.578,26.140,26.270400
7,7.028,0.091,28.330,26.271200
1,1.000,0.604,22.120,26.296000
3,3.004,1.617,24.310,26.296800
5,5.008,2.630,26.500,26.297600
7,7.012,0.000,28.690,26.298400
1,1.016,0.513,22.880,26.299200
3,3.020,1.526,23.250,26.300000
5,5.024,2.539,25.440,26.300800
7,7.028,0.052,27.630,26.301600
1,1.000,0.565,21.420,26.326400
3,3.004,1.578,23.610,26.327200
5,5.008,2.591,25.800,26.328000
7,7.012,0.104,27.990,26.328800
1,1.016,0.617,22.180,26.329600
3,3.020,1.630,24.370,26.330400
5,5.024,2.500,26.560,26.331200
7,7.028,0.013,28.750,26.332000
1,1.000,0.526,22.540,26.356800
3,3.004,1.539,24.730,26.357600
5,5.008,2.552,25.100,26.358400
7,7.012,0.065,27.290,26.359200
1,1.016,0.578,21.480,26.360000
3,3.020,1.591,23.670,26.360800
5,5.024,2.604,25.860,26.361600
7,7.028,0.117,28.050,26.362400
1,1.000,0.630,21.840,26.387200
3,3.004,1.500,24.030,26.388000
5,5.008,2.513,26.220,26.388800
7,7.012,0.026,28.410,26.389600
1,1.016,0.539,22.600,26.390400
3,3.020,1.552,24.790,26.391200
5,5.024,2.565,26.980,26.392000
7,7.028,0.078,27.350,26.392800
1,1.000,0.591,21.140,26.417600
3,3.004,1.604,23.330,26.418400
5,5.008,2.617,25.520,26.419200
7,7.012,0.130,27.710,26.420000
1,1.016,0.500,21.900,26.420800
3,3.020,1.513,24.090,26.421600
5,5.024,2.526,26.280,26.422400
7,7.028,0.039,28.470,26.423200
1,1.000,0.552,22.260,26.448000
3,3.004,1.565,24.450,26.448800
5,5.008,2.578,26.640,26.449600
7,7.012,0.091,28.830,26.450400
1,1.016,0.604,21.200,26.451200
3,3.020,1.617,23.390,26.452000
5,5.024,2.630,25.580,26.452800
7,7.028,0.000,27.770,26.453600
1,1.000,0.513,21.560,26.478400
3,3.004,1.526,23.750,26.479200
5,5.008,2.539,25.940,26.480000
7,7.012,0.052,28.130,26.480800
1,1.016,0.565,22.320,26.481600
3,3.020,1.578,24.510,26.482400
5,5.024,2.591,26.700,26.483200
7,7.028,0.104,28.890,26.484000
1,1.000,0.617,22.680,26.508800
3,3.004,1.630,23.050,26.509600
5,5.008,2.500,25.240,26.510400
7,7.012,0.013,27.430,26.511200
1,1.016,0.526,21.620,26.512000
3,3.020,1.539,23.810,26.512800
5,5.024,2.552,26.000,26.513600
7,7.028,0.065,28.190,26.514400
1,1.000,0.578,21.980,26.539200
3,3.004,1.591,24.170,26.540000
5,5.008,2.604,26.360,26.540800
7,7.012,0.117,28.550,26.541600
1,1.016,0.630,22.740,26.542400
3,3.020,1.500,24.930,26.543200
5,5.024,2.513,25.300,26.544000
7,7.028,0.026,27.490,26.544800
1,1.000,0.539,21.280,26.569600
3,3.004,1.552,23.470,26.570400
5,5.008,2.565,25.660,26.571200
7,7.012,0.078,27.850,26.572000
1,1.016,0.591,22.040,26.572800
3,3.020,1.604,24.230,26.573600
5,5.024,2.617,26.420,26.574400
7,7.028,0.130,28.610,26.575200
1,1.000,0.500,22.400,26.600000
3,3.004,1.513,24.590,26.600800
5,5.008,2.526,26.780,26.601600
7,7.012,0.039,27.150,26.602400
1,1.016,0.552,21.340,26.603200
3,3.020,1.565,23.530,26.604000
5,5.024,2.578,25.720,26.604800
7,7.028,0.091,27.910,26.605600
1,1.000,0.604,21.700,26.630400
3,3.004,1.617,23.890,26.631200
5,5.008,2.630,26.080,26.632000
7,7.012,0.000,28.270,26.632800
1,1.016,0.513,22.460,26.633600
3,3.020,1.526,24.650,26.634400
5,5.024,2.539,26.840,26.635200
7,7.028,0.052,29.030,26.636000
1,1.000,0.565,21.000,26.660800
3,3.004,1.578,23.190,26.661600
5,5.008,2.591,25.380,26.662400
7,7.012,0.104,27.570,26.663200
1,1.016,0.617,21.760,26.664000
3,3.020,1.630,23.950,26.664800
5,5.024,2.500,26.140,26.665600
7,7.028,0.013,28.330,26.666400
1,1.000,0.526,22.120,26.691200
3,3.004,1.539,24.310,26.692000
5,5.008,2.552,26.500,26.692800
7,7.012,0.065,28.690,26.693600
1,1.016,0.578,22.880,26.694400
3,3.020,1.591,23.250,26.695200
5,5.024,2.604,25.440,26.696000
7,7.028,0.117,27.630,26.696800
1,1.000,0.630,21.420,26.721600
3,3.004,1.500,23.610,26.722400
5,5.008,2.513,25.800,26.723200
7,7.012,0.026,27.990,26.724000
1,1.016,0.539,22.180,26.724800
3,3.020,1.552,24.370,26.725600
5,5.024,2.565,26.560,26.726400
7,7.028,0.078,28.750,26.727200
9,9.021,1.000,29.000,26.752000
11,11.025,2.013,20.190,26.752800
13,13.029,3.026,22.380,26.753600
15,15.033,0.539,24.570,26.754400
9,9.037,1.052,29.760,26.755200
11,11.041,2.065,20.950,26.756000
13,13.045,3.078,23.140,26.756800
15,15.049,0.591,25.330,26.757600
9,9.021,1.104,30.120,26.782400
11,11.025,2.117,21.310,26.783200
13,13.029,3.130,23.500,26.784000
15,15.033,0.500,25.690,26.784800
9,9.037,1.013,30.880,26.785600
11,11.041,2.026,20.250,26.786400
13,13.045,3.039,22.440,26.787200
15,15.049,0.552,24.630,26.788000
9,9.021,1.065,29.420,26.812800
11,11.025,2.078,20.610,26.813600
13,13.029,3.091,22.800,26.814400
15,15.033,0.604,24.990,26.815200
9,9.037,1.117,30.180,26.816000
11,11.041,2.130,21.370,26.816800
13,13.045,3.000,23.560,26.817600
15,15.049,0.513,25.750,26.818400
9,9.021,1.026,30.540,26.843200
11,11.025,2.039,21.730,26.844000
13,13.029,3.052,22.100,26.844800
15,15.033,0.565,24.290,26.845600
9,9.037,1.078,29.480,26.846400
11,11.041,2.091,20.670,26.847200
13,13.045,3.104,22.860,26.848000
15,15.049,0.617,25.050,26.848800
9,9.021,1.130,29.840,26.873600
11,11.025,2.000,21.030,26.874400
13,13.029,3.013,23.220,26.875200
15,15.033,0.526,25.410,26.876000
9,9.037,1.039,30.600,26.876800
11,11.041,2.052,21.790,26.877600
13,13.045,3.065,23.980,26.878400
15,15.049,0.578,24.350,26.879200
9,9.021,1.091,29.140,26.904000
11,11.025,2.104,20.330,26.904800
13,13.029,3.117,22.520,26.905600
15,15.033,0.630,24.710,26.906400
9,9.037,1.000,29.900,26.907200
11,11.041,2.013,21.090,26.908000
13,13.045,3.026,23.280,26.908800
15,15.049,0.539,25.470,26.909600
9,9.021,1.052,30.260,26.934400
11,11.025,2.065,21.450,26.935200
13,13.029,3.078,23.640,26.936000
15,15.033,0.591,25.830,26.936800
9,9.037,1.104,29.200,26.937600
11,11.041,2.117,20.390,26.938400
13,13.045,3.130,22.580,26.939200
15,15.049,0.500,24.770,26.940000
9,9.021,1.013,29.560,26.964800
11,11.025,2.026,20.750,26.965600
13,13.029,3.039,22.940,26.966400
15,15.033,0.552,25.130,26.967200
9,9.037,1.065,30.320,26.968000
11,11.041,2.078,21.510,26.968800
13,13.045,3.091,23.700,26.969600
15,15.049,0.604,25.890,26.970400
9,9.021,1.117,30.680,26.995200
11,11.025,2.130,20.050,26.996000
13,13.029,3.000,22.240,26.996800
15,15.033,0.513,24.430,26.997600
9,9.037,1.026,29.620,26.998400
11,11.041,2.039,20.810,26.999200
13,13.045,3.052,23.000,27.000000
15,15.049,0.565,25.190,27.000800
9,9.021,1.078,29.980,27.025600
11,11.025,2.091,21.170,27.026400
13,13.029,3.104,23.360,27.027200
15,15.033,0.617,25.550,27.028000
9,9.037,1.130,30.740,27.028800
11,11.041,2.000,21.930,27.029600
13,13.045,3.013,22.300,27.030400
15,15.049,0.526,24.490,27.031200
9,9.021,1.039,29.280,27.056000
11,11.025,2.052,20.470,27.056800
13,13.029,3.065,22.660,27.057600
15,15.033,0.578,24.850,27.058400
9,9.037,1.091,30.040,27.059200
11,11.041,2.104,21.230,27.060000
13,13.045,3.117,23.420,27.060800
15,15.049,0.630,25.610,27.061600
9,9.021,1.000,30.400,27.086400
11,11.025,2.013,21.590,27.087200
13,13.029,3.026,23.780,27.088000
15,15.033,0.539,24.150,27.088800
9,9.037,1.052,29.340,27.089600
11,11.041,2.065,20.530,27.090400
13,13.045,3.078,22.720,27.091200
15,15.049,0.591,24.910,27.092000
9,9.021,1.104,29.700,27.116800
11,11.025,2.117,20.890,27.117600
13,13.029,3.130,23.080,27.118400
15,15.033,0.500,25.270,27.119200
9,9.037,1.013,30.460,27.120000
11,11.041,2.026,21.650,27.120800
13,13.045,3.039,23.840,27.121600
15,15.049,0.552,26.030,27.122400
9,9.021,1.065,29.000,27.147200
11,11.025,2.078,20.190,27.148000
13,13.029,3.091,22.380,27.148800
15,15.033,0.604,24.570,27.149600
9,9.037,1.117,29.760,27.150400
11,11.041,2.130,20.950,27.151200
13,13.045,3.000,23.140,27.152000
15,15.049,0.513,25.330,27.152800
9,9.021,1.026,30.120,27.177600
11,11.025,2.039,21.310,27.178400
13,13.029,3.052,23.500,27.179200
15,15.033,0.565,25.690,27.180000
9,9.037,1.078,30.880,27.180800
11,11.041,2.091,20.250,27.181600
13,13.045,3.104,22.440,27.182400
15,15.049,0.617,24.630,27.183200
9,9.021,1.130,29.420,27.208000
11,11.025,2.000,20.610,27.208800
13,13.029,3.013,22.800,27.209600
15,15.033,0.526,24.990,27.210400
9,9.037,1.039,30.180,27.211200
11,11.041,2.052,21.370,27.212000
13,13.045,3.065,23.560,27.212800
15,15.049,0.578,25.750,27.213600
17,17.042,1.500,26.000,27.238400
19,19.046,2.513,28.190,27.239200
21,21.050,0.026,30.380,27.240000
23,23.054,1.039,21.570,27.240800
17,17.058,1.552,26.760,27.241600
19,19.062,2.565,28.950,27.242400
21,21.066,0.078,31.140,27.243200
23,23.070,1.091,22.330,27.244000
17,17.042,1.604,27.120,27.268800
19,19.046,2.617,29.310,27.269600
21,21.050,0.130,31.500,27.270400
23,23.054,1.000,22.690,27.271200
17,17.058,1.513,27.880,27.272000
19,19.062,2.526,28.250,27.272800
21,21.066,0.039,30.440,27.273600
23,23.070,1.052,21.630,27.274400
17,17.042,1.565,26.420,27.299200
19,19.046,2.578,28.610,27.300000
21,21.050,0.091,30.800,27.300800
23,23.054,1.104,21.990,27.301600
17,17.058,1.617,27.180,27.302400
19,19.062,2.630,29.370,27.303200
21,21.066,0.000,31.560,27.304000
23,23.070,1.013,22.750,27.304800
17,17.042,1.526,27.540,27.329600
19,19.046,2.539,29.730,27.330400
21,21.050,0.052,30.100,27.331200
23,23.054,1.065,21.290,27.332000
17,17.058,1.578,26.480,27.332800
19,19.062,2.591,28.670,27.333600
21,21.066,0.104,30.860,27.334400
23,23.070,1.117,22.050,27.335200
17,17.042,1.630,26.840,27.360000
19,19.046,2.500,29.030,27.360800
21,21.050,0.013,31.220,27.361600
23,23.054,1.026,22.410,27.362400
17,17.058,1.539,27.600,27.363200
19,19.062,2.552,29.790,27.364000
21,21.066,0.065,31.980,27.364800
23,23.070,1.078,21.350,27.365600
17,17.042,1.591,26.140,27.390400
19,19.046,2.604,28.330,27.391200
21,21.050,0.117,30.520,27.392000
23,23.054,1.130,21.710,27.392800
17,17.058,1.500,26.900,27.393600
19,19.062,2.513,29.090,27.394400
21,21.066,0.026,31.280,27.395200
23,23.070,1.039,22.470,27.396000
17,17.042,1.552,27.260,27.420800
19,19.046,2.565,29.450,27.421600
21,21.050,0.078,31.640,27.422400
23,23.054,1.091,22.830,27.423200
17,17.058,1.604,26.200,27.424000
19,19.062,2.617,28.390,27.424800
21,21.066,0.130,30.580,27.425600
23,23.070,1.000,21.770,27.426400
17,17.042,1.513,26.560,27.451200
19,19.046,2.526,28.750,27.452000
21,21.050,0.039,30.940,27.452800
23,23.054,1.052,22.130,27.453600
17,17.058,1.565,27.320,27.454400
19,19.062,2.578,29.510,27.455200
21,21.066,0.091,31.700,27.456000
23,23.070,1.104,22.890,27.456800
17,17.042,1.617,27.680,27.481600
19,19.046,2.630,28.050,27.482400
21,21.050,0.000,30.240,27.483200
23,23.054,1.013,21.430,27.484000
17,17.058,1.526,26.620,27.484800
19,19.062,2.539,28.810,27.485600
21,21.066,0.052,31.000,27.486400
23,23.070,1.065,22.190,27.487200
17,17.042,1.578,26.980,27.512000
19,19.046,2.591,29.170,27.512800
21,21.050,0.104,31.360,27.513600
23,23.054,1.117,22.550,27.514400
17,17.058,1.630,27.740,27.515200
19,19.062,2.500,29.930,27.516000
21,21.066,0.013,30.300,27.516800
23,23.070,1.026,21.490,27.517600
17,17.042,1.539,26.280,27.542400
19,19.046,2.552,28.470,27.543200
21,21.050,0.065,30.660,27.544000
23,23.054,1.078,21.850,27.544800
17,17.058,1.591,27.040,27.545600
19,19.062,2.604,29.230,27.546400
21,21.066,0.117,31.420,27.547200
23,23.070,1.130,22.610,27.548000
17,17.042,1.500,27.400,27.572800
19,19.046,2.513,29.590,27.573600
21,21.050,0.026,31.780,27.574400
23,23.054,1.039,21.150,27.575200
17,17.058,1.552,26.340,27.576000
19,19.062,2.565,28.530,27.576800
21,21.066,0.078,30.720,27.577600
23,23.070,1.091,21.910,27.578400
17,17.042,1.604,26.700,27.603200
19,19.046,2.617,28.890,27.604000
21,21.050,0.130,31.080,27.604800
23,23.054,1.000,22.270,27.605600
17,17.058,1.513,27.460,27.606400
19,19.062,2.526,29.650,27.607200
21,21.066,0.039,31.840,27.608000
23,23.070,1.052,23.030,27.608800
17,17.042,1.565,26.000,27.633600
19,19.046,2.578,28.190,27.634400
21,21.050,0.091,30.380,27.635200
23,23.054,1.104,21.570,27.636000
17,17.058,1.617,26.760,27.636800
19,19.062,2.630,28.950,27.637600
21,21.066,0.000,31.140,27.638400
23,23.070,1.013,22.330,27.639200
17,17.042,1.526,27.120,27.664000
19,19.046,2.539,29.310,27.664800
21,21.050,0.052,31.500,27.665600
23,23.054,1.065,22.690,27.666400
17,17.058,1.578,27.880,27.667200
19,19.062,2.591,28.250,27.668000
21,21.066,0.104,30.440,27.668800
23,23.070,1.117,21.630,27.669600
17,17.042,1.630,26.420,27.694400
19,19.046,2.500,28.610,27.695200
21,21.050,0.013,30.800,27.696000
23,23.054,1.026,21.990,27.696800
17,17.058,1.539,27.180,27.697600
19,19.062,2.552,29.370,27.698400
21,21.066,0.065,31.560,27.699200
23,23.070,1.078,22.750,27.700000
1,1.063,0.500,21.000,27.724800
3,3.067,1.513,23.190,27.725600
5,5.071,2.526,25.380,27.726400
7,7.075,0.039,27.570,27.727200
1,1.079,0.552,21.760,27.728000
3,3.083,1.565,23.950,27.728800
5,5.087,2.578,26.140,27.729600
7,7.091,0.091,28.330,27.730400
1,1.063,0.604,22.120,27.755200
3,3.067,1.617,24.310,27.756000
5,5.071,2.630,26.500,27.756800
7,7.075,0.000,28.690,27.757600
1,1.079,0.513,22.880,27.758400
3,3.083,1.526,23.250,27.759200
5,5.087,2.539,25.440,27.760000
7,7.091,0.052,27.630,27.760800
1,1.063,0.565,21.420,27.785600
3,3.067,1.578,23.610,27.786400
5,5.071,2.591,25.800,27.787200
7,7.075,0.104,27.990,27.788000
1,1.079,0.617,22.180,27.788800
3,3.083,1.630,24.370,27.789600
5,5.087,2.500,26.560,27.790400
7,7.091,0.013,28.750,27.791200
1,1.063,0.526,22.540,27.816000
3,3.067,1.539,24.730,27.816800
5,5.071,2.552,25.100,27.817600
7,7.075,0.065,27.290,27.818400
1,1.079,0.578,21.480,27.819200
3,3.083,1.591,23.670,27.820000
5,5.087,2.604,25.860,27.820800
7,7.091,0.117,28.050,27.821600
1,1.063,0.630,21.840,27.846400
3,3.067,1.500,24.030,27.847200
5,5.071,2.513,26.220,27.848000
7,7.075,0.026,28.410,27.848800
1,1.079,0.539,22.600,27.849600
3,3.083,1.552,24.790,27.850400
5,5.087,2.565,26.980,27.851200
7,7.091,0.078,27.350,27.852000
1,1.063,0.591,21.140,27.876800
3,3.067,1.604,23.330,27.877600
5,5.071,2.617,25.520,27.878400
7,7.075,0.130,27.710,27.879200
1,1.079,0.500,21.900,27.880000
3,3.083,1.513,24.090,27.880800
5,5.087,2.526,26.280,27.881600
7,7.091,0.039,28.470,27.882400
1,1.063,0.552,22.260,27.907200
3,3.067,1.565,24.450,27.908000
5,5.071,2.578,26.640,27.908800
7,7.075,0.091,28.830,27.909600
1,1.079,0.604,21.200,27.910400
3,3.083,1.617,23.390,27.911200
5,5.087,2.630,25.580,27.912000
7,7.091,0.000,27.770,27.912800
1,1.063,0.513,21.560,27.937600
3,3.067,1.526,23.750,27.938400
5,5.071,2.539,25.940,27.939200
7,7.075,0.052,28.130,27.940000
1,1.079,0.565,22.320,27.940800
3,3.083,1.578,24.510,27.941600
5,5.087,2.591,26.700,27.942400
7,7.091,0.104,28.890,27.943200
1,1.063,0.617,22.680,27.968000
3,3.067,1.630,23.050,27.968800
5,5.071,2.500,25.240,27.969600
7,7.075,0.013,27.430,27.970400
1,1.079,0.526,21.620,27.971200
3,3.083,1.539,23.810,27.972000
5,5.087,2.552,26.000,27.972800
7,7.091,0.065,28.190,27.973600
1,1.063,0.578,21.980,27.998400
3,3.067,1.591,24.170,27.999200
5,5.071,2.604,26.360,28.000000
7,7.075,0.117,28.550,28.000800
1,1.079,0.630,22.740,28.001600
3,3.083,1.500,24.930,28.002400
5,5.087,2.513,25.300,28.003200
7,7.091,0.026,27.490,28.004000
1,1.063,0.539,21.280,28.028800
3,3.067,1.552,23.470,28.029600
5,5.071,2.565,25.660,28.030400
7,7.075,0.078,27.850,28.031200
1,1.079,0.591,22.040,28.032000
3,3.083,1.604,24.230,28.032800
5,5.087,2.617,26.420,28.033600
7,7.091,0.130,28.610,28.034400
1,1.063,0.500,22.400,28.059200
3,3.067,1.513,24.590,28.060000
5,5.071,2.526,26.780,28.060800
7,7.075,0.039,27.150,28.061600
1,1.079,0.552,21.340,28.062400
3,3.083,1.565,23.530,28.063200
5,5.087,2.578,25.720,28.064000
7,7.091,0.091,27.910,28.064800
1,1.063,0.604,21.700,28.089600
3,3.067,1.617,23.890,28.090400
5,5.071,2.630,26.080,28.091200
7,7.075,0.000,28.270,28.092000
1,1.079,0.513,22.460,28.092800
3,3.083,1.526,24.650,28.093600
5,5.087,2.539,26.840,28.094400
7,7.091,0.052,29.030,28.095200
1,1.063,0.565,21.000,28.120000
3,3.067,1.578,23.190,28.120800
5,5.071,2.591,25.380,28.121600
7,7.075,0.104,27.570,28.122400
1,1.079,0.617,21.760,28.123200
3,3.083,1.630,23.950,28.124000
5,5.087,2.500,26.140,28.124800
7,7.091,0.013,28.330,28.125600
1,1.063,0.526,22.120,28.150400
3,3.067,1.539,24.310,28.151200
5,5.071,2.552,26.500,28.152000
7,7.075,0.065,28.690,28.152800
1,1.079,0.578,22.880,28.153600
3,3.083,1.591,23.250,28.154400
5,5.087,2.604,25.440,28.155200
7,7.091,0.117,27.630,28.156000
1,1.063,0.630,21.420,28.180800
3,3.067,1.500,23.610,28.181600
5,5.071,2.513,25.800,28.182400
7,7.075,0.026,27.990,28.183200
1,1.079,0.539,22.180,28.184000
3,3.083,1.552,24.370,28.184800
5,5.087,2.565,26.560,28.185600
7,7.091,0.078,28.750,28.186400
9,9.084,1.000,29.000,28.211200
11,11.088,2.013,20.190,28.212000
13,13.092,3.026,22.380,28.212800
15,15.096,0.539,24.570,28.213600
9,9.100,1.052,29.760,28.214400
11,11.104,2.065,20.950,28.215200
13,13.108,3.078,23.140,28.216000
15,15.112,0.591,25.330,28.216800
9,9.084,1.104,30.120,28.241600
11,11.088,2.117,21.310,28.242400
13,13.092,3.130,23.500,28.243200
15,15.096,0.500,25.690,28.244000
9,9.100,1.013,30.880,28.244800
11,11.104,2.026,20.250,28.245600
13,13.108,3.039,22.440,28.246400
15,15.112,0.552,24.630,28.247200
9,9.084,1.065,29.420,28.272000
11,11.088,2.078,20.610,28.272800
13,13.092,3.091,22.800,28.273600
15,15.096,0.604,24.990,28.274400
9,9.100,1.117,30.180,28.275200
11,11.104,2.130,21.370,28.276000
13,13.108,3.000,23.560,28.276800
15,15.112,0.513,25.750,28.277600
9,9.084,1.026,30.540,28.302400
11,11.088,2.039,21.730,28.303200
13,13.092,3.052,22.100,28.304000
15,15.096,0.565,24.290,28.304800
9,9.100,1.078,29.480,28.305600
11,11.104,2.091,20.670,28.306400
13,13.108,3.104,22.860,28.307200
15,15.112,0.617,25.050,28.308000
9,9.084,1.130,29.840,28.332800
11,11.088,2.000,21.030,28.333600
13,13.092,3.013,23.220,28.334400
15,15.096,0.526,25.410,28.335200
9,9.100,1.039,30.600,28.336000
11,11.104,2.052,21.790,28.336800
13,13.108,3.065,23.980,28.337600
15,15.112,0.578,24.350,28.338400
9,9.084,1.091,29.140,28.363200
11,11.088,2.104,20.330,28.364000
13,13.092,3.117,22.520,28.364800
15,15.096,0.630,24.710,28.365600
9,9.100,1.000,29.900,28.366400
11,11.104,2.013,21.090,28.367200
13,13.108,3.026,23.280,28.368000
15,15.112,0.539,25.470,28.368800
9,9.084,1.052,30.260,28.393600
11,11.088,2.065,21.450,28.394400
13,13.092,3.078,23.640,28.395200
15,15.096,0.591,25.830,28.396000
9,9.100,1.104,29.200,28.396800
11,11.104,2.117,20.390,28.397600
13,13.108,3.130,22.580,28.398400
15,15.112,0.500,24.770,28.399200
9,9.084,1.013,29.560,28.424000
11,11.088,2.026,20.750,28.424800
13,13.092,3.039,22.940,28.425600
15,15.096,0.552,25.130,28.426400
9,9.100,1.065,30.320,28.427200
11,11.104,2.078,21.510,28.428000
13,13.108,3.091,23.700,28.428800
15,15.112,0.604,25.890,28.429600
9,9.084,1.117,30.680,28.454400
11,11.088,2.130,20.050,28.455200
13,13.092,3.000,22.240,28.456000
15,15.096,0.513,24.430,28.456800
9,9.100,1.026,29.620,28.457600
11,11.104,2.039,20.810,28.458400
13,13.108,3.052,23.000,28.459200
15,15.112,0.565,25.190,28.460000
9,9.084,1.078,29.980,28.484800
11,11.088,2.091,21.170,28.485600
13,13.092,3.104,23.360,28.486400
15,15.096,0.617,25.550,28.487200
9,9.100,1.130,30.740,28.488000
11,11.104,2.000,21.930,28.488800
13,13.108,3.013,22.300,28.489600
15,15.112,0.526,24.490,28.490400
9,9.084,1.039,29.280,28.515200
11,11.088,2.052,20.470,28.516000
13,13.092,3.065,22.660,28.516800
15,15.096,0.578,24.850,28.517600
9,9.100,1.091,30.040,28.518400
11,11.104,2.104,21.230,28.519200
13,13.108,3.117,23.420,28.520000
15,15.112,0.630,25.610,28.520800
9,9.084,1.000,30.400,28.545600
11,11.088,2.013,21.590,28.546400
13,13.092,3.026,23.780,28.547200
15,15.096,0.539,24.150,28.548000
9,9.100,1.052,29.340,28.548800
11,11.104,2.065,20.530,28.549600
13,13.108,3.078,22.720,28.550400
15,15.112,0.591,24.910,28.551200
9,9.084,1.104,29.700,28.576000
11,11.088,2.117,20.890,28.576800
13,13.092,3.130,23.080,28.577600
15,15.096,0.500,25.270,28.578400
9,9.100,1.013,30.460,28.579200
11,11.104,2.026,21.650,28.580000
13,13.108,3.039,23.840,28.580800
15,15.112,0.552,26.030,28.581600
9,9.084,1.065,29.000,28.606400
11,11.088,2.078,20.190,28.607200
13,13.092,3.091,22.380,28.608000
15,15.096,0.604,24.570,28.608800
9,9.100,1.117,29.760,28.609600
11,11.104,2.130,20.950,28.610400
13,13.108,3.000,23.140,28.611200
15,15.112,0.513,25.330,28.612000
9,9.084,1.026,30.120,28.636800
11,11.088,2.039,21.310,28.637600
13,13.092,3.052,23.500,28.638400
15,15.096,0.565,25.690,28.639200
9,9.100,1.078,30.880,28.640000
11,11.104,2.091,20.250,28.640800
13,13.108,3.104,22.440,28.641600
15,15.112,0.617,24.630,28.642400
9,9.084,1.130,29.420,28.667200
11,11.088,2.000,20.610,28.668000
13,13.092,3.013,22.800,28.668800
15,15.096,0.526,24.990,28.669600
9,9.100,1.039,30.180,28.670400
11,11.104,2.052,21.370,28.671200
13,13.108,3.065,23.560,28.672000
15,15.112,0.578,25.750,28.672800
17,17.105,1.500,26.000,28.697600
19,19.109,2.513,28.190,28.698400
21,21.113,0.026,30.380,28.699200
23,23.117,1.039,21.570,28.700000
17,17.121,1.552,26.760,28.700800
19,19.125,2.565,28.950,28.701600
21,21.129,0.078,31.140,28.702400
23,23.133,1.091,22.330,28.703200
17,17.105,1.604,27.120,28.728000
19,19.109,2.617,29.310,28.728800
21,21.113,0.130,31.500,28.729600
23,23.117,1.000,22.690,28.730400
17,17.121,1.513,27.880,28.731200
19,19.125,2.526,28.250,28.732000
21,21.129,0.039,30.440,28.732800
23,23.133,1.052,21.630,28.733600
17,17.105,1.565,26.420,28.758400
19,19.109,2.578,28.610,28.759200
21,21.113,0.091,30.800,28.760000
23,23.117,1.104,21.990,28.760800
17,17.121,1.617,27.180,28.761600
19,19.125,2.630,29.370,28.762400
21,21.129,0.000,31.560,28.763200
23,23.133,1.013,22.750,28.764000
17,17.105,1.526,27.540,28.788800
19,19.109,2.539,29.730,28.789600
21,21.113,0.052,30.100,28.790400
23,23.117,1.065,21.290,28.791200
17,17.121,1.578,26.480,28.792000
19,19.125,2.591,28.670,28.792800
21,21.129,0.104,30.860,28.793600
23,23.133,1.117,22.050,28.794400
17,17.105,1.630,26.840,28.819200
19,19.109,2.500,29.030,28.820000
21,21.113,0.013,31.220,28.820800
23,23.117,1.026,22.410,28.821600
17,17.121,1.539,27.600,28.822400
19,19.125,2.552,29.790,28.823200
21,21.129,0.065,31.980,28.824000
23,23.133,1.078,21.350,28.824800
17,17.105,1.591,26.140,28.849600
19,19.109,2.604,28.330,28.850400
21,21.113,0.117,30.520,28.851200
23,23.117,1.130,21.710,28.852000
17,17.121,1.500,26.900,28.852800
19,19.125,2.513,29.090,28.853600
21,21.129,0.026,31.280,28.854400
23,23.133,1.039,22.470,28.855200
17,17.105,1.552,27.260,28.880000
19,19.109,2.565,29.450,28.880800
21,21.113,0.078,31.640,28.881600
23,23.117,1.091,22.830,28.882400
17,17.121,1.604,26.200,28.883200
19,19.125,2.617,28.390,28.884000
21,21.129,0.130,30.580,28.884800
23,23.133,1.000,21.770,28.885600
17,17.105,1.513,26.560,28.910400
19,19.109,2.526,28.750,28.911200
21,21.113,0.039,30.940,28.912000
23,23.117,1.052,22.130,28.912800
17,17.121,1.565,27.320,28.913600
19,19.125,2.578,29.510,28.914400
21,21.129,0.091,31.700,28.915200
23,23.133,1.104,22.890,28.916000
17,17.105,1.617,27.680,28.940800
19,19.109,2.630,28.050,28.941600
21,21.113,0.000,30.240,28.942400
23,23.117,1.013,21.430,28.943200
17,17.121,1.526,26.620,28.944000
19,19.125,2.539,28.810,28.944800
21,21.129,0.052,31.000,28.945600
23,23.133,1.065,22.190,28.946400
17,17.105,1.578,26.980,28.971200
19,19.109,2.591,29.170,28.972000
21,21.113,0.104,31.360,28.972800
23,23.117,1.117,22.550,28.973600
17,17.121,1.630,27.740,28.974400
19,19.125,2.500,29.930,28.975200
21,21.129,0.013,30.300,28.976000
23,23.133,1.026,21.490,28.976800
17,17.105,1.539,26.280,29.001600
19,19.109,2.552,28.470,29.002400
21,21.113,0.065,30.660,29.003200
23,23.117,1.078,21.850,29.004000
17,17.121,1.591,27.040,29.004800
19,19.125,2.604,29.230,29.005600
21,21.129,0.117,31.420,29.006400
23,23.133,1.130,22.610,29.007200
17,17.105,1.500,27.400,29.032000
19,19.109,2.513,29.590,29.032800
21,21.113,0.026,31.780,29.033600
23,23.117,1.039,21.150,29.034400
17,17.121,1.552,26.340,29.035200
19,19.125,2.565,28.530,29.036000
21,21.129,0.078,30.720,29.036800
23,23.133,1.091,21.910,29.037600
17,17.105,1.604,26.700,29.062400
19,19.109,2.617,28.890,29.063200
21,21.113,0.130,31.080,29.064000
23,23.117,1.000,22.270,29.064800
17,17.121,1.513,27.460,29.065600
19,19.125,2.526,29.650,29.066400
21,21.129,0.039,31.840,29.067200
23,23.133,1.052,23.030,29.068000
17,17.105,1.565,26.000,29.092800
19,19.109,2.578,28.190,29.093600
21,21.113,0.091,30.380,29.094400
23,23.117,1.104,21.570,29.095200
17,17.121,1.617,26.760,29.096000
19,19.125,2.630,28.950,29.096800
21,21.129,0.000,31.140,29.097600
23,23.133,1.013,22.330,29.098400
17,17.105,1.526,27.120,29.123200
19,19.109,2.539,29.310,29.124000
21,21.113,0.052,31.500,29.124800
23,23.117,1.065,22.690,29.125600
17,17.121,1.578,27.880,29.126400
19,19.125,2.591,28.250,29.127200
21,21.129,0.104,30.440,29.128000
23,23.133,1.117,21.630,29.128800
17,17.105,1.630,26.420,29.153600
19,19.109,2.500,28.610,29.154400
21,21.113,0.013,30.800,29.155200
23,23.117,1.026,21.990,29.156000
17,17.121,1.539,27.180,29.156800
19,19.125,2.552,29.370,29.157600
21,21.129,0.065,31.560,29.158400
23,23.133,1.078,22.750,29.159200
1,1.126,0.500,21.000,29.184000
3,3.130,1.513,23.190,29.184800
5,5.134,2.526,25.380,29.185600
7,7.138,0.039,27.570,29.186400
1,1.142,0.552,21.760,29.187200
3,3.146,1.565,23.950,29.188000
5,5.150,2.578,26.140,29.188800
7,7.154,0.091,28.330,29.189600
1,1.126,0.604,22.120,29.214400
3,3.130,1.617,24.310,29.215200
5,5.134,2.630,26.500,29.216000
7,7.138,0.000,28.690,29.216800
1,1.142,0.513,22.880,29.217600
3,3.146,1.526,23.250,29.218400
5,5.150,2.539,25.440,29.219200
7,7.154,0.052,27.630,29.220000
1,1.126,0.565,21.420,29.244800
3,3.130,1.578,23.610,29.245600
5,5.134,2.591,25.800,29.246400
7,7.138,0.104,27.990,29.247200
1,1.142,0.617,22.180,29.248000
3,3.146,1.630,24.370,29.248800
5,5.150,2.500,26.560,29.249600
7,7.154,0.013,28.750,29.250400
1,1.126,0.526,22.540,29.275200
3,3.130,1.539,24.730,29.276000
5,5.134,2.552,25.100,29.276800
7,7.138,0.065,27.290,29.277600
1,1.142,0.578,21.480,29.278400
3,3.146,1.591,23.670,29.279200
5,5.150,2.604,25.860,29.280000
7,7.154,0.117,28.050,29.280800
1,1.126,0.630,21.840,29.305600
3,3.130,1.500,24.030,29.306400
5,5.134,2.513,26.220,29.307200
7,7.138,0.026,28.410,29.308000
1,1.142,0.539,22.600,29.308800
3,3.146,1.552,24.790,29.309600
5,5.150,2.565,26.980,29.310400
7,7.154,0.078,27.350,29.311200
1,1.126,0.591,21.140,29.336000
3,3.130,1.604,23.330,29.336800
5,5.134,2.617,25.520,29.337600
7,7.138,0.130,27.710,29.338400
1,1.142,0.500,21.900,29.339200
3,3.146,1.513,24.090,29.340000
5,5.150,2.526,26.280,29.340800
7,7.154,0.039,28.470,29.341600
1,1.126,0.552,22.260,29.366400
3,3.130,1.565,24.450,29.367200
5,5.134,2.578,26.640,29.368000
7,7.138,0.091,28.830,29.368800
1,1.142,0.604,21.200,29.369600
3,3.146,1.617,23.390,29.370400
5,5.150,2.630,25.580,29.371200
7,7.154,0.000,27.770,29.372000
1,1.126,0.513,21.560,29.396800
3,3.130,1.526,23.750,29.397600
5,5.134,2.539,25.940,29.398400
7,7.138,0.052,28.130,29.399200
1,1.142,0.565,22.320,29.400000
3,3.146,1.578,24.510,29.400800
5,5.150,2.591,26.700,29.401600
7,7.154,0.104,28.890,29.402400
1,1.126,0.617,22.680,29.427200
3,3.130,1.630,23.050,29.428000
5,5.134,2.500,25.240,29.428800
7,7.138,0.013,27.430,29.429600
1,1.142,0.526,21.620,29.430400
3,3.146,1.539,23.810,29.431200
5,5.150,2.552,26.000,29.432000
7,7.154,0.065,28.190,29.432800
1,1.126,0.578,21.980,29.457600
3,3.130,1.591,24.170,29.458400
5,5.134,2.604,26.360,29.459200
7,7.138,0.117,28.550,29.460000
1,1.142,0.630,22.740,29.460800
3,3.146,1.500,24.930,29.461600
5,5.150,2.513,25.300,29.462400
7,7.154,0.026,27.490,29.463200
1,1.126,0.539,21.280,29.488000
3,3.130,1.552,23.470,29.488800
5,5.134,2.565,25.660,29.489600
7,7.138,0.078,27.850,29.490400
1,1.142,0.591,22.040,29.491200
3,3.146,1.604,24.230,29.492000
5,5.150,2.617,26.420,29.492800
7,7.154,0.130,28.610,29.493600
1,1.126,0.500,22.400,29.518400
3,3.130,1.513,24.590,29.519200
5,5.134,2.526,26.780,29.520000
7,7.138,0.039,27.150,29.520800
1,1.142,0.552,21.340,29.521600
3,3.146,1.565,23.530,29.522400
5,5.150,2.578,25.720,29.523200
7,7.154,0.091,27.910,29.524000
1,1.126,0.604,21.700,29.548800
3,3.130,1.617,23.890,29.549600
5,5.134,2.630,26.080,29.550400
7,7.138,0.000,28.270,29.551200
1,1.142,0.513,22.460,29.552000
3,3.146,1.526,24.650,29.552800
5,5.150,2.539,26.840,29.553600
7,7.154,0.052,29.030,29.554400
1,1.126,0.565,21.000,29.579200
3,3.130,1.578,23.190,29.580000
5,5.134,2.591,25.380,29.580800
7,7.138,0.104,27.570,29.581600
1,1.142,0.617,21.760,29.582400
3,3.146,1.630,23.950,29.583200
5,5.150,2.500,26.140,29.584000
7,7.154,0.013,28.330,29.584800
1,1.126,0.526,22.120,29.609600
3,3.130,1.539,24.310,29.610400
5,5.134,2.552,26.500,29.611200
7,7.138,0.065,28.690,29.612000
1,1.142,0.578,22.880,29.612800
3,3.146,1.591,23.250,29.613600
5,5.150,2.604,25.440,29.614400
7,7.154,0.117,27.630,29.615200
1,1.126,0.630,21.420,29.640000
3,3.130,1.500,23.610,29.640800
5,5.134,2.513,25.800,29.641600
7,7.138,0.026,27.990,29.642400
1,1.142,0.539,22.180,29.643200
3,3.146,1.552,24.370,29.644000
5,5.150,2.565,26.560,29.644800
7,7.154,0.078,28.750,29.645600
9,9.147,1.000,29.000,29.670400
11,11.151,2.013,20.190,29.671200
13,13.155,3.026,22.380,29.672000
15,15.159,0.539,24.570,29.672800
9,9.163,1.052,29.760,29.673600
11,11.167,2.065,20.950,29.674400
13,13.171,3.078,23.140,29.675200
15,15.175,0.591,25.330,29.676000
9,9.147,1.104,30.120,29.700800
11,11.151,2.117,21.310,29.701600
13,13.155,3.130,23.500,29.702400
15,15.159,0.500,25.690,29.703200
9,9.163,1.013,30.880,29.704000
11,11.167,2.026,20.250,29.704800
13,13.171,3.039,22.440,29.705600
15,15.175,0.552,24.630,29.706400
9,9.147,1.065,29.420,29.731200
11,11.151,2.078,20.610,29.732000
13,13.155,3.091,22.800,29.732800
15,15.159,0.604,24.990,29.733600
9,9.163,1.117,30.180,29.734400
11,11.167,2.130,21.370,29.735200
13,13.171,3.000,23.560,29.736000
15,15.175,0.513,25.750,29.736800
9,9.147,1.026,30.540,29.761600
11,11.151,2.039,21.730,29.762400
13,13.155,3.052,22.100,29.763200
15,15.159,0.565,24.290,29.764000
9,9.163,1.078,29.480,29.764800
11,11.167,2.091,20.670,29.765600
13,13.171,3.104,22.860,29.766400
15,15.175,0.617,25.050,29.767200
9,9.147,1.130,29.840,29.792000
11,11.151,2.000,21.030,29.792800
13,13.155,3.013,23.220,29.793600
15,15.159,0.526,25.410,29.794400
9,9.163,1.039,30.600,29.795200
11,11.167,2.052,21.790,29.796000
13,13.171,3.065,23.980,29.796800
15,15.175,0.578,24.350,29.797600
9,9.147,1.091,29.140,29.822400
11,11.151,2.104,20.330,29.823200
13,13.155,3.117,22.520,29.824000
15,15.159,0.630,24.710,29.824800
9,9.163,1.000,29.900,29.825600
11,11.167,2.013,21.090,29.826400
13,13.171,3.026,23.280,29.827200
15,15.175,0.539,25.470,29.828000
9,9.147,1.052,30.260,29.852800
11,11.151,2.065,21.450,29.853600
13,13.155,3.078,23.640,29.854400
15,15.159,0.591,25.830,29.855200
9,9.163,1.104,29.200,29.856000
11,11.167,2.117,20.390,29.856800
13,13.171,3.130,22.580,29.857600
15,15.175,0.500,24.770,29.858400
9,9.147,1.013,29.560,29.883200
11,11.151,2.026,20.750,29.884000
13,13.155,3.039,22.940,29.884800
15,15.159,0.552,25.130,29.885600
9,9.163,1.065,30.320,29.886400
11,11.167,2.078,21.510,29.887200
13,13.171,3.091,23.700,29.888000
15,15.175,0.604,25.890,29.888800
9,9.147,1.117,30.680,29.913600
11,11.151,2.130,20.050,29.914400
13,13.155,3.000,22.240,29.915200
15,15.159,0.513,24.430,29.916000
9,9.163,1.026,29.620,29.916800
11,11.167,2.039,20.810,29.917600
13,13.171,3.052,23.000,29.918400
15,15.175,0.565,25.190,29.919200
9,9.147,1.078,29.980,29.944000
11,11.151,2.091,21.170,29.944800
13,13.155,3.104,23.360,29.945600
15,15.159,0.617,25.550,29.946400
9,9.163,1.130,30.740,29.947200
11,11.167,2.000,21.930,29.948000
13,13.171,3.013,22.300,29.948800
15,15.175,0.526,24.490,29.949600
9,9.147,1.039,29.280,29.974400
11,11.151,2.052,20.470,29.975200
13,13.155,3.065,22.660,29.976000
15,15.159,0.578,24.850,29.976800
9,9.163,1.091,30.040,29.977600
11,11.167,2.104,21.230,29.978400
13,13.171,3.117,23.420,29.979200
15,15.175,0.630,25.610,29.980000
9,9.147,1.000,30.400,30.004800
11,11.151,2.013,21.590,30.005600
13,13.155,3.026,23.780,30.006400
15,15.159,0.539,24.150,30.007200
9,9.163,1.052,29.340,30.008000
11,11.167,2.065,20.530,30.008800
13,13.171,3.078,22.720,30.009600
15,15.175,0.591,24.910,30.010400
9,9.147,1.104,29.700,30.035200
11,11.151,2.117,20.890,30.036000
13,13.155,3.130,23.080,30.036800
15,15.159,0.500,25.270,30.037600
9,9.163,1.013,30.460,30.038400
11,11.167,2.026,21.650,30.039200
13,13.171,3.039,23.840,30.040000
15,15.175,0.552,26.030,30.040800
9,9.147,1.065,29.000,30.065600
11,11.151,2.078,20.190,30.066400
13,13.155,3.091,22.380,30.067200
15,15.159,0.604,24.570,30.068000
9,9.163,1.117,29.760,30.068800
11,11.167,2.130,20.950,30.069600
13,13.171,3.000,23.140,30.070400
15,15.175,0.513,25.330,30.071200
9,9.147,1.026,30.120,30.096000
11,11.151,2.039,21.310,30.096800
13,13.155,3.052,23.500,30.097600
15,15.159,0.565,25.690,30.098400
9,9.163,1.078,30.880,30.099200
11,11.167,2.091,20.250,30.100000
13,13.171,3.104,22.440,30.100800
15,15.175,0.617,24.630,30.101600
9,9.147,1.130,29.420,30.126400
11,11.151,2.000,20.610,30.127200
13,13.155,3.013,22.800,30.128000
15,15.159,0.526,24.990,30.128800
9,9.163,1.039,30.180,30.129600
11,11.167,2.052,21.370,30.130400
13,13.171,3.065,23.560,30.131200
15,15.175,0.578,25.750,30.132000
17,17.168,1.500,26.000,30.156800
19,19.172,2.513,28.190,30.157600
21,21.176,0.026,30.380,30.158400
23,23.180,1.039,21.570,30.159200
17,17.184,1.552,26.760,30.160000
19,19.188,2.565,28.950,30.160800
21,21.192,0.078,31.140,30.161600
23,23.196,1.091,22.330,30.162400
17,17.168,1.604,27.120,30.187200
19,19.172,2.617,29.310,30.188000
21,21.176,0.130,31.500,30.188800
23,23.180,1.000,22.690,30.189600
17,17.184,1.513,27.880,30.190400
19,19.188,2.526,28.250,30.191200
21,21.192,0.039,30.440,30.192000
23,23.196,1.052,21.630,30.192800
17,17.168,1.565,26.420,30.217600
19,19.172,2.578,28.610,30.218400
21,21.176,0.091,30.800,30.219200
23,23.180,1.104,21.990,30.220000
17,17.184,1.617,27.180,30.220800
19,19.188,2.630,29.370,30.221600
21,21.192,0.000,31.560,30.222400
23,23.196,1.013,22.750,30.223200
17,17.168,1.526,27.540,30.248000
19,19.172,2.539,29.730,30.248800
21,21.176,0.052,30.100,30.249600
23,23.180,1.065,21.290,30.250400
17,17.184,1.578,26.480,30.251200
19,19.188,2.591,28.670,30.252000
21,21.192,0.104,30.860,30.252800
23,23.196,1.117,22.050,30.253600
17,17.168,1.630,26.840,30.278400
19,19.172,2.500,29.030,30.279200
21,21.176,0.013,31.220,30.280000
23,23.180,1.026,22.410,30.280800
17,17.184,1.539,27.600,30.281600
19,19.188,2.552,29.790,30.282400
21,21.192,0.065,31.980,30.283200
23,23.196,1.078,21.350,30.284000
17,17.168,1.591,26.140,30.308800
19,19.172,2.604,28.330,30.309600
21,21.176,0.117,30.520,30.310400
23,23.180,1.130,21.710,30.311200
17,17.184,1.500,26.900,30.312000
19,19.188,2.513,29.090,30.312800
21,21.192,0.026,31.280,30.313600
23,23.196,1.039,22.470,30.314400
17,17.168,1.552,27.260,30.339200
19,19.172,2.565,29.450,30.340000
21,21.176,0.078,31.640,30.340800
23,23.180,1.091,22.830,30.341600
17,17.184,1.604,26.200,30.342400
19,19.188,2.617,28.390,30.343200
21,21.192,0.130,30.580,30.344000
23,23.196,1.000,21.770,30.344800
17,17.168,1.513,26.560,30.369600
19,19.172,2.526,28.750,30.370400
21,21.176,0.039,30.940,30.371200
23,23.180,1.052,22.130,30.372000
17,17.184,1.565,27.320,30.372800
19,19.188,2.578,29.510,30.373600
21,21.192,0.091,31.700,30.374400
23,23.196,1.104,22.890,30.375200
17,17.168,1.617,27.680,30.400000
19,19.172,2.630,28.050,30.400800
21,21.176,0.000,30.240,30.401600
23,23.180,1.013,21.430,30.402400
17,17.184,1.526,26.620,30.403200
19,19.188,2.539,28.810,30.404000
21,21.192,0.052,31.000,30.404800
23,23.196,1.065,22.190,30.405600
17,17.168,1.578,26.980,30.430400
19,19.172,2.591,29.170,30.431200
21,21.176,0.104,31.360,30.432000
23,23.180,1.117,22.550,30.432800
17,17.184,1.630,27.740,30.433600
19,19.188,2.500,29.930,30.434400
21,21.192,0.013,30.300,30.435200
23,23.196,1.026,21.490,30.436000
17,17.168,1.539,26.280,30.460800
19,19.172,2.552,28.470,30.461600
21,21.176,0.065,30.660,30.462400
23,23.180,1.078,21.850,30.463200
17,17.184,1.591,27.040,30.464000
19,19.188,2.604,29.230,30.464800
21,21.192,0.117,31.420,30.465600
23,23.196,1.130,22.610,30.466400
17,17.168,1.500,27.400,30.491200
19,19.172,2.513,29.590,30.492000
21,21.176,0.026,31.780,30.492800
23,23.180,1.039,21.150,30.493600
17,17.184,1.552,26.340,30.494400
19,19.188,2.565,28.530,30.495200
21,21.192,0.078,30.720,30.496000
23,23.196,1.091,21.910,30.496800
17,17.168,1.604,26.700,30.521600
19,19.172,2.617,28.890,30.522400
21,21.176,0.130,31.080,30.523200
23,23.180,1.000,22.270,30.524000
17,17.184,1.513,27.460,30.524800
19,19.188,2.526,29.650,30.525600
21,21.192,0.039,31.840,30.526400
23,23.196,1.052,23.030,30.527200
17,17.168,1.565,26.000,30.552000
19,19.172,2.578,28.190,30.552800
21,21.176,0.091,30.380,30.553600
23,23.180,1.104,21.570,30.554400
17,17.184,1.617,26.760,30.555200
19,19.188,2.630,28.950,30.556000
21,21.192,0.000,31.140,30.556800
23,23.196,1.013,22.330,30.557600
17,17.168,1.526,27.120,30.582400
19,19.172,2.539,29.310,30.583200
21,21.176,0.052,31.500,30.584000
23,23.180,1.065,22.690,30.584800
17,17.184,1.578,27.880,30.585600
19,19.188,2.591,28.250,30.586400
21,21.192,0.104,30.440,30.587200
23,23.196,1.117,21.630,30.588000
17,17.168,1.630,26.420,30.612800
19,19.172,2.500,28.610,30.613600
21,21.176,0.013,30.800,30.614400
23,23.180,1.026,21.990,30.615200
17,17.184,1.539,27.180,30.616000
19,19.188,2.552,29.370,30.616800
21,21.192,0.065,31.560,30.617600
23,23.196,1.078,22.750,30.618400
1,1.000,0.500,21.000,30.643200
3,3.004,1.513,23.190,30.644000
5,5.008,2.526,25.380,30.644800
7,7.012,0.039,27.570,30.645600
1,1.016,0.552,21.760,30.646400
3,3.020,1.565,23.950,30.647200
5,5.024,2.578,26.140,30.648000
7,7.028,0.091,28.330,30.648800
1,1.000,0.604,22.120,30.673600
3,3.004,1.617,24.310,30.674400
5,5.008,2.630,26.500,30.675200
7,7.012,0.000,28.690,30.676000
1,1.016,0.513,22.880,30.676800
3,3.020,1.526,23.250,30.677600
5,5.024,2.539,25.440,30.678400
7,7.028,0.052,27.630,30.679200
1,1.000,0.565,21.420,30.704000
3,3.004,1.578,23.610,30.704800
5,5.008,2.591,25.800,30.705600
7,7.012,0.104,27.990,30.706400
1,1.016,0.617,22.180,30.707200
3,3.020,1.630,24.370,30.708000
5,5.024,2.500,26.560,30.708800
7,7.028,0.013,28.750,30.709600
1,1.000,0.526,22.540,30.734400
3,3.004,1.539,24.730,30.735200
5,5.008,2.552,25.100,30.736000
7,7.012,0.065,27.290,30.736800
1,1.016,0.578,21.480,30.737600
3,3.020,1.591,23.670,30.738400
5,5.024,2.604,25.860,30.739200
7,7.028,0.117,28.050,30.740000
1,1.000,0.630,21.840,30.764800
3,3.004,1.500,24.030,30.765600
5,5.008,2.513,26.220,30.766400
7,7.012,0.026,28.410,30.767200
1,1.016,0.539,22.600,30.768000
3,3.020,1.552,24.790,30.768800
5,5.024,2.565,26.980,30.769600
7,7.028,0.078,27.350,30.770400
1,1.000,0.591,21.140,30.795200
3,3.004,1.604,23.330,30.796000
5,5.008,2.617,25.520,30.796800
7,7.012,0.130,27.710,30.797600
1,1.016,0.500,21.900,30.798400
3,3.020,1.513,24.090,30.799200
5,5.024,2.526,26.280,30.800000
7,7.028,0.039,28.470,30.800800
1,1.000,0.552,22.260,30.825600
3,3.004,1.565,24.450,30.826400
5,5.008,2.578,26.640,30.827200
7,7.012,0.091,28.830,30.828000
1,1.016,0.604,21.200,30.828800
3,3.020,1.617,23.390,30.829600
5,5.024,2.630,25.580,30.830400
7,7.028,0.000,27.770,30.831200
1,1.000,0.513,21.560,30.856000
3,3.004,1.526,23.750,30.856800
5,5.008,2.539,25.940,30.857600
7,7.012,0.052,28.130,30.858400
1,1.016,0.565,22.320,30.859200
3,3.020,1.578,24.510,30.860000
5,5.024,2.591,26.700,30.860800
7,7.028,0.104,28.890,30.861600
1,1.000,0.617,22.680,30.886400
3,3.004,1.630,23.050,30.887200
5,5.008,2.500,25.240,30.888000
7,7.012,0.013,27.430,30.888800
1,1.016,0.526,21.620,30.889600
3,3.020,1.539,23.810,30.890400
5,5.024,2.552,26.000,30.891200
7,7.028,0.065,28.190,30.892000
1,1.000,0.578,21.980,30.916800
3,3.004,1.591,24.170,30.917600
5,5.008,2.604,26.360,30.918400
7,7.012,0.117,28.550,30.919200
1,1.016,0.630,22.740,30.920000
3,3.020,1.500,24.930,30.920800
5,5.024,2.513,25.300,30.921600
7,7.028,0.026,27.490,30.922400
1,1.000,0.539,21.280,30.947200
3,3.004,1.552,23.470,30.948000
5,5.008,2.565,25.660,30.948800
7,7.012,0.078,27.850,30.949600
1,1.016,0.591,22.040,30.950400
3,3.020,1.604,24.230,30.951200
5,5.024,2.617,26.420,30.952000
7,7.028,0.130,28.610,30.952800
1,1.000,0.500,22.400,30.977600
3,3.004,1.513,24.590,30.978400
5,5.008,2.526,26.780,30.979200
7,7.012,0.039,27.150,30.980000
1,1.016,0.552,21.340,30.980800
3,3.020,1.565,23.530,30.981600
5,5.024,2.578,25.720,30.982400
7,7.028,0.091,27.910,30.983200
1,1.000,0.604,21.700,31.008000
3,3.004,1.617,23.890,31.008800
5,5.008,2.630,26.080,31.009600
7,7.012,0.000,28.270,31.010400
1,1.016,0.513,22.460,31.011200
3,3.020,1.526,24.650,31.012000
5,5.024,2.539,26.840,31.012800
7,7.028,0.052,29.030,31.013600
1,1.000,0.565,21.000,31.038400
3,3.004,1.578,23.190,31.039200
5,5.008,2.591,25.380,31.040000
7,7.012,0.104,27.570,31.040800
1,1.016,0.617,21.760,31.041600
3,3.020,1.630,23.950,31.042400
5,5.024,2.500,26.140,31.043200
7,7.028,0.013,28.330,31.044000
1,1.000,0.526,22.120,31.068800
3,3.004,1.539,24.310,31.069600
5,5.008,2.552,26.500,31.070400
7,7.012,0.065,28.690,31.071200
1,1.016,0.578,22.880,31.072000
3,3.020,1.591,23.250,31.072800
5,5.024,2.604,25.440,31.073600
7,7.028,0.117,27.630,31.074400
1,1.000,0.630,21.420,31.099200
3,3.004,1.500,23.610,31.100000
5,5.008,2.513,25.800,31.100800
7,7.012,0.026,27.990,31.101600
1,1.016,0.539,22.180,31.102400
3,3.020,1.552,24.370,31.103200
5,5.024,2.565,26.560,31.104000
7,7.028,0.078,28.750,31.104800
9,9.021,1.000,29.000,31.129600
11,11.025,2.013,20.190,31.130400
13,13.029,3.026,22.380,31.131200
15,15.033,0.539,24.570,31.132000
9,9.037,1.052,29.760,31.132800
11,11.041,2.065,20.950,31.133600
13,13.045,3.078,23.140,31.134400
15,15.049,0.591,25.330,31.135200
9,9.021,1.104,30.120,31.160000
11,11.025,2.117,21.310,31.160800
13,13.029,3.130,23.500,31.161600
15,15.033,0.500,25.690,31.162400
9,9.037,1.013,30.880,31.163200
11,11.041,2.026,20.250,31.164000
13,13.045,3.039,22.440,31.164800
15,15.049,0.552,24.630,31.165600
9,9.021,1.065,29.420,31.190400
11,11.025,2.078,20.610,31.191200
13,13.029,3.091,22.800,31.192000
15,15.033,0.604,24.990,31.192800
9,9.037,1.117,30.180,31.193600
11,11.041,2.130,21.370,31.194400
13,13.045,3.000,23.560,31.195200
15,15.049,0.513,25.750,31.196000
9,9.021,1.026,30.540,31.220800
11,11.025,2.039,21.730,31.221600
13,13.029,3.052,22.100,31.222400
15,15.033,0.565,24.290,31.223200
9,9.037,1.078,29.480,31.224000
11,11.041,2.091,20.670,31.224800
13,13.045,3.104,22.860,31.225600
15,15.049,0.617,25.050,31.226400
9,9.021,1.130,29.840,31.251200
11,11.025,2.000,21.030,31.252000
13,13.029,3.013,23.220,31.252800
15,15.033,0.526,25.410,31.253600
9,9.037,1.039,30.600,31.254400
11,11.041,2.052,21.790,31.255200
13,13.045,3.065,23.980,31.256000
15,15.049,0.578,24.350,31.256800
9,9.021,1.091,29.140,31.281600
11,11.025,2.104,20.330,31.282400
13,13.029,3.117,22.520,31.283200
15,15.033,0.630,24.710,31.284000
9,9.037,1.000,29.900,31.284800
11,11.041,2.013,21.090,31.285600
13,13.045,3.026,23.280,31.286400
15,15.049,0.539,25.470,31.287200
9,9.021,1.052,30.260,31.312000
11,11.025,2.065,21.450,31.312800
13,13.029,3.078,23.640,31.313600
15,15.033,0.591,25.830,31.314400
9,9.037,1.104,29.200,31.315200
11,11.041,2.117,20.390,31.316000
13,13.045,3.130,22.580,31.316800
15,15.049,0.500,24.770,31.317600
9,9.021,1.013,29.560,31.342400
11,11.025,2.026,20.750,31.343200
13,13.029,3.039,22.940,31.344000
15,15.033,0.552,25.130,31.344800
9,9.037,1.065,30.320,31.345600
11,11.041,2.078,21.510,31.346400
13,13.045,3.091,23.700,31.347200
15,15.049,0.604,25.890,31.348000
9,9.021,1.117,30.680,31.372800
11,11.025,2.130,20.050,31.373600
13,13.029,3.000,22.240,31.374400
15,15.033,0.513,24.430,31.375200
9,9.037,1.026,29.620,31.376000
11,11.041,2.039,20.810,31.376800
13,13.045,3.052,23.000,31.377600
15,15.049,0.565,25.190,31.378400
9,9.021,1.078,29.980,31.403200
11,11.025,2.091,21.170,31.404000
13,13.029,3.104,23.360,31.404800
15,15.033,0.617,25.550,31.405600
9,9.037,1.130,30.740,31.406400
11,11.041,2.000,21.930,31.407200
13,13.045,3.013,22.300,31.408000
15,15.049,0.526,24.490,31.408800
9,9.021,1.039,29.280,31.433600
11,11.025,2.052,20.470,31.434400
13,13.029,3.065,22.660,31.435200
15,15.033,0.578,24.850,31.436000
9,9.037,1.091,30.040,31.436800
11,11.041,2.104,21.230,31.437600
13,13.045,3.117,23.420,31.438400
15,15.049,0.630,25.610,31.439200
9,9.021,1.000,30.400,31.464000
11,11.025,2.013,21.590,31.464800
13,13.029,3.026,23.780,31.465600
15,15.033,0.539,24.150,31.466400
9,9.037,1.052,29.340,31.467200
11,11.041,2.065,20.530,31.468000
13,13.045,3.078,22.720,31.468800
15,15.049,0.591,24.910,31.469600
9,9.021,1.104,29.700,31.494400
11,11.025,2.117,20.890,31.495200
13,13.029,3.130,23.080,31.496000
15,15.033,0.500,25.270,31.496800
9,9.037,1.013,30.460,31.497600
11,11.041,2.026,21.650,31.498400
13,13.045,3.039,23.840,31.499200
15,15.049,0.552,26.030,31.500000
9,9.021,1.065,29.000,31.524800
11,11.025,2.078,20.190,31.525600
13,13.029,3.091,22.380,31.526400
15,15.033,0.604,24.570,31.527200
9,9.037,1.117,29.760,31.528000
11,11.041,2.130,20.950,31.528800
13,13.045,3.000,23.140,31.529600
15,15.049,0.513,25.330,31.530400
9,9.021,1.026,30.120,31.555200
11,11.025,2.039,21.310,31.556000
13,13.029,3.052,23.500,31.556800
15,15.033,0.565,25.690,31.557600
9,9.037,1.078,30.880,31.558400
11,11.041,2.091,20.250,31.559200
13,13.045,3.104,22.440,31.560000
15,15.049,0.617,24.630,31.560800
9,9.021,1.130,29.420,31.585600
11,11.025,2.000,20.610,31.586400
13,13.029,3.013,22.800,31.587200
15,15.033,0.526,24.990,31.588000
9,9.037,1.039,30.180,31.588800
11,11.041,2.052,21.370,31.589600
13,13.045,3.065,23.560,31.590400
15,15.049,0.578,25.750,31.591200
17,17.042,1.500,26.000,31.616000
19,19.046,2.513,28.190,31.616800
21,21.050,0.026,30.380,31.617600
23,23.054,1.039,21.570,31.618400
17,17.058,1.552,26.760,31.619200
19,19.062,2.565,28.950,31.620000
21,21.066,0.078,31.140,31.620800
23,23.070,1.091,22.330,31.621600
17,17.042,1.604,27.120,31.646400
19,19.046,2.617,29.310,31.647200
21,21.050,0.130,31.500,31.648000
23,23.054,1.000,22.690,31.648800
17,17.058,1.513,27.880,31.649600
19,19.062,2.526,28.250,31.650400
21,21.066,0.039,30.440,31.651200
23,23.070,1.052,21.630,31.652000
17,17.042,1.565,26.420,31.676800
19,19.046,2.578,28.610,31.677600
21,21.050,0.091,30.800,31.678400
23,23.054,1.104,21.990,31.679200
17,17.058,1.617,27.180,31.680000
19,19.062,2.630,29.370,31.680800
21,21.066,0.000,31.560,31.681600
23,23.070,1.013,22.750,31.682400
17,17.042,1.526,27.540,31.707200
19,19.046,2.539,29.730,31.708000
21,21.050,0.052,30.100,31.708800
23,23.054,1.065,21.290,31.709600
17,17.058,1.578,26.480,31.710400
19,19.062,2.591,28.670,31.711200
21,21.066,0.104,30.860,31.712000
23,23.070,1.117,22.050,31.712800
17,17.042,1.630,26.840,31.737600
19,19.046,2.500,29.030,31.738400
21,21.050,0.013,31.220,31.739200
23,23.054,1.026,22.410,31.740000
17,17.058,1.539,27.600,31.740800
19,19.062,2.552,29.790,31.741600
21,21.066,0.065,31.980,31.742400
23,23.070,1.078,21.350,31.743200
17,17.042,1.591,26.140,31.768000
19,19.046,2.604,28.330,31.768800
21,21.050,0.117,30.520,31.769600
23,23.054,1.130,21.710,31.770400
17,17.058,1.500,26.900,31.771200
19,19.062,2.513,29.090,31.772000
21,21.066,0.026,31.280,31.772800
23,23.070,1.039,22.470,31.773600
17,17.042,1.552,27.260,31.798400
19,19.046,2.565,29.450,31.799200
21,21.050,0.078,31.640,31.800000
23,23.054,1.091,22.830,31.800800
17,17.058,1.604,26.200,31.801600
19,19.062,2.617,28.390,31.802400
21,21.066,0.130,30.580,31.803200
23,23.070,1.000,21.770,31.804000
17,17.042,1.513,26.560,31.828800
19,19.046,2.526,28.750,31.829600
21,21.050,0.039,30.940,31.830400
23,23.054,1.052,22.130,31.831200
17,17.058,1.565,27.320,31.832000
19,19.062,2.578,29.510,31.832800
21,21.066,0.091,31.700,31.833600
23,23.070,1.104,22.890,31.834400
17,17.042,1.617,27.680,31.859200
19,19.046,2.630,28.050,31.860000
21,21.050,0.000,30.240,31.860800
23,23.054,1.013,21.430,31.861600
17,17.058,1.526,26.620,31.862400
19,19.062,2.539,28.810,31.863200
21,21.066,0.052,31.000,31.864000
23,23.070,1.065,22.190,31.864800
17,17.042,1.578,26.980,31.889600
19,19.046,2.591,29.170,31.890400
21,21.050,0.104,31.360,31.891200
23,23.054,1.117,22.550,31.892000
17,17.058,1.630,27.740,31.892800
19,19.062,2.500,29.930,31.893600
21,21.066,0.013,30.300,31.894400
23,23.070,1.026,21.490,31.895200
17,17.042,1.539,26.280,31.920000
19,19.046,2.552,28.470,31.920800
21,21.050,0.065,30.660,31.921600
23,23.054,1.078,21.850,31.922400
17,17.058,1.591,27.040,31.923200
19,19.062,2.604,29.230,31.924000
21,21.066,0.117,31.420,31.924800
23,23.070,1.130,22.610,31.925600
17,17.042,1.500,27.400,31.950400
19,19.046,2.513,29.590,31.951200
21,21.050,0.026,31.780,31.952000
23,23.054,1.039,21.150,31.952800
17,17.058,1.552,26.340,31.953600
19,19.062,2.565,28.530,31.954400
21,21.066,0.078,30.720,31.955200
23,23.070,1.091,21.910,31.956000
17,17.042,1.604,26.700,31.980800
19,19.046,2.617,28.890,31.981600
21,21.050,0.130,31.080,31.982400
23,23.054,1.000,22.270,31.983200
17,17.058,1.513,27.460,31.984000
19,19.062,2.526,29.650,31.984800
21,21.066,0.039,31.840,31.985600
23,23.070,1.052,23.030,31.986400
17,17.042,1.565,26.000,32.011200
19,19.046,2.578,28.190,32.012000
21,21.050,0.091,30.380,32.012800
23,23.054,1.104,21.570,32.013600
17,17.058,1.617,26.760,32.014400
19,19.062,2.630,28.950,32.015200
21,21.066,0.000,31.140,32.016000
23,23.070,1.013,22.330,32.016800
17,17.042,1.526,27.120,32.041600
19,19.046,2.539,29.310,32.042400
21,21.050,0.052,31.500,32.043200
23,23.054,1.065,22.690,32.044000
17,17.058,1.578,27.880,32.044800
19,19.062,2.591,28.250,32.045600
21,21.066,0.104,30.440,32.046400
23,23.070,1.117,21.630,32.047200
17,17.042,1.630,26.420,32.072000
19,19.046,2.500,28.610,32.072800
21,21.050,0.013,30.800,32.073600
23,23.054,1.026,21.990,32.074400
17,17.058,1.539,27.180,32.075200
19,19.062,2.552,29.370,32.076000
21,21.066,0.065,31.560,32.076800
23,23.070,1.078,22.750,32.077600
1,1.063,0.500,21.000,32.102400
3,3.067,1.513,23.190,32.103200
5,5.071,2.526,25.380,32.104000
7,7.075,0.039,27.570,32.104800
1,1.079,0.552,21.760,32.105600
3,3.083,1.565,23.950,32.106400
5,5.087,2.578,26.140,32.107200
7,7.091,0.091,28.330,32.108000
1,1.063,0.604,22.120,32.132800
3,3.067,1.617,24.310,32.133600
5,5.071,2.630,26.500,32.134400
7,7.075,0.000,28.690,32.135200
1,1.079,0.513,22.880,32.136000
3,3.083,1.526,23.250,32.136800
5,5.087,2.539,25.440,32.137600
7,7.091,0.052,27.630,32.138400
1,1.063,0.565,21.420,32.163200
3,3.067,1.578,23.610,32.164000
5,5.071,2.591,25.800,32.164800
7,7.075,0.104,27.990,32.165600
1,1.079,0.617,22.180,32.166400
3,3.083,1.630,24.370,32.167200
5,5.087,2.500,26.560,32.168000
7,7.091,0.013,28.750,32.168800
1,1.063,0.526,22.540,32.193600
3,3.067,1.539,24.730,32.194400
5,5.071,2.552,25.100,32.195200
7,7.075,0.065,27.290,32.196000
1,1.079,0.578,21.480,32.196800
3,3.083,1.591,23.670,32.197600
5,5.087,2.604,25.860,32.198400
7,7.091,0.117,28.050,32.199200
1,1.063,0.630,21.840,32.224000
3,3.067,1.500,24.030,32.224800
5,5.071,2.513,26.220,32.225600
7,7.075,0.026,28.410,32.226400
1,1.079,0.539,22.600,32.227200
3,3.083,1.552,24.790,32.228000
5,5.087,2.565,26.980,32.228800
7,7.091,0.078,27.350,32.229600
1,1.063,0.591,21.140,32.254400
3,3.067,1.604,23.330,32.255200
5,5.071,2.617,25.520,32.256000
7,7.075,0.130,27.710,32.256800
1,1.079,0.500,21.900,32.257600
3,3.083,1.513,24.090,32.258400
5,5.087,2.526,26.280,32.259200
7,7.091,0.039,28.470,32.260000
1,1.063,0.552,22.260,32.284800
3,3.067,1.565,24.450,32.285600
5,5.071,2.578,26.640,32.286400
7,7.075,0.091,28.830,32.287200
1,1.079,0.604,21.200,32.288000
3,3.083,1.617,23.390,32.288800
5,5.087,2.630,25.580,32.289600
7,7.091,0.000,27.770,32.290400
1,1.063,0.513,21.560,32.315200
3,3.067,1.526,23.750,32.316000
5,5.071,2.539,25.940,32.316800
7,7.075,0.052,28.130,32.317600
1,1.079,0.565,22.320,32.318400
3,3.083,1.578,24.510,32.319200
5,5.087,2.591,26.700,32.320000
7,7.091,0.104,28.890,32.320800
1,1.063,0.617,22.680,32.345600
3,3.067,1.630,23.050,32.346400
5,5.071,2.500,25.240,32.347200
7,7.075,0.013,27.430,32.348000
1,1.079,0.526,21.620,32.348800
3,3.083,1.539,23.810,32.349600
5,5.087,2.552,26.000,32.350400
7,7.091,0.065,28.190,32.351200
1,1.063,0.578,21.980,32.376000
3,3.067,1.591,24.170,32.376800
5,5.071,2.604,26.360,32.377600
7,7.075,0.117,28.550,32.378400
1,1.079,0.630,22.740,32.379200
3,3.083,1.500,24.930,32.380000
5,5.087,2.513,25.300,32.380800
7,7.091,0.026,27.490,32.381600
1,1.063,0.539,21.280,32.406400
3,3.067,1.552,23.470,32.407200
5,5.071,2.565,25.660,32.408000
7,7.075,0.078,27.850,32.408800
1,1.079,0.591,22.040,32.409600
3,3.083,1.604,24.230,32.410400
5,5.087,2.617,26.420,32.411200
7,7.091,0.130,28.610,32.412000
1,1.063,0.500,22.400,32.436800
3,3.067,1.513,24.590,32.437600
5,5.071,2.526,26.780,32.438400
7,7.075,0.039,27.150,32.439200
1,1.079,0.552,21.340,32.440000
3,3.083,1.565,23.530,32.440800
5,5.087,2.578,25.720,32.441600
7,7.091,0.091,27.910,32.442400
1,1.063,0.604,21.700,32.467200
3,3.067,1.617,23.890,32.468000
5,5.071,2.630,26.080,32.468800
7,7.075,0.000,28.270,32.469600
1,1.079,0.513,22.460,32.470400
3,3.083,1.526,24.650,32.471200
5,5.087,2.539,26.840,32.472000
7,7.091,0.052,29.030,32.472800
1,1.063,0.565,21.000,32.497600
3,3.067,1.578,23.190,32.498400
5,5.071,2.591,25.380,32.499200
7,7.075,0.104,27.570,32.500000
1,1.079,0.617,21.760,32.500800
3,3.083,1.630,23.950,32.501600
5,5.087,2.500,26.140,32.502400
7,7.091,0.013,28.330,32.503200
1,1.063,0.526,22.120,32.528000
3,3.067,1.539,24.310,32.528800
5,5.071,2.552,26.500,32.529600
7,7.075,0.065,28.690,32.530400
1,1.079,0.578,22.880,32.531200
3,3.083,1.591,23.250,32.532000
5,5.087,2.604,25.440,32.532800
7,7.091,0.117,27.630,32.533600
1,1.063,0.630,21.420,32.558400
3,3.067,1.500,23.610,32.559200
5,5.071,2.513,25.800,32.560000
7,7.075,0.026,27.990,32.560800
1,1.079,0.539,22.180,32.561600
3,3.083,1.552,24.370,32.562400
5,5.087,2.565,26.560,32.563200
7,7.091,0.078,28.750,32.564000
9,9.084,1.000,29.000,32.588800
11,11.088,2.013,20.190,32.589600
13,13.092,3.026,22.380,32.590400
15,15.096,0.539,24.570,32.591200
9,9.100,1.052,29.760,32.592000
11,11.104,2.065,20.950,32.592800
13,13.108,3.078,23.140,32.593600
15,15.112,0.591,25.330,32.594400
9,9.084,1.104,30.120,32.619200
11,11.088,2.117,21.310,32.620000
13,13.092,3.130,23.500,32.620800
15,15.096,0.500,25.690,32.621600
9,9.100,1.013,30.880,32.622400
11,11.104,2.026,20.250,32.623200
13,13.108,3.039,22.440,32.624000
15,15.112,0.552,24.630,32.624800
9,9.084,1.065,29.420,32.649600
11,11.088,2.078,20.610,32.650400
13,13.092,3.091,22.800,32.651200
15,15.096,0.604,24.990,32.652000
9,9.100,1.117,30.180,32.652800
11,11.104,2.130,21.370,32.653600
13,13.108,3.000,23.560,32.654400
15,15.112,0.513,25.750,32.655200
9,9.084,1.026,30.540,32.680000
11,11.088,2.039,21.730,32.680800
13,13.092,3.052,22.100,32.681600
15,15.096,0.565,24.290,32.682400
9,9.100,1.078,29.480,32.683200
11,11.104,2.091,20.670,32.684000
13,13.108,3.104,22.860,32.684800
15,15.112,0.617,25.050,32.685600
9,9.084,1.130,29.840,32.710400
11,11.088,2.000,21.030,32.711200
13,13.092,3.013,23.220,32.712000
15,15.096,0.526,25.410,32.712800
9,9.100,1.039,30.600,32.713600
11,11.104,2.052,21.790,32.714400
13,13.108,3.065,23.980,32.715200
15,15.112,0.578,24.350,32.716000
9,9.084,1.091,29.140,32.740800
11,11.088,2.104,20.330,32.741600
13,13.092,3.117,22.520,32.742400
15,15.096,0.630,24.710,32.743200
9,9.100,1.000,29.900,32.744000
11,11.104,2.013,21.090,32.744800
13,13.108,3.026,23.280,32.745600
15,15.112,0.539,25.470,32.746400
9,9.084,1.052,30.260,32.771200
11,11.088,2.065,21.450,32.772000
13,13.092,3.078,23.640,32.772800
15,15.096,0.591,25.830,32.773600
9,9.100,1.104,29.200,32.774400
11,11.104,2.117,20.390,32.775200
13,13.108,3.130,22.580,32.776000
15,15.112,0.500,24.770,32.776800
9,9.084,1.013,29.560,32.801600
11,11.088,2.026,20.750,32.802400
13,13.092,3.039,22.940,32.803200
15,15.096,0.552,25.130,32.804000
9,9.100,1.065,30.320,32.804800
11,11.104,2.078,21.510,32.805600
13,13.108,3.091,23.700,32.806400
15,15.112,0.604,25.890,32.807200
9,9.084,1.117,30.680,32.832000
11,11.088,2.130,20.050,32.832800
13,13.092,3.000,22.240,32.833600
15,15.096,0.513,24.430,32.834400
9,9.100,1.026,29.620,32.835200
11,11.104,2.039,20.810,32.836000
13,13.108,3.052,23.000,32.836800
15,15.112,0.565,25.190,32.837600
9,9.084,1.078,29.980,32.862400
11,11.088,2.091,21.170,32.863200
13,13.092,3.104,23.360,32.864000
15,15.096,0.617,25.550,32.864800
9,9.100,1.130,30.740,32.865600
11,11.104,2.000,21.930,32.866400
13,13.108,3.013,22.300,32.867200
15,15.112,0.526,24.490,32.868000
9,9.084,1.039,29.280,32.892800
11,11.088,2.052,20.470,32.893600
13,13.092,3.065,22.660,32.894400
15,15.096,0.578,24.850,32.895200
9,9.100,1.091,30.040,32.896000
11,11.104,2.104,21.230,32.896800
13,13.108,3.117,23.420,32.897600
15,15.112,0.630,25.610,32.898400
9,9.084,1.000,30.400,32.923200
11,11.088,2.013,21.590,32.924000
13,13.092,3.026,23.780,32.924800
15,15.096,0.539,24.150,32.925600
9,9.100,1.052,29.340,32.926400
11,11.104,2.065,20.530,32.927200
13,13.108,3.078,22.720,32.928000
15,15.112,0.591,24.910,32.928800
9,9.084,1.104,29.700,32.953600
11,11.088,2.117,20.890,32.954400
13,13.092,3.130,23.080,32.955200
15,15.096,0.500,25.270,32.956000
9,9.100,1.013,30.460,32.956800
11,11.104,2.026,21.650,32.957600
13,13.108,3.039,23.840,32.958400
15,15.112,0.552,26.030,32.959200
9,9.084,1.065,29.000,32.984000
11,11.088,2.078,20.190,32.984800
13,13.092,3.091,22.380,32.985600
15,15.096,0.604,24.570,32.986400
9,9.100,1.117,29.760,32.987200
11,11.104,2.130,20.950,32.988000
13,13.108,3.000,23.140,32.988800
15,15.112,0.513,25.330,32.989600
9,9.084,1.026,30.120,33.014400
11,11.088,2.039,21.310,33.015200
13,13.092,3.052,23.500,33.016000
15,15.096,0.565,25.690,33.016800
9,9.100,1.078,30.880,33.017600
11,11.104,2.091,20.250,33.018400
13,13.108,3.104,22.440,33.019200
15,15.112,0.617,24.630,33.020000
9,9.084,1.130,29.420,33.044800
11,11.088,2.000,20.610,33.045600
13,13.092,3.013,22.800,33.046400
15,15.096,0.526,24.990,33.047200
9,9.100,1.039,30.180,33.048000
11,11.104,2.052,21.370,33.048800
13,13.108,3.065,23.560,33.049600
15,15.112,0.578,25.750,33.050400
17,17.105,1.500,26.000,33.075200
19,19.109,2.513,28.190,33.076000
21,21.113,0.026,30.380,33.076800
23,23.117,1.039,21.570,33.077600
17,17.121,1.552,26.760,33.078400
19,19.125,2.565,28.950,33.079200
21,21.129,0.078,31.140,33.080000
23,23.133,1.091,22.330,33.080800
17,17.105,1.604,27.120,33.105600
19,19.109,2.617,29.310,33.106400
21,21.113,0.130,31.500,33.107200
23,23.117,1.000,22.690,33.108000
17,17.121,1.513,27.880,33.108800
19,19.125,2.526,28.250,33.109600
21,21.129,0.039,30.440,33.110400
23,23.133,1.052,21.630,33.111200
17,17.105,1.565,26.420,33.136000
19,19.109,2.578,28.610,33.136800
21,21.113,0.091,30.800,33.137600
23,23.117,1.104,21.990,33.138400
17,17.121,1.617,27.180,33.139200
19,19.125,2.630,29.370,33.140000
21,21.129,0.000,31.560,33.140800
23,23.133,1.013,22.750,33.141600
17,17.105,1.526,27.540,33.166400
19,19.109,2.539,29.730,33.167200
21,21.113,0.052,30.100,33.168000
23,23.117,1.065,21.290,33.168800
17,17.121,1.578,26.480,33.169600
19,19.125,2.591,28.670,33.170400
21,21.129,0.104,30.860,33.171200
23,23.133,1.117,22.050,33.172000
17,17.105,1.630,26.840,33.196800
19,19.109,2.500,29.030,33.197600
21,21.113,0.013,31.220,33.198400
23,23.117,1.026,22.410,33.199200
17,17.121,1.539,27.600,33.200000
19,19.125,2.552,29.790,33.200800
21,21.129,0.065,31.980,33.201600
23,23.133,1.078,21.350,33.202400
17,17.105,1.591,26.140,33.227200
19,19.109,2.604,28.330,33.228000
21,21.113,0.117,30.520,33.228800
23,23.117,1.130,21.710,33.229600
17,17.121,1.500,26.900,33.230400
19,19.125,2.513,29.090,33.231200
21,21.129,0.026,31.280,33.232000
23,23.133,1.039,22.470,33.232800
17,17.105,1.552,27.260,33.257600
19,19.109,2.565,29.450,33.258400
21,21.113,0.078,31.640,33.259200
23,23.117,1.091,22.830,33.260000
17,17.121,1.604,26.200,33.260800
19,19.125,2.617,28.390,33.261600
21,21.129,0.130,30.580,33.262400
23,23.133,1.000,21.770,33.263200
17,17.105,1.513,26.560,33.288000
19,19.109,2.526,28.750,33.288800
21,21.113,0.039,30.940,33.289600
23,23.117,1.052,22.130,33.290400
17,17.121,1.565,27.320,33.291200
19,19.125,2.578,29.510,33.292000
21,21.129,0.091,31.700,33.292800
23,23.133,1.104,22.890,33.293600
17,17.105,1.617,27.680,33.318400
19,19.109,2.630,28.050,33.319200
21,21.113,0.000,30.240,33.320000
23,23.117,1.013,21.430,33.320800
17,17.121,1.526,26.620,33.321600
19,19.125,2.539,28.810,33.322400
21,21.129,0.052,31.000,33.323200
23,23.133,1.065,22.190,33.324000
17,17.105,1.578,26.980,33.348800
19,19.109,2.591,29.170,33.349600
21,21.113,0.104,31.360,33.350400
23,23.117,1.117,22.550,33.351200
17,17.121,1.630,27.740,33.352000
19,19.125,2.500,29.930,33.352800
21,21.129,0.013,30.300,33.353600
23,23.133,1.026,21.490,33.354400
17,17.105,1.539,26.280,33.379200
19,19.109,2.552,28.470,33.380000
21,21.113,0.065,30.660,33.380800
23,23.117,1.078,21.850,33.381600
17,17.121,1.591,27.040,33.382400
19,19.125,2.604,29.230,33.383200
21,21.129,0.117,31.420,33.384000
23,23.133,1.130,22.610,33.384800
17,17.105,1.500,27.400,33.409600
19,19.109,2.513,29.590,33.410400
21,21.113,0.026,31.780,33.411200
23,23.117,1.039,21.150,33.412000
17,17.121,1.552,26.340,33.412800
19,19.125,2.565,28.530,33.413600
21,21.129,0.078,30.720,33.414400
23,23.133,1.091,21.910,33.415200
17,17.105,1.604,26.700,33.440000
19,19.109,2.617,28.890,33.440800
21,21.113,0.130,31.080,33.441600
23,23.117,1.000,22.270,33.442400
17,17.121,1.513,27.460,33.443200
19,19.125,2.526,29.650,33.444000
21,21.129,0.039,31.840,33.444800
23,23.133,1.052,23.030,33.445600
17,17.105,1.565,26.000,33.470400
19,19.109,2.578,28.190,33.471200
21,21.113,0.091,30.380,33.472000
23,23.117,1.104,21.570,33.472800
17,17.121,1.617,26.760,33.473600
19,19.125,2.630,28.950,33.474400
21,21.129,0.000,31.140,33.475200
23,23.133,1.013,22.330,33.476000
17,17.105,1.526,27.120,33.500800
19,19.109,2.539,29.310,33.501600
21,21.113,0.052,31.500,33.502400
23,23.117,1.065,22.690,33.503200
17,17.121,1.578,27.880,33.504000
19,19.125,2.591,28.250,33.504800
21,21.129,0.104,30.440,33.505600
23,23.133,1.117,21.630,33.506400
17,17.105,1.630,26.420,33.531200
19,19.109,2.500,28.610,33.532000
21,21.113,0.013,30.800,33.532800
23,23.117,1.026,21.990,33.533600
17,17.121,1.539,27.180,33.534400
19,19.125,2.552,29.370,33.535200
21,21.129,0.065,31.560,33.536000
23,23.133,1.078,22.750,33.536800
1,1.126,0.500,21.000,33.561600
3,3.130,1.513,23.190,33.562400
5,5.134,2.526,25.380,33.563200
7,7.138,0.039,27.570,33.564000
1,1.142,0.552,21.760,33.564800
3,3.146,1.565,23.950,33.565600
5,5.150,2.578,26.140,33.566400
7,7.154,0.091,28.330,33.567200
1,1.126,0.604,22.120,33.592000
3,3.130,1.617,24.310,33.592800
5,5.134,2.630,26.500,33.593600
7,7.138,0.000,28.690,33.594400
1,1.142,0.513,22.880,33.595200
3,3.146,1.526,23.250,33.596000
5,5.150,2.539,25.440,33.596800
7,7.154,0.052,27.630,33.597600
1,1.126,0.565,21.420,33.622400
3,3.130,1.578,23.610,33.623200
5,5.134,2.591,25.800,33.624000
7,7.138,0.104,27.990,33.624800
1,1.142,0.617,22.180,33.625600
3,3.146,1.630,24.370,33.626400
5,5.150,2.500,26.560,33.627200
7,7.154,0.013,28.750,33.628000
1,1.126,0.526,22.540,33.652800
3,3.130,1.539,24.730,33.653600
5,5.134,2.552,25.100,33.654400
7,7.138,0.065,27.290,33.655200
1,1.142,0.578,21.480,33.656000
3,3.146,1.591,23.670,33.656800
5,5.150,2.604,25.860,33.657600
7,7.154,0.117,28.050,33.658400
1,1.126,0.630,21.840,33.683200
3,3.130,1.500,24.030,33.684000
5,5.134,2.513,26.220,33.684800
7,7.138,0.026,28.410,33.685600
1,1.142,0.539,22.600,33.686400
3,3.146,1.552,24.790,33.687200
5,5.150,2.565,26.980,33.688000
7,7.154,0.078,27.350,33.688800
1,1.126,0.591,21.140,33.713600
3,3.130,1.604,23.330,33.714400
5,5.134,2.617,25.520,33.715200
7,7.138,0.130,27.710,33.716000
1,1.142,0.500,21.900,33.716800
3,3.146,1.513,24.090,33.717600
5,5.150,2.526,26.280,33.718400
7,7.154,0.039,28.470,33.719200
1,1.126,0.552,22.260,33.744000
3,3.130,1.565,24.450,33.744800
5,5.134,2.578,26.640,33.745600
7,7.138,0.091,28.830,33.746400
1,1.142,0.604,21.200,33.747200
3,3.146,1.617,23.390,33.748000
5,5.150,2.630,25.580,33.748800
7,7.154,0.000,27.770,33.749600
1,1.126,0.513,21.560,33.774400
3,3.130,1.526,23.750,33.775200
5,5.134,2.539,25.940,33.776000
7,7.138,0.052,28.130,33.776800
1,1.142,0.565,22.320,33.777600
3,3.146,1.578,24.510,33.778400
5,5.150,2.591,26.700,33.779200
7,7.154,0.104,28.890,33.780000
1,1.126,0.617,22.680,33.804800
3,3.130,1.630,23.050,33.805600
5,5.134,2.500,25.240,33.806400
7,7.138,0.013,27.430,33.807200
1,1.142,0.526,21.620,33.808000
3,3.146,1.539,23.810,33.808800
5,5.150,2.552,26.000,33.809600
7,7.154,0.065,28.190,33.810400
1,1.126,0.578,21.980,33.835200
3,3.130,1.591,24.170,33.836000
5,5.134,2.604,26.360,33.836800
7,7.138,0.117,28.550,33.837600
1,1.142,0.630,22.740,33.838400
3,3.146,1.500,24.930,33.839200
5,5.150,2.513,25.300,33.840000
7,7.154,0.026,27.490,33.840800
1,1.126,0.539,21.280,33.865600
3,3.130,1.552,23.470,33.866400
5,5.134,2.565,25.660,33.867200
7,7.138,0.078,27.850,33.868000
1,1.142,0.591,22.040,33.868800
3,3.146,1.604,24.230,33.869600
5,5.150,2.617,26.420,33.870400
7,7.154,0.130,28.610,33.871200
1,1.126,0.500,22.400,33.896000
3,3.130,1.513,24.590,33.896800
5,5.134,2.526,26.780,33.897600
7,7.138,0.039,27.150,33.898400
1,1.142,0.552,21.340,33.899200
3,3.146,1.565,23.530,33.900000
5,5.150,2.578,25.720,33.900800
7,7.154,0.091,27.910,33.901600
1,1.126,0.604,21.700,33.926400
3,3.130,1.617,23.890,33.927200
5,5.134,2.630,26.080,33.928000
7,7.138,0.000,28.270,33.928800
1,1.142,0.513,22.460,33.929600
3,3.146,1.526,24.650,33.930400
5,5.150,2.539,26.840,33.931200
7,7.154,0.052,29.030,33.932000
1,1.126,0.565,21.000,33.956800
3,3.130,1.578,23.190,33.957600
5,5.134,2.591,25.380,33.958400
7,7.138,0.104,27.570,33.959200
1,1.142,0.617,21.760,33.960000
3,3.146,1.630,23.950,33.960800
5,5.150,2.500,26.140,33.961600
7,7.154,0.013,28.330,33.962400
1,1.126,0.526,22.120,33.987200
3,3.130,1.539,24.310,33.988000
5,5.134,2.552,26.500,33.988800
7,7.138,0.065,28.690,33.989600
1,1.142,0.578,22.880,33.990400
3,3.146,1.591,23.250,33.991200
5,5.150,2.604,25.440,33.992000
7,7.154,0.117,27.630,33.992800
1,1.126,0.630,21.420,34.017600
3,3.130,1.500,23.610,34.018400
5,5.134,2.513,25.800,34.019200
7,7.138,0.026,27.990,34.020000
1,1.142,0.539,22.180,34.020800
3,3.146,1.552,24.370,34.021600
5,5.150,2.565,26.560,34.022400
7,7.154,0.078,28.750,34.023200
9,9.147,1.000,29.000,34.048000
11,11.151,2.013,20.190,34.048800
13,13.155,3.026,22.380,34.049600
15,15.159,0.539,24.570,34.050400
9,9.163,1.052,29.760,34.051200
11,11.167,2.065,20.950,34.052000
13,13.171,3.078,23.140,34.052800
15,15.175,0.591,25.330,34.053600
9,9.147,1.104,30.120,34.078400
11,11.151,2.117,21.310,34.079200
13,13.155,3.130,23.500,34.080000
15,15.159,0.500,25.690,34.080800
9,9.163,1.013,30.880,34.081600
11,11.167,2.026,20.250,34.082400
13,13.171,3.039,22.440,34.083200
15,15.175,0.552,24.630,34.084000
9,9.147,1.065,29.420,34.108800
11,11.151,2.078,20.610,34.109600
13,13.155,3.091,22.800,34.110400
15,15.159,0.604,24.990,34.111200
9,9.163,1.117,30.180,34.112000
11,11.167,2.130,21.370,34.112800
13,13.171,3.000,23.560,34.113600
15,15.175,0.513,25.750,34.114400
9,9.147,1.026,30.540,34.139200
11,11.151,2.039,21.730,34.140000
13,13.155,3.052,22.100,34.140800
15,15.159,0.565,24.290,34.141600
9,9.163,1.078,29.480,34.142400
11,11.167,2.091,20.670,34.143200
13,13.171,3.104,22.860,34.144000
15,15.175,0.617,25.050,34.144800
9,9.147,1.130,29.840,34.169600
11,11.151,2.000,21.030,34.170400
13,13.155,3.013,23.220,34.171200
15,15.159,0.526,25.410,34.172000
9,9.163,1.039,30.600,34.172800
11,11.167,2.052,21.790,34.173600
13,13.171,3.065,23.980,34.174400
15,15.175,0.578,24.350,34.175200
9,9.147,1.091,29.140,34.200000
11,11.151,2.104,20.330,34.200800
13,13.155,3.117,22.520,34.201600
15,15.159,0.630,24.710,34.202400
9,9.163,1.000,29.900,34.203200
11,11.167,2.013,21.090,34.204000
13,13.171,3.026,23.280,34.204800
15,15.175,0.539,25.470,34.205600
9,9.147,1.052,30.260,34.230400
11,11.151,2.065,21.450,34.231200
13,13.155,3.078,23.640,34.232000
15,15.159,0.591,25.830,34.232800
9,9.163,1.104,29.200,34.233600
11,11.167,2.117,20.390,34.234400
13,13.171,3.130,22.580,34.235200
15,15.175,0.500,24.770,34.236000
9,9.147,1.013,29.560,34.260800
11,11.151,2.026,20.750,34.261600
13,13.155,3.039,22.940,34.262400
15,15.159,0.552,25.130,34.263200
9,9.163,1.065,30.320,34.264000
11,11.167,2.078,21.510,34.264800
13,13.171,3.091,23.700,34.265600
15,15.175,0.604,25.890,34.266400
9,9.147,1.117,30.680,34.291200
11,11.151,2.130,20.050,34.292000
13,13.155,3.000,22.240,34.292800
15,15.159,0.513,24.430,34.293600
9,9.163,1.026,29.620,34.294400
11,11.167,2.039,20.810,34.295200
13,13.171,3.052,23.000,34.296000
15,15.175,0.565,25.190,34.296800
9,9.147,1.078,29.980,34.321600
11,11.151,2.091,21.170,34.322400
13,13.155,3.104,23.360,34.323200
15,15.159,0.617,25.550,34.324000
9,9.163,1.130,30.740,34.324800
11,11.167,2.000,21.930,34.325600
13,13.171,3.013,22.300,34.326400
15,15.175,0.526,24.490,34.327200
9,9.147,1.039,29.280,34.352000
11,11.151,2.052,20.470,34.352800
13,13.155,3.065,22.660,34.353600
15,15.159,0.578,24.850,34.354400
9,9.163,1.091,30.040,34.355200
11,11.167,2.104,21.230,34.356000
13,13.171,3.117,23.420,34.356800
15,15.175,0.630,25.610,34.357600
9,9.147,1.000,30.400,34.382400
11,11.151,2.013,21.590,34.383200
13,13.155,3.026,23.780,34.384000
15,15.159,0.539,24.150,34.384800
9,9.163,1.052,29.340,34.385600
11,11.167,2.065,20.530,34.386400
13,13.171,3.078,22.720,34.387200
15,15.175,0.591,24.910,34.388000
9,9.147,1.104,29.700,34.412800
11,11.151,2.117,20.890,34.413600
13,13.155,3.130,23.080,34.414400
15,15.159,0.500,25.270,34.415200
9,9.163,1.013,30.460,34.416000
11,11.167,2.026,21.650,34.416800
13,13.171,3.039,23.840,34.417600
15,15.175,0.552,26.030,34.418400
9,9.147,1.065,29.000,34.443200
11,11.151,2.078,20.190,34.444000
13,13.155,3.091,22.380,34.444800
15,15.159,0.604,24.570,34.445600
9,9.163,1.117,29.760,34.446400
11,11.167,2.130,20.950,34.447200
13,13.171,3.000,23.140,34.448000
15,15.175,0.513,25.330,34.448800
9,9.147,1.026,30.120,34.473600
11,11.151,2.039,21.310,34.474400
13,13.155,3.052,23.500,34.475200
15,15.159,0.565,25.690,34.476000
9,9.163,1.078,30.880,34.476800
11,11.167,2.091,20.250,34.477600
13,13.171,3.104,22.440,34.478400
15,15.175,0.617,24.630,34.479200
9,9.147,1.130,29.420,34.504000
11,11.151,2.000,20.610,34.504800
13,13.155,3.013,22.800,34.505600
15,15.159,0.526,24.990,34.506400
9,9.163,1.039,30.180,34.507200
11,11.167,2.052,21.370,34.508000
13,13.171,3.065,23.560,34.508800
15,15.175,0.578,25.750,34.509600
17,17.168,1.500,26.000,34.534400
19,19.172,2.513,28.190,34.535200
21,21.176,0.026,30.380,34.536000
23,23.180,1.039,21.570,34.536800
17,17.184,1.552,26.760,34.537600
19,19.188,2.565,28.950,34.538400
21,21.192,0.078,31.140,34.539200
23,23.196,1.091,22.330,34.540000
17,17.168,1.604,27.120,34.564800
19,19.172,2.617,29.310,34.565600
21,21.176,0.130,31.500,34.566400
23,23.180,1.000,22.690,34.567200
17,17.184,1.513,27.880,34.568000
19,19.188,2.526,28.250,34.568800
21,21.192,0.039,30.440,34.569600
23,23.196,1.052,21.630,34.570400
17,17.168,1.565,26.420,34.595200
19,19.172,2.578,28.610,34.596000
21,21.176,0.091,30.800,34.596800
23,23.180,1.104,21.990,34.597600
17,17.184,1.617,27.180,34.598400
19,19.188,2.630,29.370,34.599200
21,21.192,0.000,31.560,34.600000
23,23.196,1.013,22.750,34.600800
17,17.168,1.526,27.540,34.625600
19,19.172,2.539,29.730,34.626400
21,21.176,0.052,30.100,34.627200
23,23.180,1.065,21.290,34.628000
17,17.184,1.578,26.480,34.628800
19,19.188,2.591,28.670,34.629600
21,21.192,0.104,30.860,34.630400
23,23.196,1.117,22.050,34.631200
17,17.168,1.630,26.840,34.656000
19,19.172,2.500,29.030,34.656800
21,21.176,0.013,31.220,34.657600
23,23.180,1.026,22.410,34.658400
17,17.184,1.539,27.600,34.659200
19,19.188,2.552,29.790,34.660000
21,21.192,0.065,31.980,34.660800
23,23.196,1.078,21.350,34.661600
17,17.168,1.591,26.140,34.686400
19,19.172,2.604,28.330,34.687200
21,21.176,0.117,30.520,34.688000
23,23.180,1.130,21.710,34.688800
17,17.184,1.500,26.900,34.689600
19,19.188,2.513,29.090,34.690400
21,21.192,0.026,31.280,34.691200
23,23.196,1.039,22.470,34.692000
17,17.168,1.552,27.260,34.716800
19,19.172,2.565,29.450,34.717600
21,21.176,0.078,31.640,34.718400
23,23.180,1.091,22.830,34.719200
17,17.184,1.604,26.200,34.720000
19,19.188,2.617,28.390,34.720800
21,21.192,0.130,30.580,34.721600
23,23.196,1.000,21.770,34.722400
17,17.168,1.513,26.560,34.747200
19,19.172,2.526,28.750,34.748000
21,21.176,0.039,30.940,34.748800
23,23.180,1.052,22.130,34.749600
17,17.184,1.565,27.320,34.750400
19,19.188,2.578,29.510,34.751200
21,21.192,0.091,31.700,34.752000
23,23.196,1.104,22.890,34.752800
17,17.168,1.617,27.680,34.777600
19,19.172,2.630,28.050,34.778400
21,21.176,0.000,30.240,34.779200
23,23.180,1.013,21.430,34.780000
17,17.184,1.526,26.620,34.780800
19,19.188,2.539,28.810,34.781600
21,21.192,0.052,31.000,34.782400
23,23.196,1.065,22.190,34.783200
17,17.168,1.578,26.980,34.808000
19,19.172,2.591,29.170,34.808800
21,21.176,0.104,31.360,34.809600
23,23.180,1.117,22.550,34.810400
17,17.184,1.630,27.740,34.811200
19,19.188,2.500,29.930,34.812000
21,21.192,0.013,30.300,34.812800
23,23.196,1.026,21.490,34.813600
17,17.168,1.539,26.280,34.838400
19,19.172,2.552,28.470,34.839200
21,21.176,0.065,30.660,34.840000
23,23.180,1.078,21.850,34.840800
17,17.184,1.591,27.040,34.841600
19,19.188,2.604,29.230,34.842400
21,21.192,0.117,31.420,34.843200
23,23.196,1.130,22.610,34.844000
17,17.168,1.500,27.400,34.868800
19,19.172,2.513,29.590,34.869600
21,21.176,0.026,31.780,34.870400
23,23.180,1.039,21.150,34.871200
17,17.184,1.552,26.340,34.872000
19,19.188,2.565,28.530,34.872800
21,21.192,0.078,30.720,34.873600
23,23.196,1.091,21.910,34.874400
17,17.168,1.604,26.700,34.899200
19,19.172,2.617,28.890,34.900000
21,21.176,0.130,31.080,34.900800
23,23.180,1.000,22.270,34.901600
17,17.184,1.513,27.460,34.902400
19,19.188,2.526,29.650,34.903200
21,21.192,0.039,31.840,34.904000
23,23.196,1.052,23.030,34.904800
17,17.168,1.565,26.000,34.929600
19,19.172,2.578,28.190,34.930400
21,21.176,0.091,30.380,34.931200
23,23.180,1.104,21.570,34.932000
17,17.184,1.617,26.760,34.932800
19,19.188,2.630,28.950,34.933600
21,21.192,0.000,31.140,34.934400
23,23.196,1.013,22.330,34.935200
17,17.168,1.526,27.120,34.960000
19,19.172,2.539,29.310,34.960800
21,21.176,0.052,31.500,34.961600
23,23.180,1.065,22.690,34.962400
17,17.184,1.578,27.880,34.963200
19,19.188,2.591,28.250,34.964000
21,21.192,0.104,30.440,34.964800
23,23.196,1.117,21.630,34.965600
17,17.168,1.630,26.420,34.990400
19,19.172,2.500,28.610,34.991200
21,21.176,0.013,30.800,34.992000
23,23.180,1.026,21.990,34.992800
17,17.184,1.539,27.180,34.993600
19,19.188,2.552,29.370,34.994400
21,21.192,0.065,31.560,34.995200
23,23.196,1.078,22.750,34.996000
1,1.000,0.500,21.000,35.020800
3,3.004,1.513,23.190,35.021600
5,5.008,2.526,25.380,35.022400
7,7.012,0.039,27.570,35.023200
1,1.016,0.552,21.760,35.024000
3,3.020,1.565,23.950,35.024800
5,5.024,2.578,26.140,35.025600
7,7.028,0.091,28.330,35.026400
1,1.000,0.604,22.120,35.051200
3,3.004,1.617,24.310,35.052000
5,5.008,2.630,26.500,35.052800
7,7.012,0.000,28.690,35.053600
1,1.016,0.513,22.880,35.054400
3,3.020,1.526,23.250,35.055200
5,5.024,2.539,25.440,35.056000
7,7.028,0.052,27.630,35.056800
1,1.000,0.565,21.420,35.081600
3,3.004,1.578,23.610,35.082400
5,5.008,2.591,25.800,35.083200
7,7.012,0.104,27.990,35.084000
1,1.016,0.617,22.180,35.084800
3,3.020,1.630,24.370,35.085600
5,5.024,2.500,26.560,35.086400
7,7.028,0.013,28.750,35.087200
1,1.000,0.526,22.540,35.112000
3,3.004,1.539,24.730,35.112800
5,5.008,2.552,25.100,35.113600
7,7.012,0.065,27.290,35.114400
1,1.016,0.578,21.480,35.115200
3,3.020,1.591,23.670,35.116000
5,5.024,2.604,25.860,35.116800
7,7.028,0.117,28.050,35.117600
1,1.000,0.630,21.840,35.142400
3,3.004,1.500,24.030,35.143200
5,5.008,2.513,26.220,35.144000
7,7.012,0.026,28.410,35.144800
1,1.016,0.539,22.600,35.145600
3,3.020,1.552,24.790,35.146400
5,5.024,2.565,26.980,35.147200
7,7.028,0.078,27.350,35.148000
1,1.000,0.591,21.140,35.172800
3,3.004,1.604,23.330,35.173600
5,5.008,2.617,25.520,35.174400
7,7.012,0.130,27.710,35.175200
1,1.016,0.500,21.900,35.176000
3,3.020,1.513,24.090,35.176800
5,5.024,2.526,26.280,35.177600
7,7.028,0.039,28.470,35.178400
1,1.000,0.552,22.260,35.203200
3,3.004,1.565,24.450,35.204000
5,5.008,2.578,26.640,35.204800
7,7.012,0.091,28.830,35.205600
1,1.016,0.604,21.200,35.206400
3,3.020,1.617,23.390,35.207200
5,5.024,2.630,25.580,35.208000
7,7.028,0.000,27.770,35.208800
1,1.000,0.513,21.560,35.233600
3,3.004,1.526,23.750,35.234400
5,5.008,2.539,25.940,35.235200
7,7.012,0.052,28.130,35.236000
1,1.016,0.565,22.320,35.236800
3,3.020,1.578,24.510,35.237600
5,5.024,2.591,26.700,35.238400
7,7.028,0.104,28.890,35.239200
1,1.000,0.617,22.680,35.264000
3,3.004,1.630,23.050,35.264800
5,5.008,2.500,25.240,35.265600
7,7.012,0.013,27.430,35.266400
1,1.016,0.526,21.620,35.267200
3,3.020,1.539,23.810,35.268000
5,5.024,2.552,26.000,35.268800
7,7.028,0.065,28.190,35.269600
1,1.000,0.578,21.980,35.294400
3,3.004,1.591,24.170,35.295200
5,5.008,2.604,26.360,35.296000
7,7.012,0.117,28.550,35.296800
1,1.016,0.630,22.740,35.297600
3,3.020,1.500,24.930,35.298400
5,5.024,2.513,25.300,35.299200
7,7.028,0.026,27.490,35.300000
1,1.000,0.539,21.280,35.324800
3,3.004,1.552,23.470,35.325600
5,5.008,2.565,25.660,35.326400
7,7.012,0.078,27.850,35.327200
1,1.016,0.591,22.040,35.328000
3,3.020,1.604,24.230,35.328800
5,5.024,2.617,26.420,35.329600
7,7.028,0.130,28.610,35.330400
1,1.000,0.500,22.400,35.355200
3,3.004,1.513,24.590,35.356000
5,5.008,2.526,26.780,35.356800
7,7.012,0.039,27.150,35.357600
1,1.016,0.552,21.340,35.358400
3,3.020,1.565,23.530,35.359200
5,5.024,2.578,25.720,35.360000
7,7.028,0.091,27.910,35.360800
1,1.000,0.604,21.700,35.385600
3,3.004,1.617,23.890,35.386400
5,5.008,2.630,26.080,35.387200
7,7.012,0.000,28.270,35.388000
1,1.016,0.513,22.460,35.388800
3,3.020,1.526,24.650,35.389600
5,5.024,2.539,26.840,35.390400
7,7.028,0.052,29.030,35.391200
1,1.000,0.565,21.000,35.416000
3,3.004,1.578,23.190,35.416800
5,5.008,2.591,25.380,35.417600
7,7.012,0.104,27.570,35.418400
1,1.016,0.617,21.760,35.419200
3,3.020,1.630,23.950,35.420000
5,5.024,2.500,26.140,35.420800
7,7.028,0.013,28.330,35.421600
1,1.000,0.526,22.120,35.446400
3,3.004,1.539,24.310,35.447200
5,5.008,2.552,26.500,35.448000
7,7.012,0.065,28.690,35.448800
1,1.016,0.578,22.880,35.449600
3,3.020,1.591,23.250,35.450400
5,5.024,2.604,25.440,35.451200
7,7.028,0.117,27.630,35.452000
1,1.000,0.630,21.420,35.476800
3,3.004,1.500,23.610,35.477600
5,5.008,2.513,25.800,35.478400
7,7.012,0.026,27.990,35.479200
1,1.016,0.539,22.180,35.480000
3,3.020,1.552,24.370,35.480800
5,5.024,2.565,26.560,35.481600
7,7.028,0.078,28.750,35.482400
9,9.021,1.000,29.000,35.507200
11,11.025,2.013,20.190,35.508000
13,13.029,3.026,22.380,35.508800
15,15.033,0.539,24.570,35.509600
9,9.037,1.052,29.760,35.510400
11,11.041,2.065,20.950,35.511200
13,13.045,3.078,23.140,35.512000
15,15.049,0.591,25.330,35.512800
9,9.021,1.104,30.120,35.537600
11,11.025,2.117,21.310,35.538400
13,13.029,3.130,23.500,35.539200
15,15.033,0.500,25.690,35.540000
9,9.037,1.013,30.880,35.540800
11,11.041,2.026,20.250,35.541600
13,13.045,3.039,22.440,35.542400
15,15.049,0.552,24.630,35.543200
9,9.021,1.065,29.420,35.568000
11,11.025,2.078,20.610,35.568800
13,13.029,3.091,22.800,35.569600
15,15.033,0.604,24.990,35.570400
9,9.037,1.117,30.180,35.571200
11,11.041,2.130,21.370,35.572000
13,13.045,3.000,23.560,35.572800
15,15.049,0.513,25.750,35.573600
9,9.021,1.026,30.540,35.598400
11,11.025,2.039,21.730,35.599200
13,13.029,3.052,22.100,35.600000
15,15.033,0.565,24.290,35.600800
9,9.037,1.078,29.480,35.601600
11,11.041,2.091,20.670,35.602400
13,13.045,3.104,22.860,35.603200
15,15.049,0.617,25.050,35.604000
9,9.021,1.130,29.840,35.628800
11,11.025,2.000,21.030,35.629600
13,13.029,3.013,23.220,35.630400
15,15.033,0.526,25.410,35.631200
9,9.037,1.039,30.600,35.632000
11,11.041,2.052,21.790,35.632800
13,13.045,3.065,23.980,35.633600
15,15.049,0.578,24.350,35.634400
9,9.021,1.091,29.140,35.659200
11,11.025,2.104,20.330,35.660000
13,13.029,3.117,22.520,35.660800
15,15.033,0.630,24.710,35.661600
9,9.037,1.000,29.900,35.662400
11,11.041,2.013,21.090,35.663200
13,13.045,3.026,23.280,35.664000
15,15.049,0.539,25.470,35.664800
9,9.021,1.052,30.260,35.689600
11,11.025,2.065,21.450,35.690400
13,13.029,3.078,23.640,35.691200
15,15.033,0.591,25.830,35.692000
9,9.037,1.104,29.200,35.692800
11,11.041,2.117,20.390,35.693600
13,13.045,3.130,22.580,35.694400
15,15.049,0.500,24.770,35.695200
9,9.021,1.013,29.560,35.720000
11,11.025,2.026,20.750,35.720800
13,13.029,3.039,22.940,35.721600
15,15.033,0.552,25.130,35.722400
9,9.037,1.065,30.320,35.723200
11,11.041,2.078,21.510,35.724000
13,13.045,3.091,23.700,35.724800
15,15.049,0.604,25.890,35.725600
9,9.021,1.117,30.680,35.750400
11,11.025,2.130,20.050,35.751200
13,13.029,3.000,22.240,35.752000
15,15.033,0.513,24.430,35.752800
9,9.037,1.026,29.620,35.753600
11,11.041,2.039,20.810,35.754400
13,13.045,3.052,23.000,35.755200
15,15.049,0.565,25.190,35.756000
9,9.021,1.078,29.980,35.780800
11,11.025,2.091,21.170,35.781600
13,13.029,3.104,23.360,35.782400
15,15.033,0.617,25.550,35.783200
9,9.037,1.130,30.740,35.784000
11,11.041,2.000,21.930,35.784800
13,13.045,3.013,22.300,35.785600
15,15.049,0.526,24.490,35.786400
9,9.021,1.039,29.280,35.811200
11,11.025,2.052,20.470,35.812000
13,13.029,3.065,22.660,35.812800
15,15.033,0.578,24.850,35.813600
9,9.037,1.091,30.040,35.814400
11,11.041,2.104,21.230,35.815200
13,13.045,3.117,23.420,35.816000
15,15.049,0.630,25.610,35.816800
9,9.021,1.000,30.400,35.841600
11,11.025,2.013,21.590,35.842400
13,13.029,3.026,23.780,35.843200
15,15.033,0.539,24.150,35.844000
9,9.037,1.052,29.340,35.844800
11,11.041,2.065,20.530,35.845600
13,13.045,3.078,22.720,35.846400
15,15.049,0.591,24.910,35.847200
9,9.021,1.104,29.700,35.872000
11,11.025,2.117,20.890,35.872800
13,13.029,3.130,23.080,35.873600
15,15.033,0.500,25.270,35.874400
9,9.037,1.013,30.460,35.875200
11,11.041,2.026,21.650,35.876000
13,13.045,3.039,23.840,35.876800
15,15.049,0.552,26.030,35.877600
9,9.021,1.065,29.000,35.902400
11,11.025,2.078,20.190,35.903200
13,13.029,3.091,22.380,35.904000
15,15.033,0.604,24.570,35.904800
9,9.037,1.117,29.760,35.905600
11,11.041,2.130,20.950,35.906400
13,13.045,3.000,23.140,35.907200
15,15.049,0.513,25.330,35.908000
9,9.021,1.026,30.120,35.932800
11,11.025,2.039,21.310,35.933600
13,13.029,3.052,23.500,35.934400
15,15.033,0.565,25.690,35.935200
9,9.037,1.078,30.880,35.936000
11,11.041,2.091,20.250,35.936800
13,13.045,3.104,22.440,35.937600
15,15.049,0.617,24.630,35.938400
9,9.021,1.130,29.420,35.963200
11,11.025,2.000,20.610,35.964000
13,13.029,3.013,22.800,35.964800
15,15.033,0.526,24.990,35.965600
9,9.037,1.039,30.180,35.966400
11,11.041,2.052,21.370,35.967200
13,13.045,3.065,23.560,35.968000
15,15.049,0.578,25.750,35.968800
17,17.042,1.500,26.000,35.993600
19,19.046,2.513,28.190,35.994400
21,21.050,0.026,30.380,35.995200
23,23.054,1.039,21.570,35.996000
17,17.058,1.552,26.760,35.996800
19,19.062,2.565,28.950,35.997600
21,21.066,0.078,31.140,35.998400
23,23.070,1.091,22.330,35.999200
17,17.042,1.604,27.120,36.024000
19,19.046,2.617,29.310,36.024800
21,21.050,0.130,31.500,36.025600
23,23.054,1.000,22.690,36.026400
17,17.058,1.513,27.880,36.027200
19,19.062,2.526,28.250,36.028000
21,21.066,0.039,30.440,36.028800
23,23.070,1.052,21.630,36.029600
17,17.042,1.565,26.420,36.054400
19,19.046,2.578,28.610,36.055200
21,21.050,0.091,30.800,36.056000
23,23.054,1.104,21.990,36.056800
17,17.058,1.617,27.180,36.057600
19,19.062,2.630,29.370,36.058400
21,21.066,0.000,31.560,36.059200
23,23.070,1.013,22.750,36.060000
17,17.042,1.526,27.540,36.084800
19,19.046,2.539,29.730,36.085600
21,21.050,0.052,30.100,36.086400
23,23.054,1.065,21.290,36.087200
17,17.058,1.578,26.480,36.088000
19,19.062,2.591,28.670,36.088800
21,21.066,0.104,30.860,36.089600
23,23.070,1.117,22.050,36.090400
17,17.042,1.630,26.840,36.115200
19,19.046,2.500,29.030,36.116000
21,21.050,0.013,31.220,36.116800
23,23.054,1.026,22.410,36.117600
17,17.058,1.539,27.600,36.118400
19,19.062,2.552,29.790,36.119200
21,21.066,0.065,31.980,36.120000
23,23.070,1.078,21.350,36.120800
17,17.042,1.591,26.140,36.145600
19,19.046,2.604,28.330,36.146400
21,21.050,0.117,30.520,36.147200
23,23.054,1.130,21.710,36.148000
17,17.058,1.500,26.900,36.148800
19,19.062,2.513,29.090,36.149600
21,21.066,0.026,31.280,36.150400
23,23.070,1.039,22.470,36.151200
17,17.042,1.552,27.260,36.176000
19,19.046,2.565,29.450,36.176800
21,21.050,0.078,31.640,36.177600
23,23.054,1.091,22.830,36.178400
17,17.058,1.604,26.200,36.179200
19,19.062,2.617,28.390,36.180000
21,21.066,0.130,30.580,36.180800
23,23.070,1.000,21.770,36.181600
17,17.042,1.513,26.560,36.206400
19,19.046,2.526,28.750,36.207200
21,21.050,0.039,30.940,36.208000
23,23.054,1.052,22.130,36.208800
17,17.058,1.565,27.320,36.209600
19,19.062,2.578,29.510,36.210400
21,21.066,0.091,31.700,36.211200
23,23.070,1.104,22.890,36.212000
17,17.042,1.617,27.680,36.236800
19,19.046,2.630,28.050,36.237600
21,21.050,0.000,30.240,36.238400
23,23.054,1.013,21.430,36.239200
17,17.058,1.526,26.620,36.240000
19,19.062,2.539,28.810,36.240800
21,21.066,0.052,31.000,36.241600
23,23.070,1.065,22.190,36.242400
17,17.042,1.578,26.980,36.267200
19,19.046,2.591,29.170,36.268000
21,21.050,0.104,31.360,36.268800
23,23.054,1.117,22.550,36.269600
17,17.058,1.630,27.740,36.270400
19,19.062,2.500,29.930,36.271200
21,21.066,0.013,30.300,36.272000
23,23.070,1.026,21.490,36.272800
17,17.042,1.539,26.280,36.297600
19,19.046,2.552,28.470,36.298400
21,21.050,0.065,30.660,36.299200
23,23.054,1.078,21.850,36.300000
17,17.058,1.591,27.040,36.300800
19,19.062,2.604,29.230,36.301600
21,21.066,0.117,31.420,36.302400
23,23.070,1.130,22.610,36.303200
17,17.042,1.500,27.400,36.328000
19,19.046,2.513,29.590,36.328800
21,21.050,0.026,31.780,36.329600
23,23.054,1.039,21.150,36.330400
17,17.058,1.552,26.340,36.331200
19,19.062,2.565,28.530,36.332000
21,21.066,0.078,30.720,36.332800
23,23.070,1.091,21.910,36.333600
17,17.042,1.604,26.700,36.358400
19,19.046,2.617,28.890,36.359200
21,21.050,0.130,31.080,36.360000
23,23.054,1.000,22.270,36.360800
17,17.058,1.513,27.460,36.361600
19,19.062,2.526,29.650,36.362400
21,21.066,0.039,31.840,36.363200
23,23.070,1.052,23.030,36.364000
17,17.042,1.565,26.000,36.388800
19,19.046,2.578,28.190,36.389600
21,21.050,0.091,30.380,36.390400
23,23.054,1.104,21.570,36.391200
17,17.058,1.617,26.760,36.392000
19,19.062,2.630,28.950,36.392800
21,21.066,0.000,31.140,36.393600
23,23.070,1.013,22.330,36.394400
17,17.042,1.526,27.120,36.419200
19,19.046,2.539,29.310,36.420000
21,21.050,0.052,31.500,36.420800
23,23.054,1.065,22.690,36.421600
17,17.058,1.578,27.880,36.422400
19,19.062,2.591,28.250,36.423200
21,21.066,0.104,30.440,36.424000
23,23.070,1.117,21.630,36.424800
17,17.042,1.630,26.420,36.449600
19,19.046,2.500,28.610,36.450400
21,21.050,0.013,30.800,36.451200
23,23.054,1.026,21.990,36.452000
17,17.058,1.539,27.180,36.452800
19,19.062,2.552,29.370,36.453600
21,21.066,0.065,31.560,36.454400
23,23.070,1.078,22.750,36.455200
1,1.063,0.500,21.000,36.480000
3,3.067,1.513,23.190,36.480800
5,5.071,2.526,25.380,36.481600
7,7.075,0.039,27.570,36.482400
1,1.079,0.552,21.760,36.483200
3,3.083,1.565,23.950,36.484000
5,5.087,2.578,26.140,36.484800
7,7.091,0.091,28.330,36.485600
1,1.063,0.604,22.120,36.510400
3,3.067,1.617,24.310,36.511200
5,5.071,2.630,26.500,36.512000
7,7.075,0.000,28.690,36.512800
1,1.079,0.513,22.880,36.513600
3,3.083,1.526,23.250,36.514400
5,5.087,2.539,25.440,36.515200
7,7.091,0.052,27.630,36.516000
1,1.063,0.565,21.420,36.540800
3,3.067,1.578,23.610,36.541600
5,5.071,2.591,25.800,36.542400
7,7.075,0.104,27.990,36.543200
1,1.079,0.617,22.180,36.544000
3,3.083,1.630,24.370,36.544800
5,5.087,2.500,26.560,36.545600
7,7.091,0.013,28.750,36.546400
1,1.063,0.526,22.540,36.571200
3,3.067,1.539,24.730,36.572000
5,5.071,2.552,25.100,36.572800
7,7.075,0.065,27.290,36.573600
1,1.079,0.578,21.480,36.574400
3,3.083,1.591,23.670,36.575200
5,5.087,2.604,25.860,36.576000
7,7.091,0.117,28.050,36.576800
1,1.063,0.630,21.840,36.601600
3,3.067,1.500,24.030,36.602400
5,5.071,2.513,26.220,36.603200
7,7.075,0.026,28.410,36.604000
1,1.079,0.539,22.600,36.604800
3,3.083,1.552,24.790,36.605600
5,5.087,2.565,26.980,36.606400
7,7.091,0.078,27.350,36.607200
1,1.063,0.591,21.140,36.632000
3,3.067,1.604,23.330,36.632800
5,5.071,2.617,25.520,36.633600
7,7.075,0.130,27.710,36.634400
1,1.079,0.500,21.900,36.635200
3,3.083,1.513,24.090,36.636000
5,5.087,2.526,26.280,36.636800
7,7.091,0.039,28.470,36.637600
1,1.063,0.552,22.260,36.662400
3,3.067,1.565,24.450,36.663200
5,5.071,2.578,26.640,36.664000
7,7.075,0.091,28.830,36.664800
1,1.079,0.604,21.200,36.665600
3,3.083,1.617,23.390,36.666400
5,5.087,2.630,25.580,36.667200
7,7.091,0.000,27.770,36.668000
1,1.063,0.513,21.560,36.692800
3,3.067,1.526,23.750,36.693600
5,5.071,2.539,25.940,36.694400
7,7.075,0.052,28.130,36.695200
1,1.079,0.565,22.320,36.696000
3,3.083,1.578,24.510,36.696800
5,5.087,2.591,26.700,36.697600
7,7.091,0.104,28.890,36.698400
1,1.063,0.617,22.680,36.723200
3,3.067,1.630,23.050,36.724000
5,5.071,2.500,25.240,36.724800
7,7.075,0.013,27.430,36.725600
1,1.079,0.526,21.620,36.726400
3,3.083,1.539,23.810,36.727200
5,5.087,2.552,26.000,36.728000
7,7.091,0.065,28.190,36.728800
1,1.063,0.578,21.980,36.753600
3,3.067,1.591,24.170,36.754400
5,5.071,2.604,26.360,36.755200
7,7.075,0.117,28.550,36.756000
1,1.079,0.630,22.740,36.756800
3,3.083,1.500,24.930,36.757600
5,5.087,2.513,25.300,36.758400
7,7.091,0.026,27.490,36.759200
1,1.063,0.539,21.280,36.784000
3,3.067,1.552,23.470,36.784800
5,5.071,2.565,25.660,36.785600
7,7.075,0.078,27.850,36.786400
1,1.079,0.591,22.040,36.787200
3,3.083,1.604,24.230,36.788000
5,5.087,2.617,26.420,36.788800
7,7.091,0.130,28.610,36.789600
1,1.063,0.500,22.400,36.814400
3,3.067,1.513,24.590,36.815200
5,5.071,2.526,26.780,36.816000
7,7.075,0.039,27.150,36.816800
1,1.079,0.552,21.340,36.817600
3,3.083,1.565,23.530,36.818400
5,5.087,2.578,25.720,36.819200
7,7.091,0.091,27.910,36.820000
1,1.063,0.604,21.700,36.844800
3,3.067,1.617,23.890,36.845600
5,5.071,2.630,26.080,36.846400
7,7.075,0.000,28.270,36.847200
1,1.079,0.513,22.460,36.848000
3,3.083,1.526,24.650,36.848800
5,5.087,2.539,26.840,36.849600
7,7.091,0.052,29.030,36.850400
1,1.063,0.565,21.000,36.875200
3,3.067,1.578,23.190,36.876000
5,5.071,2.591,25.380,36.876800
7,7.075,0.104,27.570,36.877600
1,1.079,0.617,21.760,36.878400
3,3.083,1.630,23.950,36.879200
5,5.087,2.500,26.140,36.880000
7,7.091,0.013,28.330,36.880800
1,1.063,0.526,22.120,36.905600
3,3.067,1.539,24.310,36.906400
5,5.071,2.552,26.500,36.907200
7,7.075,0.065,28.690,36.908000
1,1.079,0.578,22.880,36.908800
3,3.083,1.591,23.250,36.909600
5,5.087,2.604,25.440,36.910400
7,7.091,0.117,27.630,36.911200
1,1.063,0.630,21.420,36.936000
3,3.067,1.500,23.610,36.936800
5,5.071,2.513,25.800,36.937600
7,7.075,0.026,27.990,36.938400
1,1.079,0.539,22.180,36.939200
3,3.083,1.552,24.370,36.940000
5,5.087,2.565,26.560,36.940800
7,7.091,0.078,28.750,36.941600
9,9.084,1.000,29.000,36.966400
11,11.088,2.013,20.190,36.967200
13,13.092,3.026,22.380,36.968000
15,15.096,0.539,24.570,36.968800
9,9.100,1.052,29.760,36.969600
11,11.104,2.065,20.950,36.970400
13,13.108,3.078,23.140,36.971200
15,15.112,0.591,25.330,36.972000
9,9.084,1.104,30.120,36.996800
11,11.088,2.117,21.310,36.997600
13,13.092,3.130,23.500,36.998400
15,15.096,0.500,25.690,36.999200
9,9.100,1.013,30.880,37.000000
11,11.104,2.026,20.250,37.000800
13,13.108,3.039,22.440,37.001600
15,15.112,0.552,24.630,37.002400
9,9.084,1.065,29.420,37.027200
11,11.088,2.078,20.610,37.028000
13,13.092,3.091,22.800,37.028800
15,15.096,0.604,24.990,37.029600
9,9.100,1.117,30.180,37.030400
11,11.104,2.130,21.370,37.031200
13,13.108,3.000,23.560,37.032000
15,15.112,0.513,25.750,37.032800
9,9.084,1.026,30.540,37.057600
11,11.088,2.039,21.730,37.058400
13,13.092,3.052,22.100,37.059200
15,15.096,0.565,24.290,37.060000
9,9.100,1.078,29.480,37.060800
11,11.104,2.091,20.670,37.061600
13,13.108,3.104,22.860,37.062400
15,15.112,0.617,25.050,37.063200
9,9.084,1.130,29.840,37.088000
11,11.088,2.000,21.030,37.088800
13,13.092,3.013,23.220,37.089600
15,15.096,0.526,25.410,37.090400
9,9.100,1.039,30.600,37.091200
11,11.104,2.052,21.790,37.092000
13,13.108,3.065,23.980,37.092800
15,15.112,0.578,24.350,37.093600
9,9.084,1.091,29.140,37.118400
11,11.088,2.104,20.330,37.119200
13,13.092,3.117,22.520,37.120000
15,15.096,0.630,24.710,37.120800
9,9.100,1.000,29.900,37.121600
11,11.104,2.013,21.090,37.122400
13,13.108,3.026,23.280,37.123200
15,15.112,0.539,25.470,37.124000
9,9.084,1.052,30.260,37.148800
11,11.088,2.065,21.450,37.149600
13,13.092,3.078,23.640,37.150400
15,15.096,0.591,25.830,37.151200
9,9.100,1.104,29.200,37.152000
11,11.104,2.117,20.390,37.152800
13,13.108,3.130,22.580,37.153600
15,15.112,0.500,24.770,37.154400
9,9.084,1.013,29.560,37.179200
11,11.088,2.026,20.750,37.180000
13,13.092,3.039,22.940,37.180800
15,15.096,0.552,25.130,37.181600
9,9.100,1.065,30.320,37.182400
11,11.104,2.078,21.510,37.183200
13,13.108,3.091,23.700,37.184000
15,15.112,0.604,25.890,37.184800
9,9.084,1.117,30.680,37.209600
11,11.088,2.130,20.050,37.210400
13,13.092,3.000,22.240,37.211200
15,15.096,0.513,24.430,37.212000
9,9.100,1.026,29.620,37.212800
11,11.104,2.039,20.810,37.213600
13,13.108,3.052,23.000,37.214400
15,15.112,0.565,25.190,37.215200
9,9.084,1.078,29.980,37.240000
11,11.088,2.091,21.170,37.240800
13,13.092,3.104,23.360,37.241600
15,15.096,0.617,25.550,37.242400
9,9.100,1.130,30.740,37.243200
11,11.104,2.000,21.930,37.244000
13,13.108,3.013,22.300,37.244800
15,15.112,0.526,24.490,37.245600
9,9.084,1.039,29.280,37.270400
11,11.088,2.052,20.470,37.271200
13,13.092,3.065,22.660,37.272000
15,15.096,0.578,24.850,37.272800
9,9.100,1.091,30.040,37.273600
11,11.104,2.104,21.230,37.274400
13,13.108,3.117,23.420,37.275200
15,15.112,0.630,25.610,37.276000
9,9.084,1.000,30.400,37.300800
11,11.088,2.013,21.590,37.301600
13,13.092,3.026,23.780,37.302400
15,15.096,0.539,24.150,37.303200
9,9.100,1.052,29.340,37.304000
11,11.104,2.065,20.530,37.304800
13,13.108,3.078,22.720,37.305600
15,15.112,0.591,24.910,37.306400
9,9.084,1.104,29.700,37.331200
11,11.088,2.117,20.890,37.332000
13,13.092,3.130,23.080,37.332800
15,15.096,0.500,25.270,37.333600
9,9.100,1.013,30.460,37.334400
11,11.104,2.026,21.650,37.335200
13,13.108,3.039,23.840,37.336000
15,15.112,0.552,26.030,37.336800
9,9.084,1.065,29.000,37.361600
11,11.088,2.078,20.190,37.362400
13,13.092,3.091,22.380,37.363200
15,15.096,0.604,24.570,37.364000
9,9.100,1.117,29.760,37.364800
11,11.104,2.130,20.950,37.365600
13,13.108,3.000,23.140,37.366400
15,15.112,0.513,25.330,37.367200
9,9.084,1.026,30.120,37.392000
11,11.088,2.039,21.310,37.392800
13,13.092,3.052,23.500,37.393600
15,15.096,0.565,25.690,37.394400
9,9.100,1.078,30.880,37.395200
11,11.104,2.091,20.250,37.396000
13,13.108,3.104,22.440,37.396800
15,15.112,0.617,24.630,37.397600
9,9.084,1.130,29.420,37.422400
11,11.088,2.000,20.610,37.423200
13,13.092,3.013,22.800,37.424000
15,15.096,0.526,24.990,37.424800
9,9.100,1.039,30.180,37.425600
11,11.104,2.052,21.370,37.426400
13,13.108,3.065,23.560,37.427200
15,15.112,0.578,25.750,37.428000
17,17.105,1.500,26.000,37.452800
19,19.109,2.513,28.190,37.453600
21,21.113,0.026,30.380,37.454400
23,23.117,1.039,21.570,37.455200
17,17.121,1.552,26.760,37.456000
19,19.125,2.565,28.950,37.456800
21,21.129,0.078,31.140,37.457600
23,23.133,1.091,22.330,37.458400
17,17.105,1.604,27.120,37.483200
19,19.109,2.617,29.310,37.484000
21,21.113,0.130,31.500,37.484800
23,23.117,1.000,22.690,37.485600
17,17.121,1.513,27.880,37.486400
19,19.125,2.526,28.250,37.487200
21,21.129,0.039,30.440,37.488000
23,23.133,1.052,21.630,37.488800
17,17.105,1.565,26.420,37.513600
19,19.109,2.578,28.610,37.514400
21,21.113,0.091,30.800,37.515200
23,23.117,1.104,21.990,37.516000
17,17.121,1.617,27.180,37.516800
19,19.125,2.630,29.370,37.517600
21,21.129,0.000,31.560,37.518400
23,23.133,1.013,22.750,37.519200
17,17.105,1.526,27.540,37.544000
19,19.109,2.539,29.730,37.544800
21,21.113,0.052,30.100,37.545600
23,23.117,1.065,21.290,37.546400
17,17.121,1.578,26.480,37.547200
19,19.125,2.591,28.670,37.548000
21,21.129,0.104,30.860,37.548800
23,23.133,1.117,22.050,37.549600
17,17.105,1.630,26.840,37.574400
19,19.109,2.500,29.030,37.575200
21,21.113,0.013,31.220,37.576000
23,23.117,1.026,22.410,37.576800
17,17.121,1.539,27.600,37.577600
19,19.125,2.552,29.790,37.578400
21,21.129,0.065,31.980,37.579200
23,23.133,1.078,21.350,37.580000
17,17.105,1.591,26.140,37.604800
19,19.109,2.604,28.330,37.605600
21,21.113,0.117,30.520,37.606400
23,23.117,1.130,21.710,37.607200
17,17.121,1.500,26.900,37.608000
19,19.125,2.513,29.090,37.608800
21,21.129,0.026,31.280,37.609600
23,23.133,1.039,22.470,37.610400
17,17.105,1.552,27.260,37.635200
19,19.109,2.565,29.450,37.636000
21,21.113,0.078,31.640,37.636800
23,23.117,1.091,22.830,37.637600
17,17.121,1.604,26.200,37.638400
19,19.125,2.617,28.390,37.639200
21,21.129,0.130,30.580,37.640000
23,23.133,1.000,21.770,37.640800
17,17.105,1.513,26.560,37.665600
19,19.109,2.526,28.750,37.666400
21,21.113,0.039,30.940,37.667200
23,23.117,1.052,22.130,37.668000
17,17.121,1.565,27.320,37.668800
19,19.125,2.578,29.510,37.669600
21,21.129,0.091,31.700,37.670400
23,23.133,1.104,22.890,37.671200
17,17.105,1.617,27.680,37.696000
19,19.109,2.630,28.050,37.696800
21,21.113,0.000,30.240,37.697600
23,23.117,1.013,21.430,37.698400
17,17.121,1.526,26.620,37.699200
19,19.125,2.539,28.810,37.700000
21,21.129,0.052,31.000,37.700800
23,23.133,1.065,22.190,37.701600
17,17.105,1.578,26.980,37.726400
19,19.109,2.591,29.170,37.727200
21,21.113,0.104,31.360,37.728000
23,23.117,1.117,22.550,37.728800
17,17.121,1.630,27.740,37.729600
19,19.125,2.500,29.930,37.730400
21,21.129,0.013,30.300,37.731200
23,23.133,1.026,21.490,37.732000
17,17.105,1.539,26.280,37.756800
19,19.109,2.552,28.470,37.757600
21,21.113,0.065,30.660,37.758400
23,23.117,1.078,21.850,37.759200
17,17.121,1.591,27.040,37.760000
19,19.125,2.604,29.230,37.760800
21,21.129,0.117,31.420,37.761600
23,23.133,1.130,22.610,37.762400
17,17.105,1.500,27.400,37.787200
19,19.109,2.513,29.590,37.788000
21,21.113,0.026,31.780,37.788800
23,23.117,1.039,21.150,37.789600
17,17.121,1.552,26.340,37.790400
19,19.125,2.565,28.530,37.791200
21,21.129,0.078,30.720,37.792000
23,23.133,1.091,21.910,37.792800
17,17.105,1.604,26.700,37.817600
19,19.109,2.617,28.890,37.818400
21,21.113,0.130,31.080,37.819200
23,23.117,1.000,22.270,37.820000
17,17.121,1.513,27.460,37.820800
19,19.125,2.526,29.650,37.821600
21,21.129,0.039,31.840,37.822400
23,23.133,1.052,23.030,37.823200
17,17.105,1.565,26.000,37.848000
19,19.109,2.578,28.190,37.848800
21,21.113,0.091,30.380,37.849600
23,23.117,1.104,21.570,37.850400
17,17.121,1.617,26.760,37.851200
19,19.125,2.630,28.950,37.852000
21,21.129,0.000,31.140,37.852800
23,23.133,1.013,22.330,37.853600
17,17.105,1.526,27.120,37.878400
19,19.109,2.539,29.310,37.879200
21,21.113,0.052,31.500,37.880000
23,23.117,1.065,22.690,37.880800
17,17.121,1.578,27.880,37.881600
19,19.125,2.591,28.250,37.882400
21,21.129,0.104,30.440,37.883200
23,23.133,1.117,21.630,37.884000
17,17.105,1.630,26.420,37.908800
19,19.109,2.500,28.610,37.909600
21,21.113,0.013,30.800,37.910400
23,23.117,1.026,21.990,37.911200
17,17.121,1.539,27.180,37.912000
19,19.125,2.552,29.370,37.912800
21,21.129,0.065,31.560,37.913600
23,23.133,1.078,22.750,37.914400
1,1.126,0.500,21.000,37.939200
3,3.130,1.513,23.190,37.940000
5,5.134,2.526,25.380,37.940800
7,7.138,0.039,27.570,37.941600
1,1.142,0.552,21.760,37.942400
3,3.146,1.565,23.950,37.943200
5,5.150,2.578,26.140,37.944000
7,7.154,0.091,28.330,37.944800
1,1.126,0.604,22.120,37.969600
3,3.130,1.617,24.310,37.970400
5,5.134,2.630,26.500,37.971200
7,7.138,0.000,28.690,37.972000
1,1.142,0.513,22.880,37.972800
3,3.146,1.526,23.250,37.973600
5,5.150,2.539,25.440,37.974400
7,7.154,0.052,27.630,37.975200
1,1.126,0.565,21.420,38.000000
3,3.130,1.578,23.610,38.000800
5,5.134,2.591,25.800,38.001600
7,7.138,0.104,27.990,38.002400
1,1.142,0.617,22.180,38.003200
3,3.146,1.630,24.370,38.004000
5,5.150,2.500,26.560,38.004800
7,7.154,0.013,28.750,38.005600
1,1.126,0.526,22.540,38.030400
3,3.130,1.539,24.730,38.031200
5,5.134,2.552,25.100,38.032000
7,7.138,0.065,27.290,38.032800
1,1.142,0.578,21.480,38.033600
3,3.146,1.591,23.670,38.034400
5,5.150,2.604,25.860,38.035200
7,7.154,0.117,28.050,38.036000
1,1.126,0.630,21.840,38.060800
3,3.130,1.500,24.030,38.061600
5,5.134,2.513,26.220,38.062400
7,7.138,0.026,28.410,38.063200
1,1.142,0.539,22.600,38.064000
3,3.146,1.552,24.790,38.064800
5,5.150,2.565,26.980,38.065600
7,7.154,0.078,27.350,38.066400
1,1.126,0.591,21.140,38.091200
3,3.130,1.604,23.330,38.092000
5,5.134,2.617,25.520,38.092800
7,7.138,0.130,27.710,38.093600
1,1.142,0.500,21.900,38.094400
3,3.146,1.513,24.090,38.095200
5,5.150,2.526,26.280,38.096000
7,7.154,0.039,28.470,38.096800
1,1.126,0.552,22.260,38.121600
3,3.130,1.565,24.450,38.122400
5,5.134,2.578,26.640,38.123200
7,7.138,0.091,28.830,38.124000
1,1.142,0.604,21.200,38.124800
3,3.146,1.617,23.390,38.125600
5,5.150,2.630,25.580,38.126400
7,7.154,0.000,27.770,38.127200
1,1.126,0.513,21.560,38.152000
3,3.130,1.526,23.750,38.152800
5,5.134,2.539,25.940,38.153600
7,7.138,0.052,28.130,38.154400
1,1.142,0.565,22.320,38.155200
3,3.146,1.578,24.510,38.156000
5,5.150,2.591,26.700,38.156800
7,7.154,0.104,28.890,38.157600
1,1.126,0.617,22.680,38.182400
3,3.130,1.630,23.050,38.183200
5,5.134,2.500,25.240,38.184000
7,7.138,0.013,27.430,38.184800
1,1.142,0.526,21.620,38.185600
3,3.146,1.539,23.810,38.186400
5,5.150,2.552,26.000,38.187200
7,7.154,0.065,28.190,38.188000
1,1.126,0.578,21.980,38.212800
3,3.130,1.591,24.170,38.213600
5,5.134,2.604,26.360,38.214400
7,7.138,0.117,28.550,38.215200
1,1.142,0.630,22.740,38.216000
3,3.146,1.500,24.930,38.216800
5,5.150,2.513,25.300,38.217600
7,7.154,0.026,27.490,38.218400
1,1.126,0.539,21.280,38.243200
3,3.130,1.552,23.470,38.244000
5,5.134,2.565,25.660,38.244800
7,7.138,0.078,27.850,38.245600
1,1.142,0.591,22.040,38.246400
3,3.146,1.604,24.230,38.247200
5,5.150,2.617,26.420,38.248000
7,7.154,0.130,28.610,38.248800
1,1.126,0.500,22.400,38.273600
3,3.130,1.513,24.590,38.274400
5,5.134,2.526,26.780,38.275200
7,7.138,0.039,27.150,38.276000
1,1.142,0.552,21.340,38.276800
3,3.146,1.565,23.530,38.277600
5,5.150,2.578,25.720,38.278400
7,7.154,0.091,27.910,38.279200
1,1.126,0.604,21.700,38.304000
3,3.130,1.617,23.890,38.304800
5,5.134,2.630,26.080,38.305600
7,7.138,0.000,28.270,38.306400
1,1.142,0.513,22.460,38.307200
3,3.146,1.526,24.650,38.308000
5,5.150,2.539,26.840,38.308800
7,7.154,0.052,29.030,38.309600
1,1.126,0.565,21.000,38.334400
3,3.130,1.578,23.190,38.335200
5,5.134,2.591,25.380,38.336000
7,7.138,0.104,27.570,38.336800
1,1.142,0.617,21.760,38.337600
3,3.146,1.630,23.950,38.338400
5,5.150,2.500,26.140,38.339200
7,7.154,0.013,28.330,38.340000
1,1.126,0.526,22.120,38.364800
3,3.130,1.539,24.310,38.365600
5,5.134,2.552,26.500,38.366400
7,7.138,0.065,28.690,38.367200
1,1.142,0.578,22.880,38.368000
3,3.146,1.591,23.250,38.368800
5,5.150,2.604,25.440,38.369600
7,7.154,0.117,27.630,38.370400
1,1.126,0.630,21.420,38.395200
3,3.130,1.500,23.610,38.396000
5,5.134,2.513,25.800,38.396800
7,7.138,0.026,27.990,38.397600
1,1.142,0.539,22.180,38.398400
3,3.146,1.552,24.370,38.399200
5,5.150,2.565,26.560,38.400000
7,7.154,0.078,28.750,38.400800
9,9.147,1.000,29.000,38.425600
11,11.151,2.013,20.190,38.426400
13,13.155,3.026,22.380,38.427200
15,15.159,0.539,24.570,38.428000
9,9.163,1.052,29.760,38.428800
11,11.167,2.065,20.950,38.429600
13,13.171,3.078,23.140,38.430400
15,15.175,0.591,25.330,38.431200
9,9.147,1.104,30.120,38.456000
11,11.151,2.117,21.310,38.456800
13,13.155,3.130,23.500,38.457600
15,15.159,0.500,25.690,38.458400
9,9.163,1.013,30.880,38.459200
11,11.167,2.026,20.250,38.460000
13,13.171,3.039,22.440,38.460800
15,15.175,0.552,24.630,38.461600
9,9.147,1.065,29.420,38.486400
11,11.151,2.078,20.610,38.487200
13,13.155,3.091,22.800,38.488000
15,15.159,0.604,24.990,38.488800
9,9.163,1.117,30.180,38.489600
11,11.167,2.130,21.370,38.490400
13,13.171,3.000,23.560,38.491200
15,15.175,0.513,25.750,38.492000
9,9.147,1.026,30.540,38.516800
11,11.151,2.039,21.730,38.517600
13,13.155,3.052,22.100,38.518400
15,15.159,0.565,24.290,38.519200
9,9.163,1.078,29.480,38.520000
11,11.167,2.091,20.670,38.520800
13,13.171,3.104,22.860,38.521600
15,15.175,0.617,25.050,38.522400
9,9.147,1.130,29.840,38.547200
11,11.151,2.000,21.030,38.548000
13,13.155,3.013,23.220,38.548800
15,15.159,0.526,25.410,38.549600
9,9.163,1.039,30.600,38.550400
11,11.167,2.052,21.790,38.551200
13,13.171,3.065,23.980,38.552000
15,15.175,0.578,24.350,38.552800
9,9.147,1.091,29.140,38.577600
11,11.151,2.104,20.330,38.578400
13,13.155,3.117,22.520,38.579200
15,15.159,0.630,24.710,38.580000
9,9.163,1.000,29.900,38.580800
11,11.167,2.013,21.090,38.581600
13,13.171,3.026,23.280,38.582400
15,15.175,0.539,25.470,38.583200
9,9.147,1.052,30.260,38.608000
11,11.151,2.065,21.450,38.608800
13,13.155,3.078,23.640,38.609600
15,15.159,0.591,25.830,38.610400
9,9.163,1.104,29.200,38.611200
11,11.167,2.117,20.390,38.612000
13,13.171,3.130,22.580,38.612800
15,15.175,0.500,24.770,38.613600
9,9.147,1.013,29.560,38.638400
11,11.151,2.026,20.750,38.639200
13,13.155,3.039,22.940,38.640000
15,15.159,0.552,25.130,38.640800
9,9.163,1.065,30.320,38.641600
11,11.167,2.078,21.510,38.642400
13,13.171,3.091,23.700,38.643200
15,15.175,0.604,25.890,38.644000
9,9.147,1.117,30.680,38.668800
11,11.151,2.130,20.050,38.669600
13,13.155,3.000,22.240,38.670400
15,15.159,0.513,24.430,38.671200
9,9.163,1.026,29.620,38.672000
11,11.167,2.039,20.810,38.672800
13,13.171,3.052,23.000,38.673600
15,15.175,0.565,25.190,38.674400
9,9.147,1.078,29.980,38.699200
11,11.151,2.091,21.170,38.700000
13,13.155,3.104,23.360,38.700800
15,15.159,0.617,25.550,38.701600
9,9.163,1.130,30.740,38.702400
11,11.167,2.000,21.930,38.703200
13,13.171,3.013,22.300,38.704000
15,15.175,0.526,24.490,38.704800
9,9.147,1.039,29.280,38.729600
11,11.151,2.052,20.470,38.730400
13,13.155,3.065,22.660,38.731200
15,15.159,0.578,24.850,38.732000
9,9.163,1.091,30.040,38.732800
11,11.167,2.104,21.230,38.733600
13,13.171,3.117,23.420,38.734400
15,15.175,0.630,25.610,38.735200
9,9.147,1.000,30.400,38.760000
11,11.151,2.013,21.590,38.760800
13,13.155,3.026,23.780,38.761600
15,15.159,0.539,24.150,38.762400
9,9.163,1.052,29.340,38.763200
11,11.167,2.065,20.530,38.764000
13,13.171,3.078,22.720,38.764800
15,15.175,0.591,24.910,38.765600
9,9.147,1.104,29.700,38.790400
11,11.151,2.117,20.890,38.791200
13,13.155,3.130,23.080,38.792000
15,15.159,0.500,25.270,38.792800
9,9.163,1.013,30.460,38.793600
11,11.167,2.026,21.650,38.794400
13,13.171,3.039,23.840,38.795200
15,15.175,0.552,26.030,38.796000
9,9.147,1.065,29.000,38.820800
11,11.151,2.078,20.190,38.821600
13,13.155,3.091,22.380,38.822400
15,15.159,0.604,24.570,38.823200
9,9.163,1.117,29.760,38.824000
11,11.167,2.130,20.950,38.824800
13,13.171,3.000,23.140,38.825600
15,15.175,0.513,25.330,38.826400
9,9.147,1.026,30.120,38.851200
11,11.151,2.039,21.310,38.852000
13,13.155,3.052,23.500,38.852800
15,15.159,0.565,25.690,38.853600
9,9.163,1.078,30.880,38.854400
11,11.167,2.091,20.250,38.855200
13,13.171,3.104,22.440,38.856000
15,15.175,0.617,24.630,38.856800
9,9.147,1.130,29.420,38.881600
11,11.151,2.000,20.610,38.882400
13,13.155,3.013,22.800,38.883200
15,15.159,0.526,24.990,38.884000
9,9.163,1.039,30.180,38.884800
11,11.167,2.052,21.370,38.885600
13,13.171,3.065,23.560,38.886400
15,15.175,0.578,25.750,38.887200
17,17.168,1.500,26.000,38.912000
19,19.172,2.513,28.190,38.912800
21,21.176,0.026,30.380,38.913600
23,23.180,1.039,21.570,38.914400
17,17.184,1.552,26.760,38.915200
19,19.188,2.565,28.950,38.916000
21,21.192,0.078,31.140,38.916800
23,23.196,1.091,22.330,38.917600
17,17.168,1.604,27.120,38.942400
19,19.172,2.617,29.310,38.943200
21,21.176,0.130,31.500,38.944000
23,23.180,1.000,22.690,38.944800
17,17.184,1.513,27.880,38.945600
19,19.188,2.526,28.250,38.946400
21,21.192,0.039,30.440,38.947200
23,23.196,1.052,21.630,38.948000
17,17.168,1.565,26.420,38.972800
19,19.172,2.578,28.610,38.973600
21,21.176,0.091,30.800,38.974400
23,23.180,1.104,21.990,38.975200
17,17.184,1.617,27.180,38.976000
19,19.188,2.630,29.370,38.976800
21,21.192,0.000,31.560,38.977600
23,23.196,1.013,22.750,38.978400
17,17.168,1.526,27.540,39.003200
19,19.172,2.539,29.730,39.004000
21,21.176,0.052,30.100,39.004800
23,23.180,1.065,21.290,39.005600
17,17.184,1.578,26.480,39.006400
19,19.188,2.591,28.670,39.007200
21,21.192,0.104,30.860,39.008000
23,23.196,1.117,22.050,39.008800
17,17.168,1.630,26.840,39.033600
19,19.172,2.500,29.030,39.034400
21,21.176,0.013,31.220,39.035200
23,23.180,1.026,22.410,39.036000
17,17.184,1.539,27.600,39.036800
19,19.188,2.552,29.790,39.037600
21,21.192,0.065,31.980,39.038400
23,23.196,1.078,21.350,39.039200
17,17.168,1.591,26.140,39.064000
19,19.172,2.604,28.330,39.064800
21,21.176,0.117,30.520,39.065600
23,23.180,1.130,21.710,39.066400
17,17.184,1.500,26.900,39.067200
19,19.188,2.513,29.090,39.068000
21,21.192,0.026,31.280,39.068800
23,23.196,1.039,22.470,39.069600
17,17.168,1.552,27.260,39.094400
19,19.172,2.565,29.450,39.095200
21,21.176,0.078,31.640,39.096000
23,23.180,1.091,22.830,39.096800
17,17.184,1.604,26.200,39.097600
19,19.188,2.617,28.390,39.098400
21,21.192,0.130,30.580,39.099200
23,23.196,1.000,21.770,39.100000
17,17.168,1.513,26.560,39.124800
19,19.172,2.526,28.750,39.125600
21,21.176,0.039,30.940,39.126400
23,23.180,1.052,22.130,39.127200
17,17.184,1.565,27.320,39.128000
19,19.188,2.578,29.510,39.128800
21,21.192,0.091,31.700,39.129600
23,23.196,1.104,22.890,39.130400
17,17.168,1.617,27.680,39.155200
19,19.172,2.630,28.050,39.156000
21,21.176,0.000,30.240,39.156800
23,23.180,1.013,21.430,39.157600
17,17.184,1.526,26.620,39.158400
19,19.188,2.539,28.810,39.159200
21,21.192,0.052,31.000,39.160000
23,23.196,1.065,22.190,39.160800
17,17.168,1.578,26.980,39.185600
19,19.172,2.591,29.170,39.186400
21,21.176,0.104,31.360,39.187200
23,23.180,1.117,22.550,39.188000
17,17.184,1.630,27.740,39.188800
19,19.188,2.500,29.930,39.189600
21,21.192,0.013,30.300,39.190400
23,23.196,1.026,21.490,39.191200
17,17.168,1.539,26.280,39.216000
19,19.172,2.552,28.470,39.216800
21,21.176,0.065,30.660,39.217600
23,23.180,1.078,21.850,39.218400
17,17.184,1.591,27.040,39.219200
19,19.188,2.604,29.230,39.220000
21,21.192,0.117,31.420,39.220800
23,23.196,1.130,22.610,39.221600
17,17.168,1.500,27.400,39.246400
19,19.172,2.513,29.590,39.247200
21,21.176,0.026,31.780,39.248000
23,23.180,1.039,21.150,39.248800
17,17.184,1.552,26.340,39.249600
19,19.188,2.565,28.530,39.250400
21,21.192,0.078,30.720,39.251200
23,23.196,1.091,21.910,39.252000
17,17.168,1.604,26.700,39.276800
19,19.172,2.617,28.890,39.277600
21,21.176,0.130,31.080,39.278400
23,23.180,1.000,22.270,39.279200
17,17.184,1.513,27.460,39.280000
19,19.188,2.526,29.650,39.280800
21,21.192,0.039,31.840,39.281600
23,23.196,1.052,23.030,39.282400
17,17.168,1.565,26.000,39.307200
19,19.172,2.578,28.190,39.308000
21,21.176,0.091,30.380,39.308800
23,23.180,1.104,21.570,39.309600
17,17.184,1.617,26.760,39.310400
19,19.188,2.630,28.950,39.311200
21,21.192,0.000,31.140,39.312000
23,23.196,1.013,22.330,39.312800
17,17.168,1.526,27.120,39.337600
19,19.172,2.539,29.310,39.338400
21,21.176,0.052,31.500,39.339200
23,23.180,1.065,22.690,39.340000
17,17.184,1.578,27.880,39.340800
19,19.188,2.591,28.250,39.341600
21,21.192,0.104,30.440,39.342400
23,23.196,1.117,21.630,39.343200
17,17.168,1.630,26.420,39.368000
19,19.172,2.500,28.610,39.368800
21,21.176,0.013,30.800,39.369600
23,23.180,1.026,21.990,39.370400
17,17.184,1.539,27.180,39.371200
19,19.188,2.552,29.370,39.372000
21,21.192,0.065,31.560,39.372800
23,23.196,1.078,22.750,39.373600
1,1.000,0.500,21.000,39.398400
3,3.004,1.513,23.190,39.399200
5,5.008,2.526,25.380,39.400000
7,7.012,0.039,27.570,39.400800
1,1.016,0.552,21.760,39.401600
3,3.020,1.565,23.950,39.402400
5,5.024,2.578,26.140,39.403200
7,7.028,0.091,28.330,39.404000
1,1.000,0.604,22.120,39.428800
3,3.004,1.617,24.310,39.429600
5,5.008,2.630,26.500,39.430400
7,7.012,0.000,28.690,39.431200
1,1.016,0.513,22.880,39.432000
3,3.020,1.526,23.250,39.432800
5,5.024,2.539,25.440,39.433600
7,7.028,0.052,27.630,39.434400
1,1.000,0.565,21.420,39.459200
3,3.004,1.578,23.610,39.460000
5,5.008,2.591,25.800,39.460800
7,7.012,0.104,27.990,39.461600
1,1.016,0.617,22.180,39.462400
3,3.020,1.630,24.370,39.463200
5,5.024,2.500,26.560,39.464000
7,7.028,0.013,28.750,39.464800
1,1.000,0.526,22.540,39.489600
3,3.004,1.539,24.730,39.490400
5,5.008,2.552,25.100,39.491200
7,7.012,0.065,27.290,39.492000
1,1.016,0.578,21.480,39.492800
3,3.020,1.591,23.670,39.493600
5,5.024,2.604,25.860,39.494400
7,7.028,0.117,28.050,39.495200
1,1.000,0.630,21.840,39.520000
3,3.004,1.500,24.030,39.520800
5,5.008,2.513,26.220,39.521600
7,7.012,0.026,28.410,39.522400
1,1.016,0.539,22.600,39.523200
3,3.020,1.552,24.790,39.524000
5,5.024,2.565,26.980,39.524800
7,7.028,0.078,27.350,39.525600
1,1.000,0.591,21.140,39.550400
3,3.004,1.604,23.330,39.551200
5,5.008,2.617,25.520,39.552000
7,7.012,0.130,27.710,39.552800
1,1.016,0.500,21.900,39.553600
3,3.020,1.513,24.090,39.554400
5,5.024,2.526,26.280,39.555200
7,7.028,0.039,28.470,39.556000
1,1.000,0.552,22.260,39.580800
3,3.004,1.565,24.450,39.581600
5,5.008,2.578,26.640,39.582400
7,7.012,0.091,28.830,39.583200
1,1.016,0.604,21.200,39.584000
3,3.020,1.617,23.390,39.584800
5,5.024,2.630,25.580,39.585600
7,7.028,0.000,27.770,39.586400
1,1.000,0.513,21.560,39.611200
3,3.004,1.526,23.750,39.612000
5,5.008,2.539,25.940,39.612800
7,7.012,0.052,28.130,39.613600
1,1.016,0.565,22.320,39.614400
3,3.020,1.578,24.510,39.615200
5,5.024,2.591,26.700,39.616000
7,7.028,0.104,28.890,39.616800
1,1.000,0.617,22.680,39.641600
3,3.004,1.630,23.050,39.642400
5,5.008,2.500,25.240,39.643200
7,7.012,0.013,27.430,39.644000
1,1.016,0.526,21.620,39.644800
3,3.020,1.539,23.810,39.645600
5,5.024,2.552,26.000,39.646400
7,7.028,0.065,28.190,39.647200
1,1.000,0.578,21.980,39.672000
3,3.004,1.591,24.170,39.672800
5,5.008,2.604,26.360,39.673600
7,7.012,0.117,28.550,39.674400
1,1.016,0.630,22.740,39.675200
3,3.020,1.500,24.930,39.676000
5,5.024,2.513,25.300,39.676800
7,7.028,0.026,27.490,39.677600
1,1.000,0.539,21.280,39.702400
3,3.004,1.552,23.470,39.703200
5,5.008,2.565,25.660,39.704000
7,7.012,0.078,27.850,39.704800
1,1.016,0.591,22.040,39.705600
3,3.020,1.604,24.230,39.706400
5,5.024,2.617,26.420,39.707200
7,7.028,0.130,28.610,39.708000
1,1.000,0.500,22.400,39.732800
3,3.004,1.513,24.590,39.733600
5,5.008,2.526,26.780,39.734400
7,7.012,0.039,27.150,39.735200
1,1.016,0.552,21.340,39.736000
3,3.020,1.565,23.530,39.736800
5,5.024,2.578,25.720,39.737600
7,7.028,0.091,27.910,39.738400
1,1.000,0.604,21.700,39.763200
3,3.004,1.617,23.890,39.764000
5,5.008,2.630,26.080,39.764800
7,7.012,0.000,28.270,39.765600
1,1.016,0.513,22.460,39.766400
3,3.020,1.526,24.650,39.767200
5,5.024,2.539,26.840,39.768000
7,7.028,0.052,29.030,39.768800
1,1.000,0.565,21.000,39.793600
3,3.004,1.578,23.190,39.794400
5,5.008,2.591,25.380,39.795200
7,7.012,0.104,27.570,39.796000
1,1.016,0.617,21.760,39.796800
3,3.020,1.630,23.950,39.797600
5,5.024,2.500,26.140,39.798400
7,7.028,0.013,28.330,39.799200
1,1.000,0.526,22.120,39.824000
3,3.004,1.539,24.310,39.824800
5,5.008,2.552,26.500,39.825600
7,7.012,0.065,28.690,39.826400
1,1.016,0.578,22.880,39.827200
3,3.020,1.591,23.250,39.828000
5,5.024,2.604,25.440,39.828800
7,7.028,0.117,27.630,39.829600
1,1.000,0.630,21.420,39.854400
3,3.004,1.500,23.610,39.855200
5,5.008,2.513,25.800,39.856000
7,7.012,0.026,27.990,39.856800
1,1.016,0.539,22.180,39.857600
3,3.020,1.552,24.370,39.858400
5,5.024,2.565,26.560,39.859200
7,7.028,0.078,28.750,39.860000
9,9.021,1.000,29.000,39.884800
11,11.025,2.013,20.190,39.885600
13,13.029,3.026,22.380,39.886400
15,15.033,0.539,24.570,39.887200
9,9.037,1.052,29.760,39.888000
11,11.041,2.065,20.950,39.888800
13,13.045,3.078,23.140,39.889600
15,15.049,0.591,25.330,39.890400
9,9.021,1.104,30.120,39.915200
11,11.025,2.117,21.310,39.916000
13,13.029,3.130,23.500,39.916800
15,15.033,0.500,25.690,39.917600
9,9.037,1.013,30.880,39.918400
11,11.041,2.026,20.250,39.919200
13,13.045,3.039,22.440,39.920000
15,15.049,0.552,24.630,39.920800
9,9.021,1.065,29.420,39.945600
11,11.025,2.078,20.610,39.946400
13,13.029,3.091,22.800,39.947200
15,15.033,0.604,24.990,39.948000
9,9.037,1.117,30.180,39.948800
11,11.041,2.130,21.370,39.949600
13,13.045,3.000,23.560,39.950400
15,15.049,0.513,25.750,39.951200
9,9.021,1.026,30.540,39.976000
11,11.025,2.039,21.730,39.976800
13,13.029,3.052,22.100,39.977600
15,15.033,0.565,24.290,39.978400
9,9.037,1.078,29.480,39.979200
11,11.041,2.091,20.670,39.980000
13,13.045,3.104,22.860,39.980800
15,15.049,0.617,25.050,39.981600
9,9.021,1.130,29.840,40.006400
11,11.025,2.000,21.030,40.007200
13,13.029,3.013,23.220,40.008000
15,15.033,0.526,25.410,40.008800
9,9.037,1.039,30.600,40.009600
11,11.041,2.052,21.790,40.010400
13,13.045,3.065,23.980,40.011200
15,15.049,0.578,24.350,40.012000
9,9.021,1.091,29.140,40.036800
11,11.025,2.104,20.330,40.037600
13,13.029,3.117,22.520,40.038400
15,15.033,0.630,24.710,40.039200
9,9.037,1.000,29.900,40.040000
11,11.041,2.013,21.090,40.040800
13,13.045,3.026,23.280,40.041600
15,15.049,0.539,25.470,40.042400
9,9.021,1.052,30.260,40.067200
11,11.025,2.065,21.450,40.068000
13,13.029,3.078,23.640,40.068800
15,15.033,0.591,25.830,40.069600
9,9.037,1.104,29.200,40.070400
11,11.041,2.117,20.390,40.071200
13,13.045,3.130,22.580,40.072000
15,15.049,0.500,24.770,40.072800
9,9.021,1.013,29.560,40.097600
11,11.025,2.026,20.750,40.098400
13,13.029,3.039,22.940,40.099200
15,15.033,0.552,25.130,40.100000
9,9.037,1.065,30.320,40.100800
11,11.041,2.078,21.510,40.101600
13,13.045,3.091,23.700,40.102400
15,15.049,0.604,25.890,40.103200
9,9.021,1.117,30.680,40.128000
11,11.025,2.130,20.050,40.128800
13,13.029,3.000,22.240,40.129600
15,15.033,0.513,24.430,40.130400
9,9.037,1.026,29.620,40.131200
11,11.041,2.039,20.810,40.132000
13,13.045,3.052,23.000,40.132800
15,15.049,0.565,25.190,40.133600
9,9.021,1.078,29.980,40.158400
11,11.025,2.091,21.170,40.159200
13,13.029,3.104,23.360,40.160000
15,15.033,0.617,25.550,40.160800
9,9.037,1.130,30.740,40.161600
11,11.041,2.000,21.930,40.162400
13,13.045,3.013,22.300,40.163200
15,15.049,0.526,24.490,40.164000
9,9.021,1.039,29.280,40.188800
11,11.025,2.052,20.470,40.189600
13,13.029,3.065,22.660,40.190400
15,15.033,0.578,24.850,40.191200
9,9.037,1.091,30.040,40.192000
11,11.041,2.104,21.230,40.192800
13,13.045,3.117,23.420,40.193600
15,15.049,0.630,25.610,40.194400
9,9.021,1.000,30.400,40.219200
11,11.025,2.013,21.590,40.220000
13,13.029,3.026,23.780,40.220800
15,15.033,0.539,24.150,40.221600
9,9.037,1.052,29.340,40.222400
11,11.041,2.065,20.530,40.223200
13,13.045,3.078,22.720,40.224000
15,15.049,0.591,24.910,40.224800
9,9.021,1.104,29.700,40.249600
11,11.025,2.117,20.890,40.250400
13,13.029,3.130,23.080,40.251200
15,15.033,0.500,25.270,40.252000
9,9.037,1.013,30.460,40.252800
11,11.041,2.026,21.650,40.253600
13,13.045,3.039,23.840,40.254400
15,15.049,0.552,26.030,40.255200
9,9.021,1.065,29.000,40.280000
11,11.025,2.078,20.190,40.280800
13,13.029,3.091,22.380,40.281600
15,15.033,0.604,24.570,40.282400
9,9.037,1.117,29.760,40.283200
11,11.041,2.130,20.950,40.284000
13,13.045,3.000,23.140,40.284800
15,15.049,0.513,25.330,40.285600
9,9.021,1.026,30.120,40.310400
11,11.025,2.039,21.310,40.311200
13,13.029,3.052,23.500,40.312000
15,15.033,0.565,25.690,40.312800
9,9.037,1.078,30.880,40.313600
11,11.041,2.091,20.250,40.314400
13,13.045,3.104,22.440,40.315200
15,15.049,0.617,24.630,40.316000
9,9.021,1.130,29.420,40.340800
11,11.025,2.000,20.610,40.341600
13,13.029,3.013,22.800,40.342400
15,15.033,0.526,24.990,40.343200
9,9.037,1.039,30.180,40.344000
11,11.041,2.052,21.370,40.344800
13,13.045,3.065,23.560,40.345600
15,15.049,0.578,25.750,40.346400
17,17.042,1.500,26.000,40.371200
19,19.046,2.513,28.190,40.372000
21,21.050,0.026,30.380,40.372800
23,23.054,1.039,21.570,40.373600
17,17.058,1.552,26.760,40.374400
19,19.062,2.565,28.950,40.375200
21,21.066,0.078,31.140,40.376000
23,23.070,1.091,22.330,40.376800
17,17.042,1.604,27.120,40.401600
19,19.046,2.617,29.310,40.402400
21,21.050,0.130,31.500,40.403200
23,23.054,1.000,22.690,40.404000
17,17.058,1.513,27.880,40.404800
19,19.062,2.526,28.250,40.405600
21,21.066,0.039,30.440,40.406400
23,23.070,1.052,21.630,40.407200
17,17.042,1.565,26.420,40.432000
19,19.046,2.578,28.610,40.432800
21,21.050,0.091,30.800,40.433600
23,23.054,1.104,21.990,40.434400
17,17.058,1.617,27.180,40.435200
19,19.062,2.630,29.370,40.436000
21,21.066,0.000,31.560,40.436800
23,23.070,1.013,22.750,40.437600
17,17.042,1.526,27.540,40.462400
19,19.046,2.539,29.730,40.463200
21,21.050,0.052,30.100,40.464000
23,23.054,1.065,21.290,40.464800
17,17.058,1.578,26.480,40.465600
19,19.062,2.591,28.670,40.466400
21,21.066,0.104,30.860,40.467200
23,23.070,1.117,22.050,40.468000
17,17.042,1.630,26.840,40.492800
19,19.046,2.500,29.030,40.493600
21,21.050,0.013,31.220,40.494400
23,23.054,1.026,22.410,40.495200
17,17.058,1.539,27.600,40.496000
19,19.062,2.552,29.790,40.496800
21,21.066,0.065,31.980,40.497600
23,23.070,1.078,21.350,40.498400
17,17.042,1.591,26.140,40.523200
19,19.046,2.604,28.330,40.524000
21,21.050,0.117,30.520,40.524800
23,23.054,1.130,21.710,40.525600
17,17.058,1.500,26.900,40.526400
19,19.062,2.513,29.090,40.527200
21,21.066,0.026,31.280,40.528000
23,23.070,1.039,22.470,40.528800
17,17.042,1.552,27.260,40.553600
19,19.046,2.565,29.450,40.554400
21,21.050,0.078,31.640,40.555200
23,23.054,1.091,22.830,40.556000
17,17.058,1.604,26.200,40.556800
19,19.062,2.617,28.390,40.557600
21,21.066,0.130,30.580,40.558400
23,23.070,1.000,21.770,40.559200
17,17.042,1.513,26.560,40.584000
19,19.046,2.526,28.750,40.584800
21,21.050,0.039,30.940,40.585600
23,23.054,1.052,22.130,40.586400
17,17.058,1.565,27.320,40.587200
19,19.062,2.578,29.510,40.588000
21,21.066,0.091,31.700,40.588800
23,23.070,1.104,22.890,40.589600
17,17.042,1.617,27.680,40.614400
19,19.046,2.630,28.050,40.615200
21,21.050,0.000,30.240,40.616000
23,23.054,1.013,21.430,40.616800
17,17.058,1.526,26.620,40.617600
19,19.062,2.539,28.810,40.618400
21,21.066,0.052,31.000,40.619200
23,23.070,1.065,22.190,40.620000
17,17.042,1.578,26.980,40.644800
19,19.046,2.591,29.170,40.645600
21,21.050,0.104,31.360,40.646400
23,23.054,1.117,22.550,40.647200
17,17.058,1.630,27.740,40.648000
19,19.062,2.500,29.930,40.648800
21,21.066,0.013,30.300,40.649600
23,23.070,1.026,21.490,40.650400
17,17.042,1.539,26.280,40.675200
19,19.046,2.552,28.470,40.676000
21,21.050,0.065,30.660,40.676800
23,23.054,1.078,21.850,40.677600
17,17.058,1.591,27.040,40.678400
19,19.062,2.604,29.230,40.679200
21,21.066,0.117,31.420,40.680000
23,23.070,1.130,22.610,40.680800
17,17.042,1.500,27.400,40.705600
19,19.046,2.513,29.590,40.706400
21,21.050,0.026,31.780,40.707200
23,23.054,1.039,21.150,40.708000
17,17.058,1.552,26.340,40.708800
19,19.062,2.565,28.530,40.709600
21,21.066,0.078,30.720,40.710400
23,23.070,1.091,21.910,40.711200
17,17.042,1.604,26.700,40.736000
19,19.046,2.617,28.890,40.736800
21,21.050,0.130,31.080,40.737600
23,23.054,1.000,22.270,40.738400
17,17.058,1.513,27.460,40.739200
19,19.062,2.526,29.650,40.740000
21,21.066,0.039,31.840,40.740800
23,23.070,1.052,23.030,40.741600
17,17.042,1.565,26.000,40.766400
19,19.046,2.578,28.190,40.767200
21,21.050,0.091,30.380,40.768000
23,23.054,1.104,21.570,40.768800
17,17.058,1.617,26.760,40.769600
19,19.062,2.630,28.950,40.770400
21,21.066,0.000,31.140,40.771200
23,23.070,1.013,22.330,40.772000
17,17.042,1.526,27.120,40.796800
19,19.046,2.539,29.310,40.797600
21,21.050,0.052,31.500,40.798400
23,23.054,1.065,22.690,40.799200
17,17.058,1.578,27.880,40.800000
19,19.062,2.591,28.250,40.800800
21,21.066,0.104,30.440,40.801600
23,23.070,1.117,21.630,40.802400
17,17.042,1.630,26.420,40.827200
19,19.046,2.500,28.610,40.828000
21,21.050,0.013,30.800,40.828800
23,23.054,1.026,21.990,40.829600
17,17.058,1.539,27.180,40.830400
19,19.062,2.552,29.370,40.831200
21,21.066,0.065,31.560,40.832000
23,23.070,1.078,22.750,40.832800
1,1.063,0.500,21.000,40.857600
3,3.067,1.513,23.190,40.858400
5,5.071,2.526,25.380,40.859200
7,7.075,0.039,27.570,40.860000
1,1.079,0.552,21.760,40.860800
3,3.083,1.565,23.950,40.861600
5,5.087,2.578,26.140,40.862400
7,7.091,0.091,28.330,40.863200
1,1.063,0.604,22.120,40.888000
3,3.067,1.617,24.310,40.888800
5,5.071,2.630,26.500,40.889600
7,7.075,0.000,28.690,40.890400
1,1.079,0.513,22.880,40.891200
3,3.083,1.526,23.250,40.892000
5,5.087,2.539,25.440,40.892800
7,7.091,0.052,27.630,40.893600
1,1.063,0.565,21.420,40.918400
3,3.067,1.578,23.610,40.919200
5,5.071,2.591,25.800,40.920000
7,7.075,0.104,27.990,40.920800
1,1.079,0.617,22.180,40.921600
3,3.083,1.630,24.370,40.922400
5,5.087,2.500,26.560,40.923200
7,7.091,0.013,28.750,40.924000
1,1.063,0.526,22.540,40.948800
3,3.067,1.539,24.730,40.949600
5,5.071,2.552,25.100,40.950400
7,7.075,0.065,27.290,40.951200
1,1.079,0.578,21.480,40.952000
3,3.083,1.591,23.670,40.952800
5,5.087,2.604,25.860,40.953600
7,7.091,0.117,28.050,40.954400
1,1.063,0.630,21.840,40.979200
3,3.067,1.500,24.030,40.980000
5,5.071,2.513,26.220,40.980800
7,7.075,0.026,28.410,40.981600
1,1.079,0.539,22.600,40.982400
3,3.083,1.552,24.790,40.983200
5,5.087,2.565,26.980,40.984000
7,7.091,0.078,27.350,40.984800
1,1.063,0.591,21.140,41.009600
3,3.067,1.604,23.330,41.010400
5,5.071,2.617,25.520,41.011200
7,7.075,0.130,27.710,41.012000
1,1.079,0.500,21.900,41.012800
3,3.083,1.513,24.090,41.013600
5,5.087,2.526,26.280,41.014400
7,7.091,0.039,28.470,41.015200
1,1.063,0.552,22.260,41.040000
3,3.067,1.565,24.450,41.040800
5,5.071,2.578,26.640,41.041600
7,7.075,0.091,28.830,41.042400
1,1.079,0.604,21.200,41.043200
3,3.083,1.617,23.390,41.044000
5,5.087,2.630,25.580,41.044800
7,7.091,0.000,27.770,41.045600
1,1.063,0.513,21.560,41.070400
3,3.067,1.526,23.750,41.071200
5,5.071,2.539,25.940,41.072000
7,7.075,0.052,28.130,41.072800
1,1.079,0.565,22.320,41.073600
3,3.083,1.578,24.510,41.074400
5,5.087,2.591,26.700,41.075200
7,7.091,0.104,28.890,41.076000
1,1.063,0.617,22.680,41.100800
3,3.067,1.630,23.050,41.101600
5,5.071,2.500,25.240,41.102400
7,7.075,0.013,27.430,41.103200
1,1.079,0.526,21.620,41.104000
3,3.083,1.539,23.810,41.104800
5,5.087,2.552,26.000,41.105600
7,7.091,0.065,28.190,41.106400
1,1.063,0.578,21.980,41.131200
3,3.067,1.591,24.170,41.132000
5,5.071,2.604,26.360,41.132800
7,7.075,0.117,28.550,41.133600
1,1.079,0.630,22.740,41.134400
3,3.083,1.500,24.930,41.135200
5,5.087,2.513,25.300,41.136000
7,7.091,0.026,27.490,41.136800
1,1.063,0.539,21.280,41.161600
3,3.067,1.552,23.470,41.162400
5,5.071,2.565,25.660,41.163200
7,7.075,0.078,27.850,41.164000
1,1.079,0.591,22.040,41.164800
3,3.083,1.604,24.230,41.165600
5,5.087,2.617,26.420,41.166400
7,7.091,0.130,28.610,41.167200
1,1.063,0.500,22.400,41.192000
3,3.067,1.513,24.590,41.192800
5,5.071,2.526,26.780,41.193600
7,7.075,0.039,27.150,41.194400
1,1.079,0.552,21.340,41.195200
3,3.083,1.565,23.530,41.196000
5,5.087,2.578,25.720,41.196800
7,7.091,0.091,27.910,41.197600
1,1.063,0.604,21.700,41.222400
3,3.067,1.617,23.890,41.223200
5,5.071,2.630,26.080,41.224000
7,7.075,0.000,28.270,41.224800
1,1.079,0.513,22.460,41.225600
3,3.083,1.526,24.650,41.226400
5,5.087,2.539,26.840,41.227200
7,7.091,0.052,29.030,41.228000
1,1.063,0.565,21.000,41.252800
3,3.067,1.578,23.190,41.253600
5,5.071,2.591,25.380,41.254400
7,7.075,0.104,27.570,41.255200
1,1.079,0.617,21.760,41.256000
3,3.083,1.630,23.950,41.256800
5,5.087,2.500,26.140,41.257600
7,7.091,0.013,28.330,41.258400
1,1.063,0.526,22.120,41.283200
3,3.067,1.539,24.310,41.284000
5,5.071,2.552,26.500,41.284800
7,7.075,0.065,28.690,41.285600
1,1.079,0.578,22.880,41.286400
3,3.083,1.591,23.250,41.287200
5,5.087,2.604,25.440,41.288000
7,7.091,0.117,27.630,41.288800
1,1.063,0.630,21.420,41.313600
3,3.067,1.500,23.610,41.314400
5,5.071,2.513,25.800,41.315200
7,7.075,0.026,27.990,41.316000
1,1.079,0.539,22.180,41.316800
3,3.083,1.552,24.370,41.317600
5,5.087,2.565,26.560,41.318400
7,7.091,0.078,28.750,41.319200
9,9.084,1.000,29.000,41.344000
11,11.088,2.013,20.190,41.344800
13,13.092,3.026,22.380,41.345600
15,15.096,0.539,24.570,41.346400
9,9.100,1.052,29.760,41.347200
11,11.104,2.065,20.950,41.348000
13,13.108,3.078,23.140,41.348800
15,15.112,0.591,25.330,41.349600
9,9.084,1.104,30.120,41.374400
11,11.088,2.117,21.310,41.375200
13,13.092,3.130,23.500,41.376000
15,15.096,0.500,25.690,41.376800
9,9.100,1.013,30.880,41.377600
11,11.104,2.026,20.250,41.378400
13,13.108,3.039,22.440,41.379200
15,15.112,0.552,24.630,41.380000
9,9.084,1.065,29.420,41.404800
11,11.088,2.078,20.610,41.405600
13,13.092,3.091,22.800,41.406400
15,15.096,0.604,24.990,41.407200
9,9.100,1.117,30.180,41.408000
11,11.104,2.130,21.370,41.408800
13,13.108,3.000,23.560,41.409600
15,15.112,0.513,25.750,41.410400
9,9.084,1.026,30.540,41.435200
11,11.088,2.039,21.730,41.436000
13,13.092,3.052,22.100,41.436800
15,15.096,0.565,24.290,41.437600
9,9.100,1.078,29.480,41.438400
11,11.104,2.091,20.670,41.439200
13,13.108,3.104,22.860,41.440000
15,15.112,0.617,25.050,41.440800
9,9.084,1.130,29.840,41.465600
11,11.088,2.000,21.030,41.466400
13,13.092,3.013,23.220,41.467200
15,15.096,0.526,25.410,41.468000
9,9.100,1.039,30.600,41.468800
11,11.104,2.052,21.790,41.469600
13,13.108,3.065,23.980,41.470400
15,15.112,0.578,24.350,41.471200
9,9.084,1.091,29.140,41.496000
11,11.088,2.104,20.330,41.496800
13,13.092,3.117,22.520,41.497600
15,15.096,0.630,24.710,41.498400
9,9.100,1.000,29.900,41.499200
11,11.104,2.013,21.090,41.500000
13,13.108,3.026,23.280,41.500800
15,15.112,0.539,25.470,41.501600
9,9.084,1.052,30.260,41.526400
11,11.088,2.065,21.450,41.527200
13,13.092,3.078,23.640,41.528000
15,15.096,0.591,25.830,41.528800
9,9.100,1.104,29.200,41.529600
11,11.104,2.117,20.390,41.530400
13,13.108,3.130,22.580,41.531200
15,15.112,0.500,24.770,41.532000
9,9.084,1.013,29.560,41.556800
11,11.088,2.026,20.750,41.557600
13,13.092,3.039,22.940,41.558400
15,15.096,0.552,25.130,41.559200
9,9.100,1.065,30.320,41.560000
11,11.104,2.078,21.510,41.560800
13,13.108,3.091,23.700,41.561600
15,15.112,0.604,25.890,41.562400
9,9.084,1.117,30.680,41.587200
11,11.088,2.130,20.050,41.588000
13,13.092,3.000,22.240,41.588800
15,15.096,0.513,24.430,41.589600
9,9.100,1.026,29.620,41.590400
11,11.104,2.039,20.810,41.591200
13,13.108,3.052,23.000,41.592000
15,15.112,0.565,25.190,41.592800
9,9.084,1.078,29.980,41.617600
11,11.088,2.091,21.170,41.618400
13,13.092,3.104,23.360,41.619200
15,15.096,0.617,25.550,41.620000
9,9.100,1.130,30.740,41.620800
11,11.104,2.000,21.930,41.621600
13,13.108,3.013,22.300,41.622400
15,15.112,0.526,24.490,41.623200
9,9.084,1.039,29.280,41.648000
11,11.088,2.052,20.470,41.648800
13,13.092,3.065,22.660,41.649600
15,15.096,0.578,24.850,41.650400
9,9.100,1.091,30.040,41.651200
11,11.104,2.104,21.230,41.652000
13,13.108,3.117,23.420,41.652800
15,15.112,0.630,25.610,41.653600
9,9.084,1.000,30.400,41.678400
11,11.088,2.013,21.590,41.679200
13,13.092,3.026,23.780,41.680000
15,15.096,0.539,24.150,41.680800
9,9.100,1.052,29.340,41.681600
11,11.104,2.065,20.530,41.682400
13,13.108,3.078,22.720,41.683200
15,15.112,0.591,24.910,41.684000
9,9.084,1.104,29.700,41.708800
11,11.088,2.117,20.890,41.709600
13,13.092,3.130,23.080,41.710400
15,15.096,0.500,25.270,41.711200
9,9.100,1.013,30.460,41.712000
11,11.104,2.026,21.650,41.712800
13,13.108,3.039,23.840,41.713600
15,15.112,0.552,26.030,41.714400
9,9.084,1.065,29.000,41.739200
11,11.088,2.078,20.190,41.740000
13,13.092,3.091,22.380,41.740800
15,15.096,0.604,24.570,41.741600
9,9.100,1.117,29.760,41.742400
11,11.104,2.130,20.950,41.743200
13,13.108,3.000,23.140,41.744000
15,15.112,0.513,25.330,41.744800
9,9.084,1.026,30.120,41.769600
11,11.088,2.039,21.310,41.770400
13,13.092,3.052,23.500,41.771200
15,15.096,0.565,25.690,41.772000
9,9.100,1.078,30.880,41.772800
11,11.104,2.091,20.250,41.773600
13,13.108,3.104,22.440,41.774400
15,15.112,0.617,24.630,41.775200
9,9.084,1.130,29.420,41.800000
11,11.088,2.000,20.610,41.800800
13,13.092,3.013,22.800,41.801600
15,15.096,0.526,24.990,41.802400
9,9.100,1.039,30.180,41.803200
11,11.104,2.052,21.370,41.804000
13,13.108,3.065,23.560,41.804800
15,15.112,0.578,25.750,41.805600
17,17.105,1.500,26.000,41.830400
19,19.109,2.513,28.190,41.831200
21,21.113,0.026,30.380,41.832000
23,23.117,1.039,21.570,41.832800
17,17.121,1.552,26.760,41.833600
19,19.125,2.565,28.950,41.834400
21,21.129,0.078,31.140,41.835200
23,23.133,1.091,22.330,41.836000
17,17.105,1.604,27.120,41.860800
19,19.109,2.617,29.310,41.861600
21,21.113,0.130,31.500,41.862400
23,23.117,1.000,22.690,41.863200
17,17.121,1.513,27.880,41.864000
19,19.125,2.526,28.250,41.864800
21,21.129,0.039,30.440,41.865600
23,23.133,1.052,21.630,41.866400
17,17.105,1.565,26.420,41.891200
19,19.109,2.578,28.610,41.892000
21,21.113,0.091,30.800,41.892800
23,23.117,1.104,21.990,41.893600
17,17.121,1.617,27.180,41.894400
19,19.125,2.630,29.370,41.895200
21,21.129,0.000,31.560,41.896000
23,23.133,1.013,22.750,41.896800
17,17.105,1.526,27.540,41.921600
19,19.109,2.539,29.730,41.922400
21,21.113,0.052,30.100,41.923200
23,23.117,1.065,21.290,41.924000
17,17.121,1.578,26.480,41.924800
19,19.125,2.591,28.670,41.925600
21,21.129,0.104,30.860,41.926400
23,23.133,1.117,22.050,41.927200
17,17.105,1.630,26.840,41.952000
19,19.109,2.500,29.030,41.952800
21,21.113,0.013,31.220,41.953600
23,23.117,1.026,22.410,41.954400
17,17.121,1.539,27.600,41.955200
19,19.125,2.552,29.790,41.956000
21,21.129,0.065,31.980,41.956800
23,23.133,1.078,21.350,41.957600
17,17.105,1.591,26.140,41.982400
19,19.109,2.604,28.330,41.983200
21,21.113,0.117,30.520,41.984000
23,23.117,1.130,21.710,41.984800
17,17.121,1.500,26.900,41.985600
19,19.125,2.513,29.090,41.986400
21,21.129,0.026,31.280,41.987200
23,23.133,1.039,22.470,41.988000
17,17.105,1.552,27.260,42.012800
19,19.109,2.565,29.450,42.013600
21,21.113,0.078,31.640,42.014400
23,23.117,1.091,22.830,42.015200
17,17.121,1.604,26.200,42.016000
19,19.125,2.617,28.390,42.016800
21,21.129,0.130,30.580,42.017600
23,23.133,1.000,21.770,42.018400
17,17.105,1.513,26.560,42.043200
19,19.109,2.526,28.750,42.044000
21,21.113,0.039,30.940,42.044800
23,23.117,1.052,22.130,42.045600
17,17.121,1.565,27.320,42.046400
19,19.125,2.578,29.510,42.047200
21,21.129,0.091,31.700,42.048000
23,23.133,1.104,22.890,42.048800
17,17.105,1.617,27.680,42.073600
19,19.109,2.630,28.050,42.074400
21,21.113,0.000,30.240,42.075200
23,23.117,1.013,21.430,42.076000
17,17.121,1.526,26.620,42.076800
19,19.125,2.539,28.810,42.077600
21,21.129,0.052,31.000,42.078400
23,23.133,1.065,22.190,42.079200
17,17.105,1.578,26.980,42.104000
19,19.109,2.591,29.170,42.104800
21,21.113,0.104,31.360,42.105600
23,23.117,1.117,22.550,42.106400
17,17.121,1.630,27.740,42.107200
19,19.125,2.500,29.930,42.108000
21,21.129,0.013,30.300,42.108800
23,23.133,1.026,21.490,42.109600
17,17.105,1.539,26.280,42.134400
19,19.109,2.552,28.470,42.135200
21,21.113,0.065,30.660,42.136000
23,23.117,1.078,21.850,42.136800
17,17.121,1.591,27.040,42.137600
19,19.125,2.604,29.230,42.138400
21,21.129,0.117,31.420,42.139200
23,23.133,1.130,22.610,42.140000
17,17.105,1.500,27.400,42.164800
19,19.109,2.513,29.590,42.165600
21,21.113,0.026,31.780,42.166400
23,23.117,1.039,21.150,42.167200
17,17.121,1.552,26.340,42.168000
19,19.125,2.565,28.530,42.168800
21,21.129,0.078,30.720,42.169600
23,23.133,1.091,21.910,42.170400
17,17.105,1.604,26.700,42.195200
19,19.109,2.617,28.890,42.196000
21,21.113,0.130,31.080,42.196800
23,23.117,1.000,22.270,42.197600
17,17.121,1.513,27.460,42.198400
19,19.125,2.526,29.650,42.199200
21,21.129,0.039,31.840,42.200000
23,23.133,1.052,23.030,42.200800
17,17.105,1.565,26.000,42.225600
19,19.109,2.578,28.190,42.226400
21,21.113,0.091,30.380,42.227200
23,23.117,1.104,21.570,42.228000
17,17.121,1.617,26.760,42.228800
19,19.125,2.630,28.950,42.229600
21,21.129,0.000,31.140,42.230400
23,23.133,1.013,22.330,42.231200
17,17.105,1.526,27.120,42.256000
19,19.109,2.539,29.310,42.256800
21,21.113,0.052,31.500,42.257600
23,23.117,1.065,22.690,42.258400
17,17.121,1.578,27.880,42.259200
19,19.125,2.591,28.250,42.260000
21,21.129,0.104,30.440,42.260800
23,23.133,1.117,21.630,42.261600
17,17.105,1.630,26.420,42.286400
19,19.109,2.500,28.610,42.287200
21,21.113,0.013,30.800,42.288000
23,23.117,1.026,21.990,42.288800
17,17.121,1.539,27.180,42.289600
19,19.125,2.552,29.370,42.290400
21,21.129,0.065,31.560,42.291200
23,23.133,1.078,22.750,42.292000
1,1.126,0.500,21.000,42.316800
3,3.130,1.513,23.190,42.317600
5,5.134,2.526,25.380,42.318400
7,7.138,0.039,27.570,42.319200
1,1.142,0.552,21.760,42.320000
3,3.146,1.565,23.950,42.320800
5,5.150,2.578,26.140,42.321600
7,7.154,0.091,28.330,42.322400
1,1.126,0.604,22.120,42.347200
3,3.130,1.617,24.310,42.348000
5,5.134,2.630,26.500,42.348800
7,7.138,0.000,28.690,42.349600
1,1.142,0.513,22.880,42.350400
3,3.146,1.526,23.250,42.351200
5,5.150,2.539,25.440,42.352000
7,7.154,0.052,27.630,42.352800
1,1.126,0.565,21.420,42.377600
3,3.130,1.578,23.610,42.378400
5,5.134,2.591,25.800,42.379200
7,7.138,0.104,27.990,42.380000
1,1.142,0.617,22.180,42.380800
3,3.146,1.630,24.370,42.381600
5,5.150,2.500,26.560,42.382400
7,7.154,0.013,28.750,42.383200
1,1.126,0.526,22.540,42.408000
3,3.130,1.539,24.730,42.408800
5,5.134,2.552,25.100,42.409600
7,7.138,0.065,27.290,42.410400
1,1.142,0.578,21.480,42.411200
3,3.146,1.591,23.670,42.412000
5,5.150,2.604,25.860,42.412800
7,7.154,0.117,28.050,42.413600
1,1.126,0.630,21.840,42.438400
3,3.130,1.500,24.030,42.439200
5,5.134,2.513,26.220,42.440000
7,7.138,0.026,28.410,42.440800
1,1.142,0.539,22.600,42.441600
3,3.146,1.552,24.790,42.442400
5,5.150,2.565,26.980,42.443200
7,7.154,0.078,27.350,42.444000
1,1.126,0.591,21.140,42.468800
3,3.130,1.604,23.330,42.469600
5,5.134,2.617,25.520,42.470400
7,7.138,0.130,27.710,42.471200
1,1.142,0.500,21.900,42.472000
3,3.146,1.513,24.090,42.472800
5,5.150,2.526,26.280,42.473600
7,7.154,0.039,28.470,42.474400
1,1.126,0.552,22.260,42.499200
3,3.130,1.565,24.450,42.500000
5,5.134,2.578,26.640,42.500800
7,7.138,0.091,28.830,42.501600
1,1.142,0.604,21.200,42.502400
3,3.146,1.617,23.390,42.503200
5,5.150,2.630,25.580,42.504000
7,7.154,0.000,27.770,42.504800
1,1.126,0.513,21.560,42.529600
3,3.130,1.526,23.750,42.530400
5,5.134,2.539,25.940,42.531200
7,7.138,0.052,28.130,42.532000
1,1.142,0.565,22.320,42.532800
3,3.146,1.578,24.510,42.533600
5,5.150,2.591,26.700,42.534400
7,7.154,0.104,28.890,42.535200
1,1.126,0.617,22.680,42.560000
3,3.130,1.630,23.050,42.560800
5,5.134,2.500,25.240,42.561600
7,7.138,0.013,27.430,42.562400
1,1.142,0.526,21.620,42.563200
3,3.146,1.539,23.810,42.564000
5,5.150,2.552,26.000,42.564800
7,7.154,0.065,28.190,42.565600
1,1.126,0.578,21.980,42.590400
3,3.130,1.591,24.170,42.591200
5,5.134,2.604,26.360,42.592000
7,7.138,0.117,28.550,42.592800
1,1.142,0.630,22.740,42.593600
3,3.146,1.500,24.930,42.594400
5,5.150,2.513,25.300,42.595200
7,7.154,0.026,27.490,42.596000
1,1.126,0.539,21.280,42.620800
3,3.130,1.552,23.470,42.621600
5,5.134,2.565,25.660,42.622400
7,7.138,0.078,27.850,42.623200
1,1.142,0.591,22.040,42.624000
3,3.146,1.604,24.230,42.624800
5,5.150,2.617,26.420,42.625600
7,7.154,0.130,28.610,42.626400
1,1.126,0.500,22.400,42.651200
3,3.130,1.513,24.590,42.652000
5,5.134,2.526,26.780,42.652800
7,7.138,0.039,27.150,42.653600
1,1.142,0.552,21.340,42.654400
3,3.146,1.565,23.530,42.655200
5,5.150,2.578,25.720,42.656000
7,7.154,0.091,27.910,42.656800
1,1.126,0.604,21.700,42.681600
3,3.130,1.617,23.890,42.682400
5,5.134,2.630,26.080,42.683200
7,7.138,0.000,28.270,42.684000
1,1.142,0.513,22.460,42.684800
3,3.146,1.526,24.650,42.685600
5,5.150,2.539,26.840,42.686400
7,7.154,0.052,29.030,42.687200
1,1.126,0.565,21.000,42.712000
3,3.130,1.578,23.190,42.712800
5,5.134,2.591,25.380,42.713600
7,7.138,0.104,27.570,42.714400
1,1.142,0.617,21.760,42.715200
3,3.146,1.630,23.950,42.716000
5,5.150,2.500,26.140,42.716800
7,7.154,0.013,28.330,42.717600
1,1.126,0.526,22.120,42.742400
3,3.130,1.539,24.310,42.743200
5,5.134,2.552,26.500,42.744000
7,7.138,0.065,28.690,42.744800
1,1.142,0.578,22.880,42.745600
3,3.146,1.591,23.250,42.746400
5,5.150,2.604,25.440,42.747200
7,7.154,0.117,27.630,42.748000
1,1.126,0.630,21.420,42.772800
3,3.130,1.500,23.610,42.773600
5,5.134,2.513,25.800,42.774400
7,7.138,0.026,27.990,42.775200
1,1.142,0.539,22.180,42.776000
3,3.146,1.552,24.370,42.776800
5,5.150,2.565,26.560,42.777600
7,7.154,0.078,28.750,42.778400
9,9.147,1.000,29.000,42.803200
11,11.151,2.013,20.190,42.804000
13,13.155,3.026,22.380,42.804800
15,15.159,0.539,24.570,42.805600
9,9.163,1.052,29.760,42.806400
11,11.167,2.065,20.950,42.807200
13,13.171,3.078,23.140,42.808000
15,15.175,0.591,25.330,42.808800
9,9.147,1.104,30.120,42.833600
11,11.151,2.117,21.310,42.834400
13,13.155,3.130,23.500,42.835200
15,15.159,0.500,25.690,42.836000
9,9.163,1.013,30.880,42.836800
11,11.167,2.026,20.250,42.837600
13,13.171,3.039,22.440,42.838400
15,15.175,0.552,24.630,42.839200
9,9.147,1.065,29.420,42.864000
11,11.151,2.078,20.610,42.864800
13,13.155,3.091,22.800,42.865600
15,15.159,0.604,24.990,42.866400
9,9.163,1.117,30.180,42.867200
11,11.167,2.130,21.370,42.868000
13,13.171,3.000,23.560,42.868800
15,15.175,0.513,25.750,42.869600
9,9.147,1.026,30.540,42.894400
11,11.151,2.039,21.730,42.895200
13,13.155,3.052,22.100,42.896000
15,15.159,0.565,24.290,42.896800
9,9.163,1.078,29.480,42.897600
11,11.167,2.091,20.670,42.898400
13,13.171,3.104,22.860,42.899200
15,15.175,0.617,25.050,42.900000
9,9.147,1.130,29.840,42.924800
11,11.151,2.000,21.030,42.925600
13,13.155,3.013,23.220,42.926400
15,15.159,0.526,25.410,42.927200
9,9.163,1.039,30.600,42.928000
11,11.167,2.052,21.790,42.928800
13,13.171,3.065,23.980,42.929600
15,15.175,0.578,24.350,42.930400
9,9.147,1.091,29.140,42.955200
11,11.151,2.104,20.330,42.956000
13,13.155,3.117,22.520,42.956800
15,15.159,0.630,24.710,42.957600
9,9.163,1.000,29.900,42.958400
11,11.167,2.013,21.090,42.959200
13,13.171,3.026,23.280,42.960000
15,15.175,0.539,25.470,42.960800
9,9.147,1.052,30.260,42.985600
11,11.151,2.065,21.450,42.986400
13,13.155,3.078,23.640,42.987200
15,15.159,0.591,25.830,42.988000
9,9.163,1.104,29.200,42.988800
11,11.167,2.117,20.390,42.989600
13,13.171,3.130,22.580,42.990400
15,15.175,0.500,24.770,42.991200
9,9.147,1.013,29.560,43.016000
11,11.151,2.026,20.750,43.016800
13,13.155,3.039,22.940,43.017600
15,15.159,0.552,25.130,43.018400
9,9.163,1.065,30.320,43.019200
11,11.167,2.078,21.510,43.020000
13,13.171,3.091,23.700,43.020800
15,15.175,0.604,25.890,43.021600
9,9.147,1.117,30.680,43.046400
11,11.151,2.130,20.050,43.047200
13,13.155,3.000,22.240,43.048000
15,15.159,0.513,24.430,43.048800
9,9.163,1.026,29.620,43.049600
11,11.167,2.039,20.810,43.050400
13,13.171,3.052,23.000,43.051200
15,15.175,0.565,25.190,43.052000
9,9.147,1.078,29.980,43.076800
11,11.151,2.091,21.170,43.077600
13,13.155,3.104,23.360,43.078400
15,15.159,0.617,25.550,43.079200
9,9.163,1.130,30.740,43.080000
11,11.167,2.000,21.930,43.080800
13,13.171,3.013,22.300,43.081600
15,15.175,0.526,24.490,43.082400
9,9.147,1.039,29.280,43.107200
11,11.151,2.052,20.470,43.108000
13,13.155,3.065,22.660,43.108800
15,15.159,0.578,24.850,43.109600
9,9.163,1.091,30.040,43.110400
11,11.167,2.104,21.230,43.111200
13,13.171,3.117,23.420,43.112000
15,15.175,0.630,25.610,43.112800
9,9.147,1.000,30.400,43.137600
11,11.151,2.013,21.590,43.138400
13,13.155,3.026,23.780,43.139200
15,15.159,0.539,24.150,43.140000
9,9.163,1.052,29.340,43.140800
11,11.167,2.065,20.530,43.141600
13,13.171,3.078,22.720,43.142400
15,15.175,0.591,24.910,43.143200
9,9.147,1.104,29.700,43.168000
11,11.151,2.117,20.890,43.168800
13,13.155,3.130,23.080,43.169600
15,15.159,0.500,25.270,43.170400
9,9.163,1.013,30.460,43.171200
11,11.167,2.026,21.650,43.172000
13,13.171,3.039,23.840,43.172800
15,15.175,0.552,26.030,43.173600
9,9.147,1.065,29.000,43.198400
11,11.151,2.078,20.190,43.199200
13,13.155,3.091,22.380,43.200000
15,15.159,0.604,24.570,43.200800
9,9.163,1.117,29.760,43.201600
11,11.167,2.130,20.950,43.202400
13,13.171,3.000,23.140,43.203200
15,15.175,0.513,25.330,43.204000
9,9.147,1.026,30.120,43.228800
11,11.151,2.039,21.310,43.229600
13,13.155,3.052,23.500,43.230400
15,15.159,0.565,25.690,43.231200
9,9.163,1.078,30.880,43.232000
11,11.167,2.091,20.250,43.232800
13,13.171,3.104,22.440,43.233600
15,15.175,0.617,24.630,43.234400
9,9.147,1.130,29.420,43.259200
11,11.151,2.000,20.610,43.260000
13,13.155,3.013,22.800,43.260800
15,15.159,0.526,24.990,43.261600
9,9.163,1.039,30.180,43.262400
11,11.167,2.052,21.370,43.263200
13,13.171,3.065,23.560,43.264000
15,15.175,0.578,25.750,43.264800
17,17.168,1.500,26.000,43.289600
19,19.172,2.513,28.190,43.290400
21,21.176,0.026,30.380,43.291200
23,23.180,1.039,21.570,43.292000
17,17.184,1.552,26.760,43.292800
19,19.188,2.565,28.950,43.293600
21,21.192,0.078,31.140,43.294400
23,23.196,1.091,22.330,43.295200
17,17.168,1.604,27.120,43.320000
19,19.172,2.617,29.310,43.320800
21,21.176,0.130,31.500,43.321600
23,23.180,1.000,22.690,43.322400
17,17.184,1.513,27.880,43.323200
19,19.188,2.526,28.250,43.324000
21,21.192,0.039,30.440,43.324800
23,23.196,1.052,21.630,43.325600
17,17.168,1.565,26.420,43.350400
19,19.172,2.578,28.610,43.351200
21,21.176,0.091,30.800,43.352000
23,23.180,1.104,21.990,43.352800
17,17.184,1.617,27.180,43.353600
19,19.188,2.630,29.370,43.354400
21,21.192,0.000,31.560,43.355200
23,23.196,1.013,22.750,43.356000
17,17.168,1.526,27.540,43.380800
19,19.172,2.539,29.730,43.381600
21,21.176,0.052,30.100,43.382400
23,23.180,1.065,21.290,43.383200
17,17.184,1.578,26.480,43.384000
19,19.188,2.591,28.670,43.384800
21,21.192,0.104,30.860,43.385600
23,23.196,1.117,22.050,43.386400
17,17.168,1.630,26.840,43.411200
19,19.172,2.500,29.030,43.412000
21,21.176,0.013,31.220,43.412800
23,23.180,1.026,22.410,43.413600
17,17.184,1.539,27.600,43.414400
19,19.188,2.552,29.790,43.415200
21,21.192,0.065,31.980,43.416000
23,23.196,1.078,21.350,43.416800
17,17.168,1.591,26.140,43.441600
19,19.172,2.604,28.330,43.442400
21,21.176,0.117,30.520,43.443200
23,23.180,1.130,21.710,43.444000
17,17.184,1.500,26.900,43.444800
19,19.188,2.513,29.090,43.445600
21,21.192,0.026,31.280,43.446400
23,23.196,1.039,22.470,43.447200
17,17.168,1.552,27.260,43.472000
19,19.172,2.565,29.450,43.472800
21,21.176,0.078,31.640,43.473600
23,23.180,1.091,22.830,43.474400
17,17.184,1.604,26.200,43.475200
19,19.188,2.617,28.390,43.476000
21,21.192,0.130,30.580,43.476800
23,23.196,1.000,21.770,43.477600
17,17.168,1.513,26.560,43.502400
19,19.172,2.526,28.750,43.503200
21,21.176,0.039,30.940,43.504000
23,23.180,1.052,22.130,43.504800
17,17.184,1.565,27.320,43.505600
19,19.188,2.578,29.510,43.506400
21,21.192,0.091,31.700,43.507200
23,23.196,1.104,22.890,43.508000
17,17.168,1.617,27.680,43.532800
19,19.172,2.630,28.050,43.533600
21,21.176,0.000,30.240,43.534400
23,23.180,1.013,21.430,43.535200
17,17.184,1.526,26.620,43.536000
19,19.188,2.539,28.810,43.536800
21,21.192,0.052,31.000,43.537600
23,23.196,1.065,22.190,43.538400
17,17.168,1.578,26.980,43.563200
19,19.172,2.591,29.170,43.564000
21,21.176,0.104,31.360,43.564800
23,23.180,1.117,22.550,43.565600
17,17.184,1.630,27.740,43.566400
19,19.188,2.500,29.930,43.567200
21,21.192,0.013,30.300,43.568000
23,23.196,1.026,21.490,43.568800
17,17.168,1.539,26.280,43.593600
19,19.172,2.552,28.470,43.594400
21,21.176,0.065,30.660,43.595200
23,23.180,1.078,21.850,43.596000
17,17.184,1.591,27.040,43.596800
19,19.188,2.604,29.230,43.597600
21,21.192,0.117,31.420,43.598400
23,23.196,1.130,22.610,43.599200
17,17.168,1.500,27.400,43.624000
19,19.172,2.513,29.590,43.624800
21,21.176,0.026,31.780,43.625600
23,23.180,1.039,21.150,43.626400
17,17.184,1.552,26.340,43.627200
19,19.188,2.565,28.530,43.628000
21,21.192,0.078,30.720,43.628800
23,23.196,1.091,21.910,43.629600
17,17.168,1.604,26.700,43.654400
19,19.172,2.617,28.890,43.655200
21,21.176,0.130,31.080,43.656000
23,23.180,1.000,22.270,43.656800
17,17.184,1.513,27.460,43.657600
19,19.188,2.526,29.650,43.658400
21,21.192,0.039,31.840,43.659200
23,23.196,1.052,23.030,43.660000
17,17.168,1.565,26.000,43.684800
19,19.172,2.578,28.190,43.685600
21,21.176,0.091,30.380,43.686400
23,23.180,1.104,21.570,43.687200
17,17.184,1.617,26.760,43.688000
19,19.188,2.630,28.950,43.688800
21,21.192,0.000,31.140,43.689600
23,23.196,1.013,22.330,43.690400
17,17.168,1.526,27.120,43.715200
19,19.172,2.539,29.310,43.716000
21,21.176,0.052,31.500,43.716800
23,23.180,1.065,22.690,43.717600
17,17.184,1.578,27.880,43.718400
19,19.188,2.591,28.250,43.719200
21,21.192,0.104,30.440,43.720000
23,23.196,1.117,21.630,43.720800
17,17.168,1.630,26.420,43.745600
19,19.172,2.500,28.610,43.746400
21,21.176,0.013,30.800,43.747200
23,23.180,1.026,21.990,43.748000
17,17.184,1.539,27.180,43.748800
19,19.188,2.552,29.370,43.749600
21,21.192,0.065,31.560,43.750400
23,23.196,1.078,22.750,43.751200
1,1.000,0.500,21.000,43.776000
3,3.004,1.513,23.190,43.776800
5,5.008,2.526,25.380,43.777600
7,7.012,0.039,27.570,43.778400
1,1.016,0.552,21.760,43.779200
3,3.020,1.565,23.950,43.780000
5,5.024,2.578,26.140,43.780800
7,7.028,0.091,28.330,43.781600
1,1.000,0.604,22.120,43.806400
3,3.004,1.617,24.310,43.807200
5,5.008,2.630,26.500,43.808000
7,7.012,0.000,28.690,43.808800
1,1.016,0.513,22.880,43.809600
3,3.020,1.526,23.250,43.810400
5,5.024,2.539,25.440,43.811200
7,7.028,0.052,27.630,43.812000
1,1.000,0.565,21.420,43.836800
3,3.004,1.578,23.610,43.837600
5,5.008,2.591,25.800,43.838400
7,7.012,0.104,27.990,43.839200
1,1.016,0.617,22.180,43.840000
3,3.020,1.630,24.370,43.840800
5,5.024,2.500,26.560,43.841600
7,7.028,0.013,28.750,43.842400
1,1.000,0.526,22.540,43.867200
3,3.004,1.539,24.730,43.868000
5,5.008,2.552,25.100,43.868800
7,7.012,0.065,27.290,43.869600
1,1.016,0.578,21.480,43.870400
3,3.020,1.591,23.670,43.871200
5,5.024,2.604,25.860,43.872000
7,7.028,0.117,28.050,43.872800
1,1.000,0.630,21.840,43.897600
3,3.004,1.500,24.030,43.898400
5,5.008,2.513,26.220,43.899200
7,7.012,0.026,28.410,43.900000
1,1.016,0.539,22.600,43.900800
3,3.020,1.552,24.790,43.901600
5,5.024,2.565,26.980,43.902400
7,7.028,0.078,27.350,43.903200
1,1.000,0.591,21.140,43.928000
3,3.004,1.604,23.330,43.928800
5,5.008,2.617,25.520,43.929600
7,7.012,0.130,27.710,43.930400
1,1.016,0.500,21.900,43.931200
3,3.020,1.513,24.090,43.932000
5,5.024,2.526,26.280,43.932800
7,7.028,0.039,28.470,43.933600
1,1.000,0.552,22.260,43.958400
3,3.004,1.565,24.450,43.959200
5,5.008,2.578,26.640,43.960000
7,7.012,0.091,28.830,43.960800
1,1.016,0.604,21.200,43.961600
3,3.020,1.617,23.390,43.962400
5,5.024,2.630,25.580,43.963200
7,7.028,0.000,27.770,43.964000
1,1.000,0.513,21.560,43.988800
3,3.004,1.526,23.750,43.989600
5,5.008,2.539,25.940,43.990400
7,7.012,0.052,28.130,43.991200
1,1.016,0.565,22.320,43.992000
3,3.020,1.578,24.510,43.992800
5,5.024,2.591,26.700,43.993600
7,7.028,0.104,28.890,43.994400
1,1.000,0.617,22.680,44.019200
3,3.004,1.630,23.050,44.020000
5,5.008,2.500,25.240,44.020800
7,7.012,0.013,27.430,44.021600
1,1.016,0.526,21.620,44.022400
3,3.020,1.539,23.810,44.023200
5,5.024,2.552,26.000,44.024000
7,7.028,0.065,28.190,44.024800
1,1.000,0.578,21.980,44.049600
3,3.004,1.591,24.170,44.050400
5,5.008,2.604,26.360,44.051200
7,7.012,0.117,28.550,44.052000
1,1.016,0.630,22.740,44.052800
3,3.020,1.500,24.930,44.053600
5,5.024,2.513,25.300,44.054400
7,7.028,0.026,27.490,44.055200
1,1.000,0.539,21.280,44.080000
3,3.004,1.552,23.470,44.080800
5,5.008,2.565,25.660,44.081600
7,7.012,0.078,27.850,44.082400
1,1.016,0.591,22.040,44.083200
3,3.020,1.604,24.230,44.084000
5,5.024,2.617,26.420,44.084800
7,7.028,0.130,28.610,44.085600
1,1.000,0.500,22.400,44.110400
3,3.004,1.513,24.590,44.111200
5,5.008,2.526,26.780,44.112000
7,7.012,0.039,27.150,44.112800
1,1.016,0.552,21.340,44.113600
3,3.020,1.565,23.530,44.114400
5,5.024,2.578,25.720,44.115200
7,7.028,0.091,27.910,44.116000
1,1.000,0.604,21.700,44.140800
3,3.004,1.617,23.890,44.141600
5,5.008,2.630,26.080,44.142400
7,7.012,0.000,28.270,44.143200
1,1.016,0.513,22.460,44.144000
3,3.020,1.526,24.650,44.144800
5,5.024,2.539,26.840,44.145600
7,7.028,0.052,29.030,44.146400
1,1.000,0.565,21.000,44.171200
3,3.004,1.578,23.190,44.172000
5,5.008,2.591,25.380,44.172800
7,7.012,0.104,27.570,44.173600
1,1.016,0.617,21.760,44.174400
3,3.020,1.630,23.950,44.175200
5,5.024,2.500,26.140,44.176000
7,7.028,0.013,28.330,44.176800
1,1.000,0.526,22.120,44.201600
3,3.004,1.539,24.310,44.202400
5,5.008,2.552,26.500,44.203200
7,7.012,0.065,28.690,44.204000
1,1.016,0.578,22.880,44.204800
3,3.020,1.591,23.250,44.205600
5,5.024,2.604,25.440,44.206400
7,7.028,0.117,27.630,44.207200
1,1.000,0.630,21.420,44.232000
3,3.004,1.500,23.610,44.232800
5,5.008,2.513,25.800,44.233600
7,7.012,0.026,27.990,44.234400
1,1.016,0.539,22.180,44.235200
3,3.020,1.552,24.370,44.236000
5,5.024,2.565,26.560,44.236800
7,7.028,0.078,28.750,44.237600
9,9.021,1.000,29.000,44.262400
11,11.025,2.013,20.190,44.263200
13,13.029,3.026,22.380,44.264000
15,15.033,0.539,24.570,44.264800
9,9.037,1.052,29.760,44.265600
11,11.041,2.065,20.950,44.266400
13,13.045,3.078,23.140,44.267200
15,15.049,0.591,25.330,44.268000
9,9.021,1.104,30.120,44.292800
11,11.025,2.117,21.310,44.293600
13,13.029,3.130,23.500,44.294400
15,15.033,0.500,25.690,44.295200
9,9.037,1.013,30.880,44.296000
11,11.041,2.026,20.250,44.296800
13,13.045,3.039,22.440,44.297600
15,15.049,0.552,24.630,44.298400
9,9.021,1.065,29.420,44.323200
11,11.025,2.078,20.610,44.324000
13,13.029,3.091,22.800,44.324800
15,15.033,0.604,24.990,44.325600
9,9.037,1.117,30.180,44.326400
11,11.041,2.130,21.370,44.327200
13,13.045,3.000,23.560,44.328000
15,15.049,0.513,25.750,44.328800
9,9.021,1.026,30.540,44.353600
11,11.025,2.039,21.730,44.354400
13,13.029,3.052,22.100,44.355200
15,15.033,0.565,24.290,44.356000
9,9.037,1.078,29.480,44.356800
11,11.041,2.091,20.670,44.357600
13,13.045,3.104,22.860,44.358400
15,15.049,0.617,25.050,44.359200
9,9.021,1.130,29.840,44.384000
11,11.025,2.000,21.030,44.384800
13,13.029,3.013,23.220,44.385600
15,15.033,0.526,25.410,44.386400
9,9.037,1.039,30.600,44.387200
11,11.041,2.052,21.790,44.388000
13,13.045,3.065,23.980,44.388800
15,15.049,0.578,24.350,44.389600
9,9.021,1.091,29.140,44.414400
11,11.025,2.104,20.330,44.415200
13,13.029,3.117,22.520,44.416000
15,15.033,0.630,24.710,44.416800
9,9.037,1.000,29.900,44.417600
11,11.041,2.013,21.090,44.418400
13,13.045,3.026,23.280,44.419200
15,15.049,0.539,25.470,44.420000
9,9.021,1.052,30.260,44.444800
11,11.025,2.065,21.450,44.445600
13,13.029,3.078,23.640,44.446400
15,15.033,0.591,25.830,44.447200
9,9.037,1.104,29.200,44.448000
11,11.041,2.117,20.390,44.448800
13,13.045,3.130,22.580,44.449600
15,15.049,0.500,24.770,44.450400
9,9.021,1.013,29.560,44.475200
11,11.025,2.026,20.750,44.476000
13,13.029,3.039,22.940,44.476800
15,15.033,0.552,25.130,44.477600
9,9.037,1.065,30.320,44.478400
11,11.041,2.078,21.510,44.479200
13,13.045,3.091,23.700,44.480000
15,15.049,0.604,25.890,44.480800
9,9.021,1.117,30.680,44.505600
11,11.025,2.130,20.050,44.506400
13,13.029,3.000,22.240,44.507200
15,15.033,0.513,24.430,44.508000
9,9.037,1.026,29.620,44.508800
11,11.041,2.039,20.810,44.509600
13,13.045,3.052,23.000,44.510400
15,15.049,0.565,25.190,44.511200
9,9.021,1.078,29.980,44.536000
11,11.025,2.091,21.170,44.536800
13,13.029,3.104,23.360,44.537600
15,15.033,0.617,25.550,44.538400
9,9.037,1.130,30.740,44.539200
11,11.041,2.000,21.930,44.540000
13,13.045,3.013,22.300,44.540800
15,15.049,0.526,24.490,44.541600
9,9.021,1.039,29.280,44.566400
11,11.025,2.052,20.470,44.567200
13,13.029,3.065,22.660,44.568000
15,15.033,0.578,24.850,44.568800
9,9.037,1.091,30.040,44.569600
11,11.041,2.104,21.230,44.570400
13,13.045,3.117,23.420,44.571200
15,15.049,0.630,25.610,44.572000
9,9.021,1.000,30.400,44.596800
11,11.025,2.013,21.590,44.597600
13,13.029,3.026,23.780,44.598400
15,15.033,0.539,24.150,44.599200
9,9.037,1.052,29.340,44.600000
11,11.041,2.065,20.530,44.600800
13,13.045,3.078,22.720,44.601600
15,15.049,0.591,24.910,44.602400
9,9.021,1.104,29.700,44.627200
11,11.025,2.117,20.890,44.628000
13,13.029,3.130,23.080,44.628800
15,15.033,0.500,25.270,44.629600
9,9.037,1.013,30.460,44.630400
11,11.041,2.026,21.650,44.631200
13,13.045,3.039,23.840,44.632000
15,15.049,0.552,26.030,44.632800
9,9.021,1.065,29.000,44.657600
11,11.025,2.078,20.190,44.658400
13,13.029,3.091,22.380,44.659200
15,15.033,0.604,24.570,44.660000
9,9.037,1.117,29.760,44.660800
11,11.041,2.130,20.950,44.661600
13,13.045,3.000,23.140,44.662400
15,15.049,0.513,25.330,44.663200
9,9.021,1.026,30.120,44.688000
11,11.025,2.039,21.310,44.688800
13,13.029,3.052,23.500,44.689600
15,15.033,0.565,25.690,44.690400
9,9.037,1.078,30.880,44.691200
11,11.041,2.091,20.250,44.692000
13,13.045,3.104,22.440,44.692800
15,15.049,0.617,24.630,44.693600
9,9.021,1.130,29.420,44.718400
11,11.025,2.000,20.610,44.719200
13,13.029,3.013,22.800,44.720000
15,15.033,0.526,24.990,44.720800
9,9.037,1.039,30.180,44.721600
11,11.041,2.052,21.370,44.722400
13,13.045,3.065,23.560,44.723200
15,15.049,0.578,25.750,44.724000
17,17.042,1.500,26.000,44.748800
19,19.046,2.513,28.190,44.749600
21,21.050,0.026,30.380,44.750400
23,23.054,1.039,21.570,44.751200
17,17.058,1.552,26.760,44.752000
19,19.062,2.565,28.950,44.752800
21,21.066,0.078,31.140,44.753600
23,23.070,1.091,22.330,44.754400
17,17.042,1.604,27.120,44.779200
19,19.046,2.617,29.310,44.780000
21,21.050,0.130,31.500,44.780800
23,23.054,1.000,22.690,44.781600
17,17.058,1.513,27.880,44.782400
19,19.062,2.526,28.250,44.783200
21,21.066,0.039,30.440,44.784000
23,23.070,1.052,21.630,44.784800
17,17.042,1.565,26.420,44.809600
19,19.046,2.578,28.610,44.810400
21,21.050,0.091,30.800,44.811200
23,23.054,1.104,21.990,44.812000
17,17.058,1.617,27.180,44.812800
19,19.062,2.630,29.370,44.813600
21,21.066,0.000,31.560,44.814400
23,23.070,1.013,22.750,44.815200
17,17.042,1.526,27.540,44.840000
19,19.046,2.539,29.730,44.840800
21,21.050,0.052,30.100,44.841600
23,23.054,1.065,21.290,44.842400
17,17.058,1.578,26.480,44.843200
19,19.062,2.591,28.670,44.844000
21,21.066,0.104,30.860,44.844800
23,23.070,1.117,22.050,44.845600
17,17.042,1.630,26.840,44.870400
19,19.046,2.500,29.030,44.871200
21,21.050,0.013,31.220,44.872000
23,23.054,1.026,22.410,44.872800
17,17.058,1.539,27.600,44.873600
19,19.062,2.552,29.790,44.874400
21,21.066,0.065,31.980,44.875200
23,23.070,1.078,21.350,44.876000
17,17.042,1.591,26.140,44.900800
19,19.046,2.604,28.330,44.901600
21,21.050,0.117,30.520,44.902400
23,23.054,1.130,21.710,44.903200
17,17.058,1.500,26.900,44.904000
19,19.062,2.513,29.090,44.904800
21,21.066,0.026,31.280,44.905600
23,23.070,1.039,22.470,44.906400
17,17.042,1.552,27.260,44.931200
19,19.046,2.565,29.450,44.932000
21,21.050,0.078,31.640,44.932800
23,23.054,1.091,22.830,44.933600
17,17.058,1.604,26.200,44.934400
19,19.062,2.617,28.390,44.935200
21,21.066,0.130,30.580,44.936000
23,23.070,1.000,21.770,44.936800
17,17.042,1.513,26.560,44.961600
19,19.046,2.526,28.750,44.962400
21,21.050,0.039,30.940,44.963200
23,23.054,1.052,22.130,44.964000
17,17.058,1.565,27.320,44.964800
19,19.062,2.578,29.510,44.965600
21,21.066,0.091,31.700,44.966400
23,23.070,1.104,22.890,44.967200
17,17.042,1.617,27.680,44.992000
19,19.046,2.630,28.050,44.992800
21,21.050,0.000,30.240,44.993600
23,23.054,1.013,21.430,44.994400
17,17.058,1.526,26.620,44.995200
19,19.062,2.539,28.810,44.996000
21,21.066,0.052,31.000,44.996800
23,23.070,1.065,22.190,44.997600
17,17.042,1.578,26.980,45.022400
19,19.046,2.591,29.170,45.023200
21,21.050,0.104,31.360,45.024000
23,23.054,1.117,22.550,45.024800
17,17.058,1.630,27.740,45.025600
19,19.062,2.500,29.930,45.026400
21,21.066,0.013,30.300,45.027200
23,23.070,1.026,21.490,45.028000
17,17.042,1.539,26.280,45.052800
19,19.046,2.552,28.470,45.053600
21,21.050,0.065,30.660,45.054400
23,23.054,1.078,21.850,45.055200
17,17.058,1.591,27.040,45.056000
19,19.062,2.604,29.230,45.056800
21,21.066,0.117,31.420,45.057600
23,23.070,1.130,22.610,45.058400
17,17.042,1.500,27.400,45.083200
19,19.046,2.513,29.590,45.084000
21,21.050,0.026,31.780,45.084800
23,23.054,1.039,21.150,45.085600
17,17.058,1.552,26.340,45.086400
19,19.062,2.565,28.530,45.087200
21,21.066,0.078,30.720,45.088000
23,23.070,1.091,21.910,45.088800
17,17.042,1.604,26.700,45.113600
19,19.046,2.617,28.890,45.114400
21,21.050,0.130,31.080,45.115200
23,23.054,1.000,22.270,45.116000
17,17.058,1.513,27.460,45.116800
19,19.062,2.526,29.650,45.117600
21,21.066,0.039,31.840,45.118400
23,23.070,1.052,23.030,45.119200
17,17.042,1.565,26.000,45.144000
19,19.046,2.578,28.190,45.144800
21,21.050,0.091,30.380,45.145600
23,23.054,1.104,21.570,45.146400
17,17.058,1.617,26.760,45.147200
19,19.062,2.630,28.950,45.148000
21,21.066,0.000,31.140,45.148800
23,23.070,1.013,22.330,45.149600
17,17.042,1.526,27.120,45.174400
19,19.046,2.539,29.310,45.175200
21,21.050,0.052,31.500,45.176000
23,23.054,1.065,22.690,45.176800
17,17.058,1.578,27.880,45.177600
19,19.062,2.591,28.250,45.178400
21,21.066,0.104,30.440,45.179200
23,23.070,1.117,21.630,45.180000
17,17.042,1.630,26.420,45.204800
19,19.046,2.500,28.610,45.205600
21,21.050,0.013,30.800,45.206400
23,23.054,1.026,21.990,45.207200
17,17.058,1.539,27.180,45.208000
19,19.062,2.552,29.370,45.208800
21,21.066,0.065,31.560,45.209600
23,23.070,1.078,22.750,45.210400
1,1.063,0.500,21.000,45.235200
3,3.067,1.513,23.190,45.236000
5,5.071,2.526,25.380,45.236800
7,7.075,0.039,27.570,45.237600
1,1.079,0.552,21.760,45.238400
3,3.083,1.565,23.950,45.239200
5,5.087,2.578,26.140,45.240000
7,7.091,0.091,28.330,45.240800
1,1.063,0.604,22.120,45.265600
3,3.067,1.617,24.310,45.266400
5,5.071,2.630,26.500,45.267200
7,7.075,0.000,28.690,45.268000
1,1.079,0.513,22.880,45.268800
3,3.083,1.526,23.250,45.269600
5,5.087,2.539,25.440,45.270400
7,7.091,0.052,27.630,45.271200
1,1.063,0.565,21.420,45.296000
3,3.067,1.578,23.610,45.296800
5,5.071,2.591,25.800,45.297600
7,7.075,0.104,27.990,45.298400
1,1.079,0.617,22.180,45.299200
3,3.083,1.630,24.370,45.300000
5,5.087,2.500,26.560,45.300800
7,7.091,0.013,28.750,45.301600
1,1.063,0.526,22.540,45.326400
3,3.067,1.539,24.730,45.327200
5,5.071,2.552,25.100,45.328000
7,7.075,0.065,27.290,45.328800
1,1.079,0.578,21.480,45.329600
3,3.083,1.591,23.670,45.330400
5,5.087,2.604,25.860,45.331200
7,7.091,0.117,28.050,45.332000
1,1.063,0.630,21.840,45.356800
3,3.067,1.500,24.030,45.357600
5,5.071,2.513,26.220,45.358400
7,7.075,0.026,28.410,45.359200
1,1.079,0.539,22.600,45.360000
3,3.083,1.552,24.790,45.360800
5,5.087,2.565,26.980,45.361600
7,7.091,0.078,27.350,45.362400
1,1.063,0.591,21.140,45.387200
3,3.067,1.604,23.330,45.388000
5,5.071,2.617,25.520,45.388800
7,7.075,0.130,27.710,45.389600
1,1.079,0.500,21.900,45.390400
3,3.083,1.513,24.090,45.391200
5,5.087,2.526,26.280,45.392000
7,7.091,0.039,28.470,45.392800
1,1.063,0.552,22.260,45.417600
3,3.067,1.565,24.450,45.418400
5,5.071,2.578,26.640,45.419200
7,7.075,0.091,28.830,45.420000
1,1.079,0.604,21.200,45.420800
3,3.083,1.617,23.390,45.421600
5,5.087,2.630,25.580,45.422400
7,7.091,0.000,27.770,45.423200
1,1.063,0.513,21.560,45.448000
3,3.067,1.526,23.750,45.448800
5,5.071,2.539,25.940,45.449600
7,7.075,0.052,28.130,45.450400
1,1.079,0.565,22.320,45.451200
3,3.083,1.578,24.510,45.452000
5,5.087,2.591,26.700,45.452800
7,7.091,0.104,28.890,45.453600
1,1.063,0.617,22.680,45.478400
3,3.067,1.630,23.050,45.479200
5,5.071,2.500,25.240,45.480000
7,7.075,0.013,27.430,45.480800
1,1.079,0.526,21.620,45.481600
3,3.083,1.539,23.810,45.482400
5,5.087,2.552,26.000,45.483200
7,7.091,0.065,28.190,45.484000
1,1.063,0.578,21.980,45.508800
3,3.067,1.591,24.170,45.509600
5,5.071,2.604,26.360,45.510400
7,7.075,0.117,28.550,45.511200
1,1.079,0.630,22.740,45.512000
3,3.083,1.500,24.930,45.512800
5,5.087,2.513,25.300,45.513600
7,7.091,0.026,27.490,45.514400
1,1.063,0.539,21.280,45.539200
3,3.067,1.552,23.470,45.540000
5,5.071,2.565,25.660,45.540800
7,7.075,0.078,27.850,45.541600
1,1.079,0.591,22.040,45.542400
3,3.083,1.604,24.230,45.543200
5,5.087,2.617,26.420,45.544000
7,7.091,0.130,28.610,45.544800
1,1.063,0.500,22.400,45.569600
3,3.067,1.513,24.590,45.570400
5,5.071,2.526,26.780,45.571200
7,7.075,0.039,27.150,45.572000
1,1.079,0.552,21.340,45.572800
3,3.083,1.565,23.530,45.573600
5,5.087,2.578,25.720,45.574400
7,7.091,0.091,27.910,45.575200
1,1.063,0.604,21.700,45.600000
3,3.067,1.617,23.890,45.600800
5,5.071,2.630,26.080,45.601600
7,7.075,0.000,28.270,45.602400
1,1.079,0.513,22.460,45.603200
3,3.083,1.526,24.650,45.604000
5,5.087,2.539,26.840,45.604800
7,7.091,0.052,29.030,45.605600
1,1.063,0.565,21.000,45.630400
3,3.067,1.578,23.190,45.631200
5,5.071,2.591,25.380,45.632000
7,7.075,0.104,27.570,45.632800
1,1.079,0.617,21.760,45.633600
3,3.083,1.630,23.950,45.634400
5,5.087,2.500,26.140,45.635200
7,7.091,0.013,28.330,45.636000
1,1.063,0.526,22.120,45.660800
3,3.067,1.539,24.310,45.661600
5,5.071,2.552,26.500,45.662400
7,7.075,0.065,28.690,45.663200
1,1.079,0.578,22.880,45.664000
3,3.083,1.591,23.250,45.664800
5,5.087,2.604,25.440,45.665600
7,7.091,0.117,27.630,45.666400
1,1.063,0.630,21.420,45.691200
3,3.067,1.500,23.610,45.692000
5,5.071,2.513,25.800,45.692800
7,7.075,0.026,27.990,45.693600
1,1.079,0.539,22.180,45.694400
3,3.083,1.552,24.370,45.695200
5,5.087,2.565,26.560,45.696000
7,7.091,0.078,28.750,45.696800
9,9.084,1.000,29.000,45.721600
11,11.088,2.013,20.190,45.722400
13,13.092,3.026,22.380,45.723200
15,15.096,0.539,24.570,45.724000
9,9.100,1.052,29.760,45.724800
11,11.104,2.065,20.950,45.725600
13,13.108,3.078,23.140,45.726400
15,15.112,0.591,25.330,45.727200
9,9.084,1.104,30.120,45.752000
11,11.088,2.117,21.310,45.752800
13,13.092,3.130,23.500,45.753600
15,15.096,0.500,25.690,45.754400
9,9.100,1.013,30.880,45.755200
11,11.104,2.026,20.250,45.756000
13,13.108,3.039,22.440,45.756800
15,15.112,0.552,24.630,45.757600
9,9.084,1.065,29.420,45.782400
11,11.088,2.078,20.610,45.783200
13,13.092,3.091,22.800,45.784000
15,15.096,0.604,24.990,45.784800
9,9.100,1.117,30.180,45.785600
11,11.104,2.130,21.370,45.786400
13,13.108,3.000,23.560,45.787200
15,15.112,0.513,25.750,45.788000
9,9.084,1.026,30.540,45.812800
11,11.088,2.039,21.730,45.813600
13,13.092,3.052,22.100,45.814400
15,15.096,0.565,24.290,45.815200
9,9.100,1.078,29.480,45.816000
11,11.104,2.091,20.670,45.816800
13,13.108,3.104,22.860,45.817600
15,15.112,0.617,25.050,45.818400
9,9.084,1.130,29.840,45.843200
11,11.088,2.000,21.030,45.844000
13,13.092,3.013,23.220,45.844800
15,15.096,0.526,25.410,45.845600
9,9.100,1.039,30.600,45.846400
11,11.104,2.052,21.790,45.847200
13,13.108,3.065,23.980,45.848000
15,15.112,0.578,24.350,45.848800
9,9.084,1.091,29.140,45.873600
11,11.088,2.104,20.330,45.874400
13,13.092,3.117,22.520,45.875200
15,15.096,0.630,24.710,45.876000
9,9.100,1.000,29.900,45.876800
11,11.104,2.013,21.090,45.877600
13,13.108,3.026,23.280,45.878400
15,15.112,0.539,25.470,45.879200
9,9.084,1.052,30.260,45.904000
11,11.088,2.065,21.450,45.904800
13,13.092,3.078,23.640,45.905600
15,15.096,0.591,25.830,45.906400
9,9.100,1.104,29.200,45.907200
11,11.104,2.117,20.390,45.908000
13,13.108,3.130,22.580,45.908800
15,15.112,0.500,24.770,45.909600
9,9.084,1.013,29.560,45.934400
11,11.088,2.026,20.750,45.935200
13,13.092,3.039,22.940,45.936000
15,15.096,0.552,25.130,45.936800
9,9.100,1.065,30.320,45.937600
11,11.104,2.078,21.510,45.938400
13,13.108,3.091,23.700,45.939200
15,15.112,0.604,25.890,45.940000
9,9.084,1.117,30.680,45.964800
11,11.088,2.130,20.050,45.965600
13,13.092,3.000,22.240,45.966400
15,15.096,0.513,24.430,45.967200
9,9.100,1.026,29.620,45.968000
11,11.104,2.039,20.810,45.968800
13,13.108,3.052,23.000,45.969600
15,15.112,0.565,25.190,45.970400
9,9.084,1.078,29.980,45.995200
11,11.088,2.091,21.170,45.996000
13,13.092,3.104,23.360,45.996800
15,15.096,0.617,25.550,45.997600
9,9.100,1.130,30.740,45.998400
11,11.104,2.000,21.930,45.999200
13,13.108,3.013,22.300,46.000000
15,15.112,0.526,24.490,46.000800
9,9.084,1.039,29.280,46.025600
11,11.088,2.052,20.470,46.026400
13,13.092,3.065,22.660,46.027200
15,15.096,0.578,24.850,46.028000
9,9.100,1.091,30.040,46.028800
11,11.104,2.104,21.230,46.029600
13,13.108,3.117,23.420,46.030400
15,15.112,0.630,25.610,46.031200
9,9.084,1.000,30.400,46.056000
11,11.088,2.013,21.590,46.056800
13,13.092,3.026,23.780,46.057600
15,15.096,0.539,24.150,46.058400
9,9.100,1.052,29.340,46.059200
11,11.104,2.065,20.530,46.060000
13,13.108,3.078,22.720,46.060800
15,15.112,0.591,24.910,46.061600
9,9.084,1.104,29.700,46.086400
11,11.088,2.117,20.890,46.087200
13,13.092,3.130,23.080,46.088000
15,15.096,0.500,25.270,46.088800
9,9.100,1.013,30.460,46.089600
11,11.104,2.026,21.650,46.090400
13,13.108,3.039,23.840,46.091200
15,15.112,0.552,26.030,46.092000
9,9.084,1.065,29.000,46.116800
11,11.088,2.078,20.190,46.117600
13,13.092,3.091,22.380,46.118400
15,15.096,0.604,24.570,46.119200
9,9.100,1.117,29.760,46.120000
11,11.104,2.130,20.950,46.120800
13,13.108,3.000,23.140,46.121600
15,15.112,0.513,25.330,46.122400
9,9.084,1.026,30.120,46.147200
11,11.088,2.039,21.310,46.148000
13,13.092,3.052,23.500,46.148800
15,15.096,0.565,25.690,46.149600
9,9.100,1.078,30.880,46.150400
11,11.104,2.091,20.250,46.151200
13,13.108,3.104,22.440,46.152000
15,15.112,0.617,24.630,46.152800
9,9.084,1.130,29.420,46.177600
11,11.088,2.000,20.610,46.178400
13,13.092,3.013,22.800,46.179200
15,15.096,0.526,24.990,46.180000
9,9.100,1.039,30.180,46.180800
11,11.104,2.052,21.370,46.181600
13,13.108,3.065,23.560,46.182400
15,15.112,0.578,25.750,46.183200
17,17.105,1.500,26.000,46.208000
19,19.109,2.513,28.190,46.208800
21,21.113,0.026,30.380,46.209600
23,23.117,1.039,21.570,46.210400
17,17.121,1.552,26.760,46.211200
19,19.125,2.565,28.950,46.212000
21,21.129,0.078,31.140,46.212800
23,23.133,1.091,22.330,46.213600
17,17.105,1.604,27.120,46.238400
19,19.109,2.617,29.310,46.239200
21,21.113,0.130,31.500,46.240000
23,23.117,1.000,22.690,46.240800
17,17.121,1.513,27.880,46.241600
19,19.125,2.526,28.250,46.242400
21,21.129,0.039,30.440,46.243200
23,23.133,1.052,21.630,46.244000
17,17.105,1.565,26.420,46.268800
19,19.109,2.578,28.610,46.269600
21,21.113,0.091,30.800,46.270400
23,23.117,1.104,21.990,46.271200
17,17.121,1.617,27.180,46.272000
19,19.125,2.630,29.370,46.272800
21,21.129,0.000,31.560,46.273600
23,23.133,1.013,22.750,46.274400
17,17.105,1.526,27.540,46.299200
19,19.109,2.539,29.730,46.300000
21,21.113,0.052,30.100,46.300800
23,23.117,1.065,21.290,46.301600
17,17.121,1.578,26.480,46.302400
19,19.125,2.591,28.670,46.303200
21,21.129,0.104,30.860,46.304000
23,23.133,1.117,22.050,46.304800
17,17.105,1.630,26.840,46.329600
19,19.109,2.500,29.030,46.330400
21,21.113,0.013,31.220,46.331200
23,23.117,1.026,22.410,46.332000
17,17.121,1.539,27.600,46.332800
19,19.125,2.552,29.790,46.333600
21,21.129,0.065,31.980,46.334400
23,23.133,1.078,21.350,46.335200
17,17.105,1.591,26.140,46.360000
19,19.109,2.604,28.330,46.360800
21,21.113,0.117,30.520,46.361600
23,23.117,1.130,21.710,46.362400
17,17.121,1.500,26.900,46.363200
19,19.125,2.513,29.090,46.364000
21,21.129,0.026,31.280,46.364800
23,23.133,1.039,22.470,46.365600
17,17.105,1.552,27.260,46.390400
19,19.109,2.565,29.450,46.391200
21,21.113,0.078,31.640,46.392000
23,23.117,1.091,22.830,46.392800
17,17.121,1.604,26.200,46.393600
19,19.125,2.617,28.390,46.394400
21,21.129,0.130,30.580,46.395200
23,23.133,1.000,21.770,46.396000
17,17.105,1.513,26.560,46.420800
19,19.109,2.526,28.750,46.421600
21,21.113,0.039,30.940,46.422400
23,23.117,1.052,22.130,46.423200
17,17.121,1.565,27.320,46.424000
19,19.125,2.578,29.510,46.424800
21,21.129,0.091,31.700,46.425600
23,23.133,1.104,22.890,46.426400
17,17.105,1.617,27.680,46.451200
19,19.109,2.630,28.050,46.452000
21,21.113,0.000,30.240,46.452800
23,23.117,1.013,21.430,46.453600
17,17.121,1.526,26.620,46.454400
19,19.125,2.539,28.810,46.455200
21,21.129,0.052,31.000,46.456000
23,23.133,1.065,22.190,46.456800
17,17.105,1.578,26.980,46.481600
19,19.109,2.591,29.170,46.482400
21,21.113,0.104,31.360,46.483200
23,23.117,1.117,22.550,46.484000
17,17.121,1.630,27.740,46.484800
19,19.125,2.500,29.930,46.485600
21,21.129,0.013,30.300,46.486400
23,23.133,1.026,21.490,46.487200
17,17.105,1.539,26.280,46.512000
19,19.109,2.552,28.470,46.512800
21,21.113,0.065,30.660,46.513600
23,23.117,1.078,21.850,46.514400
17,17.121,1.591,27.040,46.515200
19,19.125,2.604,29.230,46.516000
21,21.129,0.117,31.420,46.516800
23,23.133,1.130,22.610,46.517600
17,17.105,1.500,27.400,46.542400
19,19.109,2.513,29.590,46.543200
21,21.113,0.026,31.780,46.544000
23,23.117,1.039,21.150,46.544800
17,17.121,1.552,26.340,46.545600
19,19.125,2.565,28.530,46.546400
21,21.129,0.078,30.720,46.547200
23,23.133,1.091,21.910,46.548000
17,17.105,1.604,26.700,46.572800
19,19.109,2.617,28.890,46.573600
21,21.113,0.130,31.080,46.574400
23,23.117,1.000,22.270,46.575200
17,17.121,1.513,27.460,46.576000
19,19.125,2.526,29.650,46.576800
21,21.129,0.039,31.840,46.577600
23,23.133,1.052,23.030,46.578400
17,17.105,1.565,26.000,46.603200
19,19.109,2.578,28.190,46.604000
21,21.113,0.091,30.380,46.604800
23,23.117,1.104,21.570,46.605600
17,17.121,1.617,26.760,46.606400
19,19.125,2.630,28.950,46.607200
21,21.129,0.000,31.140,46.608000
23,23.133,1.013,22.330,46.608800
17,17.105,1.526,27.120,46.633600
19,19.109,2.539,29.310,46.634400
21,21.113,0.052,31.500,46.635200
23,23.117,1.065,22.690,46.636000
17,17.121,1.578,27.880,46.636800
19,19.125,2.591,28.250,46.637600
21,21.129,0.104,30.440,46.638400
23,23.133,1.117,21.630,46.639200
17,17.105,1.630,26.420,46.664000
19,19.109,2.500,28.610,46.664800
21,21.113,0.013,30.800,46.665600
23,23.117,1.026,21.990,46.666400
17,17.121,1.539,27.180,46.667200
19,19.125,2.552,29.370,46.668000
21,21.129,0.065,31.560,46.668800
23,23.133,1.078,22.750,46.669600
1,1.126,0.500,21.000,46.694400
3,3.130,1.513,23.190,46.695200
5,5.134,2.526,25.380,46.696000
7,7.138,0.039,27.570,46.696800
1,1.142,0.552,21.760,46.697600
3,3.146,1.565,23.950,46.698400
5,5.150,2.578,26.140,46.699200
7,7.154,0.091,28.330,46.700000
1,1.126,0.604,22.120,46.724800
3,3.130,1.617,24.310,46.725600
5,5.134,2.630,26.500,46.726400
7,7.138,0.000,28.690,46.727200
1,1.142,0.513,22.880,46.728000
3,3.146,1.526,23.250,46.728800
5,5.150,2.539,25.440,46.729600
7,7.154,0.052,27.630,46.730400
1,1.126,0.565,21.420,46.755200
3,3.130,1.578,23.610,46.756000
5,5.134,2.591,25.800,46.756800
7,7.138,0.104,27.990,46.757600
1,1.142,0.617,22.180,46.758400
3,3.146,1.630,24.370,46.759200
5,5.150,2.500,26.560,46.760000
7,7.154,0.013,28.750,46.760800
1,1.126,0.526,22.540,46.785600
3,3.130,1.539,24.730,46.786400
5,5.134,2.552,25.100,46.787200
7,7.138,0.065,27.290,46.788000
1,1.142,0.578,21.480,46.788800
3,3.146,1.591,23.670,46.789600
5,5.150,2.604,25.860,46.790400
7,7.154,0.117,28.050,46.791200
1,1.126,0.630,21.840,46.816000
3,3.130,1.500,24.030,46.816800
5,5.134,2.513,26.220,46.817600
7,7.138,0.026,28.410,46.818400
1,1.142,0.539,22.600,46.819200
3,3.146,1.552,24.790,46.820000
5,5.150,2.565,26.980,46.820800
7,7.154,0.078,27.350,46.821600
1,1.126,0.591,21.140,46.846400
3,3.130,1.604,23.330,46.847200
5,5.134,2.617,25.520,46.848000
7,7.138,0.130,27.710,46.848800
1,1.142,0.500,21.900,46.849600
3,3.146,1.513,24.090,46.850400
5,5.150,2.526,26.280,46.851200
7,7.154,0.039,28.470,46.852000
1,1.126,0.552,22.260,46.876800
3,3.130,1.565,24.450,46.877600
5,5.134,2.578,26.640,46.878400
7,7.138,0.091,28.830,46.879200
1,1.142,0.604,21.200,46.880000
3,3.146,1.617,23.390,46.880800
5,5.150,2.630,25.580,46.881600
7,7.154,0.000,27.770,46.882400
1,1.126,0.513,21.560,46.907200
3,3.130,1.526,23.750,46.908000
5,5.134,2.539,25.940,46.908800
7,7.138,0.052,28.130,46.909600
1,1.142,0.565,22.320,46.910400
3,3.146,1.578,24.510,46.911200
5,5.150,2.591,26.700,46.912000
7,7.154,0.104,28.890,46.912800
1,1.126,0.617,22.680,46.937600
3,3.130,1.630,23.050,46.938400
5,5.134,2.500,25.240,46.939200
7,7.138,0.013,27.430,46.940000
1,1.142,0.526,21.620,46.940800
3,3.146,1.539,23.810,46.941600
5,5.150,2.552,26.000,46.942400
7,7.154,0.065,28.190,46.943200
1,1.126,0.578,21.980,46.968000
3,3.130,1.591,24.170,46.968800
5,5.134,2.604,26.360,46.969600
7,7.138,0.117,28.550,46.970400
1,1.142,0.630,22.740,46.971200
3,3.146,1.500,24.930,46.972000
5,5.150,2.513,25.300,46.972800
7,7.154,0.026,27.490,46.973600
1,1.126,0.539,21.280,46.998400
3,3.130,1.552,23.470,46.999200
5,5.134,2.565,25.660,47.000000
7,7.138,0.078,27.850,47.000800
1,1.142,0.591,22.040,47.001600
3,3.146,1.604,24.230,47.002400
5,5.150,2.617,26.420,47.003200
7,7.154,0.130,28.610,47.004000
1,1.126,0.500,22.400,47.028800
3,3.130,1.513,24.590,47.029600
5,5.134,2.526,26.780,47.030400
7,7.138,0.039,27.150,47.031200
1,1.142,0.552,21.340,47.032000
3,3.146,1.565,23.530,47.032800
5,5.150,2.578,25.720,47.033600
7,7.154,0.091,27.910,47.034400
1,1.126,0.604,21.700,47.059200
3,3.130,1.617,23.890,47.060000
5,5.134,2.630,26.080,47.060800
7,7.138,0.000,28.270,47.061600
1,1.142,0.513,22.460,47.062400
3,3.146,1.526,24.650,47.063200
5,5.150,2.539,26.840,47.064000
7,7.154,0.052,29.030,47.064800
1,1.126,0.565,21.000,47.089600
3,3.130,1.578,23.190,47.090400
5,5.134,2.591,25.380,47.091200
7,7.138,0.104,27.570,47.092000
1,1.142,0.617,21.760,47.092800
3,3.146,1.630,23.950,47.093600
5,5.150,2.500,26.140,47.094400
7,7.154,0.013,28.330,47.095200
1,1.126,0.526,22.120,47.120000
3,3.130,1.539,24.310,47.120800
5,5.134,2.552,26.500,47.121600
7,7.138,0.065,28.690,47.122400
1,1.142,0.578,22.880,47.123200
3,3.146,1.591,23.250,47.124000
5,5.150,2.604,25.440,47.124800
7,7.154,0.117,27.630,47.125600
1,1.126,0.630,21.420,47.150400
3,3.130,1.500,23.610,47.151200
5,5.134,2.513,25.800,47.152000
7,7.138,0.026,27.990,47.152800
1,1.142,0.539,22.180,47.153600
3,3.146,1.552,24.370,47.154400
5,5.150,2.565,26.560,47.155200
7,7.154,0.078,28.750,47.156000
9,9.147,1.000,29.000,47.180800
11,11.151,2.013,20.190,47.181600
13,13.155,3.026,22.380,47.182400
15,15.159,0.539,24.570,47.183200
9,9.163,1.052,29.760,47.184000
11,11.167,2.065,20.950,47.184800
13,13.171,3.078,23.140,47.185600
15,15.175,0.591,25.330,47.186400
9,9.147,1.104,30.120,47.211200
11,11.151,2.117,21.310,47.212000
13,13.155,3.130,23.500,47.212800
15,15.159,0.500,25.690,47.213600
9,9.163,1.013,30.880,47.214400
11,11.167,2.026,20.250,47.215200
13,13.171,3.039,22.440,47.216000
15,15.175,0.552,24.630,47.216800
9,9.147,1.065,29.420,47.241600
11,11.151,2.078,20.610,47.242400
13,13.155,3.091,22.800,47.243200
15,15.159,0.604,24.990,47.244000
9,9.163,1.117,30.180,47.244800
11,11.167,2.130,21.370,47.245600
13,13.171,3.000,23.560,47.246400
15,15.175,0.513,25.750,47.247200
9,9.147,1.026,30.540,47.272000
11,11.151,2.039,21.730,47.272800
13,13.155,3.052,22.100,47.273600
15,15.159,0.565,24.290,47.274400
9,9.163,1.078,29.480,47.275200
11,11.167,2.091,20.670,47.276000
13,13.171,3.104,22.860,47.276800
15,15.175,0.617,25.050,47.277600
9,9.147,1.130,29.840,47.302400
11,11.151,2.000,21.030,47.303200
13,13.155,3.013,23.220,47.304000
15,15.159,0.526,25.410,47.304800
9,9.163,1.039,30.600,47.305600
11,11.167,2.052,21.790,47.306400
13,13.171,3.065,23.980,47.307200
15,15.175,0.578,24.350,47.308000
9,9.147,1.091,29.140,47.332800
11,11.151,2.104,20.330,47.333600
13,13.155,3.117,22.520,47.334400
15,15.159,0.630,24.710,47.335200
9,9.163,1.000,29.900,47.336000
11,11.167,2.013,21.090,47.336800
13,13.171,3.026,23.280,47.337600
15,15.175,0.539,25.470,47.338400
9,9.147,1.052,30.260,47.363200
11,11.151,2.065,21.450,47.364000
13,13.155,3.078,23.640,47.364800
15,15.159,0.591,25.830,47.365600
9,9.163,1.104,29.200,47.366400
11,11.167,2.117,20.390,47.367200
13,13.171,3.130,22.580,47.368000
15,15.175,0.500,24.770,47.368800
9,9.147,1.013,29.560,47.393600
11,11.151,2.026,20.750,47.394400
13,13.155,3.039,22.940,47.395200
15,15.159,0.552,25.130,47.396000
9,9.163,1.065,30.320,47.396800
11,11.167,2.078,21.510,47.397600
13,13.171,3.091,23.700,47.398400
15,15.175,0.604,25.890,47.399200
9,9.147,1.117,30.680,47.424000
11,11.151,2.130,20.050,47.424800
13,13.155,3.000,22.240,47.425600
15,15.159,0.513,24.430,47.426400
9,9.163,1.026,29.620,47.427200
11,11.167,2.039,20.810,47.428000
13,13.171,3.052,23.000,47.428800
15,15.175,0.565,25.190,47.429600
9,9.147,1.078,29.980,47.454400
11,11.151,2.091,21.170,47.455200
13,13.155,3.104,23.360,47.456000
15,15.159,0.617,25.550,47.456800
9,9.163,1.130,30.740,47.457600
11,11.167,2.000,21.930,47.458400
13,13.171,3.013,22.300,47.459200
15,15.175,0.526,24.490,47.460000
9,9.147,1.039,29.280,47.484800
11,11.151,2.052,20.470,47.485600
13,13.155,3.065,22.660,47.486400
15,15.159,0.578,24.850,47.487200
9,9.163,1.091,30.040,47.488000
11,11.167,2.104,21.230,47.488800
13,13.171,3.117,23.420,47.489600
15,15.175,0.630,25.610,47.490400
9,9.147,1.000,30.400,47.515200
11,11.151,2.013,21.590,47.516000
13,13.155,3.026,23.780,47.516800
15,15.159,0.539,24.150,47.517600
9,9.163,1.052,29.340,47.518400
11,11.167,2.065,20.530,47.519200
13,13.171,3.078,22.720,47.520000
15,15.175,0.591,24.910,47.520800
9,9.147,1.104,29.700,47.545600
11,11.151,2.117,20.890,47.546400
13,13.155,3.130,23.080,47.547200
15,15.159,0.500,25.270,47.548000
9,9.163,1.013,30.460,47.548800
11,11.167,2.026,21.650,47.549600
13,13.171,3.039,23.840,47.550400
15,15.175,0.552,26.030,47.551200
9,9.147,1.065,29.000,47.576000
11,11.151,2.078,20.190,47.576800
13,13.155,3.091,22.380,47.577600
15,15.159,0.604,24.570,47.578400
9,9.163,1.117,29.760,47.579200
11,11.167,2.130,20.950,47.580000
13,13.171,3.000,23.140,47.580800
15,15.175,0.513,25.330,47.581600
9,9.147,1.026,30.120,47.606400
11,11.151,2.039,21.310,47.607200
13,13.155,3.052,23.500,47.608000
15,15.159,0.565,25.690,47.608800
9,9.163,1.078,30.880,47.609600
11,11.167,2.091,20.250,47.610400
13,13.171,3.104,22.440,47.611200
15,15.175,0.617,24.630,47.612000
9,9.147,1.130,29.420,47.636800
11,11.151,2.000,20.610,47.637600
13,13.155,3.013,22.800,47.638400
15,15.159,0.526,24.990,47.639200
9,9.163,1.039,30.180,47.640000
11,11.167,2.052,21.370,47.640800
13,13.171,3.065,23.560,47.641600
15,15.175,0.578,25.750,47.642400
17,17.168,1.500,26.000,47.667200
19,19.172,2.513,28.190,47.668000
21,21.176,0.026,30.380,47.668800
23,23.180,1.039,21.570,47.669600
17,17.184,1.552,26.760,47.670400
19,19.188,2.565,28.950,47.671200
21,21.192,0.078,31.140,47.672000
23,23.196,1.091,22.330,47.672800
17,17.168,1.604,27.120,47.697600
19,19.172,2.617,29.310,47.698400
21,21.176,0.130,31.500,47.699200
23,23.180,1.000,22.690,47.700000
17,17.184,1.513,27.880,47.700800
19,19.188,2.526,28.250,47.701600
21,21.192,0.039,30.440,47.702400
23,23.196,1.052,21.630,47.703200
17,17.168,1.565,26.420,47.728000
19,19.172,2.578,28.610,47.728800
21,21.176,0.091,30.800,47.729600
23,23.180,1.104,21.990,47.730400
17,17.184,1.617,27.180,47.731200
19,19.188,2.630,29.370,47.732000
21,21.192,0.000,31.560,47.732800
23,23.196,1.013,22.750,47.733600
17,17.168,1.526,27.540,47.758400
19,19.172,2.539,29.730,47.759200
21,21.176,0.052,30.100,47.760000
23,23.180,1.065,21.290,47.760800
17,17.184,1.578,26.480,47.761600
19,19.188,2.591,28.670,47.762400
21,21.192,0.104,30.860,47.763200
23,23.196,1.117,22.050,47.764000
17,17.168,1.630,26.840,47.788800
19,19.172,2.500,29.030,47.789600
21,21.176,0.013,31.220,47.790400
23,23.180,1.026,22.410,47.791200
17,17.184,1.539,27.600,47.792000
19,19.188,2.552,29.790,47.792800
21,21.192,0.065,31.980,47.793600
23,23.196,1.078,21.350,47.794400
17,17.168,1.591,26.140,47.819200
19,19.172,2.604,28.330,47.820000
21,21.176,0.117,30.520,47.820800
23,23.180,1.130,21.710,47.821600
17,17.184,1.500,26.900,47.822400
19,19.188,2.513,29.090,47.823200
21,21.192,0.026,31.280,47.824000
23,23.196,1.039,22.470,47.824800
17,17.168,1.552,27.260,47.849600
19,19.172,2.565,29.450,47.850400
21,21.176,0.078,31.640,47.851200
23,23.180,1.091,22.830,47.852000
17,17.184,1.604,26.200,47.852800
19,19.188,2.617,28.390,47.853600
21,21.192,0.130,30.580,47.854400
23,23.196,1.000,21.770,47.855200
17,17.168,1.513,26.560,47.880000
19,19.172,2.526,28.750,47.880800
21,21.176,0.039,30.940,47.881600
23,23.180,1.052,22.130,47.882400
17,17.184,1.565,27.320,47.883200
19,19.188,2.578,29.510,47.884000
21,21.192,0.091,31.700,47.884800
23,23.196,1.104,22.890,47.885600
17,17.168,1.617,27.680,47.910400
19,19.172,2.630,28.050,47.911200
21,21.176,0.000,30.240,47.912000
23,23.180,1.013,21.430,47.912800
17,17.184,1.526,26.620,47.913600
19,19.188,2.539,28.810,47.914400
21,21.192,0.052,31.000,47.915200
23,23.196,1.065,22.190,47.916000
17,17.168,1.578,26.980,47.940800
19,19.172,2.591,29.170,47.941600
21,21.176,0.104,31.360,47.942400
23,23.180,1.117,22.550,47.943200
17,17.184,1.630,27.740,47.944000
19,19.188,2.500,29.930,47.944800
21,21.192,0.013,30.300,47.945600
23,23.196,1.026,21.490,47.946400
17,17.168,1.539,26.280,47.971200
19,19.172,2.552,28.470,47.972000
21,21.176,0.065,30.660,47.972800
23,23.180,1.078,21.850,47.973600
17,17.184,1.591,27.040,47.974400
19,19.188,2.604,29.230,47.975200
21,21.192,0.117,31.420,47.976000
23,23.196,1.130,22.610,47.976800
17,17.168,1.500,27.400,48.001600
19,19.172,2.513,29.590,48.002400
21,21.176,0.026,31.780,48.003200
23,23.180,1.039,21.150,48.004000
17,17.184,1.552,26.340,48.004800
19,19.188,2.565,28.530,48.005600
21,21.192,0.078,30.720,48.006400
23,23.196,1.091,21.910,48.007200
17,17.168,1.604,26.700,48.032000
19,19.172,2.617,28.890,48.032800
21,21.176,0.130,31.080,48.033600
23,23.180,1.000,22.270,48.034400
17,17.184,1.513,27.460,48.035200
19,19.188,2.526,29.650,48.036000
21,21.192,0.039,31.840,48.036800
23,23.196,1.052,23.030,48.037600
17,17.168,1.565,26.000,48.062400
19,19.172,2.578,28.190,48.063200
21,21.176,0.091,30.380,48.064000
23,23.180,1.104,21.570,48.064800
17,17.184,1.617,26.760,48.065600
19,19.188,2.630,28.950,48.066400
21,21.192,0.000,31.140,48.067200
23,23.196,1.013,22.330,48.068000
17,17.168,1.526,27.120,48.092800
19,19.172,2.539,29.310,48.093600
21,21.176,0.052,31.500,48.094400
23,23.180,1.065,22.690,48.095200
17,17.184,1.578,27.880,48.096000
19,19.188,2.591,28.250,48.096800
21,21.192,0.104,30.440,48.097600
23,23.196,1.117,21.630,48.098400
17,17.168,1.630,26.420,48.123200
19,19.172,2.500,28.610,48.124000
21,21.176,0.013,30.800,48.124800
23,23.180,1.026,21.990,48.125600
17,17.184,1.539,27.180,48.126400
19,19.188,2.552,29.370,48.127200
21,21.192,0.065,31.560,48.128000
23,23.196,1.078,22.750,48.128800
1,1.000,0.500,21.000,48.153600
3,3.004,1.513,23.190,48.154400
5,5.008,2.526,25.380,48.155200
7,7.012,0.039,27.570,48.156000
1,1.016,0.552,21.760,48.156800
3,3.020,1.565,23.950,48.157600
5,5.024,2.578,26.140,48.158400
7,7.028,0.091,28.330,48.159200
1,1.000,0.604,22.120,48.184000
3,3.004,1.617,24.310,48.184800
5,5.008,2.630,26.500,48.185600
7,7.012,0.000,28.690,48.186400
1,1.016,0.513,22.880,48.187200
3,3.020,1.526,23.250,48.188000
5,5.024,2.539,25.440,48.188800
7,7.028,0.052,27.630,48.189600
1,1.000,0.565,21.420,48.214400
3,3.004,1.578,23.610,48.215200
5,5.008,2.591,25.800,48.216000
7,7.012,0.104,27.990,48.216800
1,1.016,0.617,22.180,48.217600
3,3.020,1.630,24.370,48.218400
5,5.024,2.500,26.560,48.219200
7,7.028,0.013,28.750,48.220000
1,1.000,0.526,22.540,48.244800
3,3.004,1.539,24.730,48.245600
5,5.008,2.552,25.100,48.246400
7,7.012,0.065,27.290,48.247200
1,1.016,0.578,21.480,48.248000
3,3.020,1.591,23.670,48.248800
5,5.024,2.604,25.860,48.249600
7,7.028,0.117,28.050,48.250400
1,1.000,0.630,21.840,48.275200
3,3.004,1.500,24.030,48.276000
5,5.008,2.513,26.220,48.276800
7,7.012,0.026,28.410,48.277600
1,1.016,0.539,22.600,48.278400
3,3.020,1.552,24.790,48.279200
5,5.024,2.565,26.980,48.280000
7,7.028,0.078,27.350,48.280800
1,1.000,0.591,21.140,48.305600
3,3.004,1.604,23.330,48.306400
5,5.008,2.617,25.520,48.307200
7,7.012,0.130,27.710,48.308000
1,1.016,0.500,21.900,48.308800
3,3.020,1.513,24.090,48.309600
5,5.024,2.526,26.280,48.310400
7,7.028,0.039,28.470,48.311200
1,1.000,0.552,22.260,48.336000
3,3.004,1.565,24.450,48.336800
5,5.008,2.578,26.640,48.337600
7,7.012,0.091,28.830,48.338400
1,1.016,0.604,21.200,48.339200
3,3.020,1.617,23.390,48.340000
5,5.024,2.630,25.580,48.340800
7,7.028,0.000,27.770,48.341600
1,1.000,0.513,21.560,48.366400
3,3.004,1.526,23.750,48.367200
5,5.008,2.539,25.940,48.368000
7,7.012,0.052,28.130,48.368800
1,1.016,0.565,22.320,48.369600
3,3.020,1.578,24.510,48.370400
5,5.024,2.591,26.700,48.371200
7,7.028,0.104,28.890,48.372000
1,1.000,0.617,22.680,48.396800
3,3.004,1.630,23.050,48.397600
5,5.008,2.500,25.240,48.398400
7,7.012,0.013,27.430,48.399200
1,1.016,0.526,21.620,48.400000
3,3.020,1.539,23.810,48.400800
5,5.024,2.552,26.000,48.401600
7,7.028,0.065,28.190,48.402400
1,1.000,0.578,21.980,48.427200
3,3.004,1.591,24.170,48.428000
5,5.008,2.604,26.360,48.428800
7,7.012,0.117,28.550,48.429600
1,1.016,0.630,22.740,48.430400
3,3.020,1.500,24.930,48.431200
5,5.024,2.513,25.300,48.432000
7,7.028,0.026,27.490,48.432800
1,1.000,0.539,21.280,48.457600
3,3.004,1.552,23.470,48.458400
5,5.008,2.565,25.660,48.459200
7,7.012,0.078,27.850,48.460000
1,1.016,0.591,22.040,48.460800
3,3.020,1.604,24.230,48.461600
5,5.024,2.617,26.420,48.462400
7,7.028,0.130,28.610,48.463200
1,1.000,0.500,22.400,48.488000
3,3.004,1.513,24.590,48.488800
5,5.008,2.526,26.780,48.489600
7,7.012,0.039,27.150,48.490400
1,1.016,0.552,21.340,48.491200
3,3.020,1.565,23.530,48.492000
5,5.024,2.578,25.720,48.492800
7,7.028,0.091,27.910,48.493600
1,1.000,0.604,21.700,48.518400
3,3.004,1.617,23.890,48.519200
5,5.008,2.630,26.080,48.520000
7,7.012,0.000,28.270,48.520800
1,1.016,0.513,22.460,48.521600
3,3.020,1.526,24.650,48.522400
5,5.024,2.539,26.840,48.523200
7,7.028,0.052,29.030,48.524000
1,1.000,0.565,21.000,48.548800
3,3.004,1.578,23.190,48.549600
5,5.008,2.591,25.380,48.550400
7,7.012,0.104,27.570,48.551200
1,1.016,0.617,21.760,48.552000
3,3.020,1.630,23.950,48.552800
5,5.024,2.500,26.140,48.553600
7,7.028,0.013,28.330,48.554400
1,1.000,0.526,22.120,48.579200
3,3.004,1.539,24.310,48.580000
5,5.008,2.552,26.500,48.580800
7,7.012,0.065,28.690,48.581600
1,1.016,0.578,22.880,48.582400
3,3.020,1.591,23.250,48.583200
5,5.024,2.604,25.440,48.584000
7,7.028,0.117,27.630,48.584800
1,1.000,0.630,21.420,48.609600
3,3.004,1.500,23.610,48.610400
5,5.008,2.513,25.800,48.611200
7,7.012,0.026,27.990,48.612000
1,1.016,0.539,22.180,48.612800
3,3.020,1.552,24.370,48.613600
5,5.024,2.565,26.560,48.614400
7,7.028,0.078,28.750,48.615200
9,9.021,1.000,29.000,48.640000
11,11.025,2.013,20.190,48.640800
13,13.029,3.026,22.380,48.641600
15,15.033,0.539,24.570,48.642400
9,9.037,1.052,29.760,48.643200
11,11.041,2.065,20.950,48.644000
13,13.045,3.078,23.140,48.644800
15,15.049,0.591,25.330,48.645600
9,9.021,1.104,30.120,48.670400
11,11.025,2.117,21.310,48.671200
13,13.029,3.130,23.500,48.672000
15,15.033,0.500,25.690,48.672800
9,9.037,1.013,30.880,48.673600
11,11.041,2.026,20.250,48.674400
13,13.045,3.039,22.440,48.675200
15,15.049,0.552,24.630,48.676000
9,9.021,1.065,29.420,48.700800
11,11.025,2.078,20.610,48.701600
13,13.029,3.091,22.800,48.702400
15,15.033,0.604,24.990,48.703200
9,9.037,1.117,30.180,48.704000
11,11.041,2.130,21.370,48.704800
13,13.045,3.000,23.560,48.705600
15,15.049,0.513,25.750,48.706400
9,9.021,1.026,30.540,48.731200
11,11.025,2.039,21.730,48.732000
13,13.029,3.052,22.100,48.732800
15,15.033,0.565,24.290,48.733600
9,9.037,1.078,29.480,48.734400
11,11.041,2.091,20.670,48.735200
13,13.045,3.104,22.860,48.736000
15,15.049,0.617,25.050,48.736800
9,9.021,1.130,29.840,48.761600
11,11.025,2.000,21.030,48.762400
13,13.029,3.013,23.220,48.763200
15,15.033,0.526,25.410,48.764000
9,9.037,1.039,30.600,48.764800
11,11.041,2.052,21.790,48.765600
13,13.045,3.065,23.980,48.766400
15,15.049,0.578,24.350,48.767200
9,9.021,1.091,29.140,48.792000
11,11.025,2.104,20.330,48.792800
13,13.029,3.117,22.520,48.793600
15,15.033,0.630,24.710,48.794400
9,9.037,1.000,29.900,48.795200
11,11.041,2.013,21.090,48.796000
13,13.045,3.026,23.280,48.796800
15,15.049,0.539,25.470,48.797600
9,9.021,1.052,30.260,48.822400
11,11.025,2.065,21.450,48.823200
13,13.029,3.078,23.640,48.824000
15,15.033,0.591,25.830,48.824800
9,9.037,1.104,29.200,48.825600
11,11.041,2.117,20.390,48.826400
13,13.045,3.130,22.580,48.827200
15,15.049,0.500,24.770,48.828000
9,9.021,1.013,29.560,48.852800
11,11.025,2.026,20.750,48.853600
13,13.029,3.039,22.940,48.854400
15,15.033,0.552,25.130,48.855200
9,9.037,1.065,30.320,48.856000
11,11.041,2.078,21.510,48.856800
13,13.045,3.091,23.700,48.857600
15,15.049,0.604,25.890,48.858400
9,9.021,1.117,30.680,48.883200
11,11.025,2.130,20.050,48.884000
13,13.029,3.000,22.240,48.884800
15,15.033,0.513,24.430,48.885600
9,9.037,1.026,29.620,48.886400
11,11.041,2.039,20.810,48.887200
13,13.045,3.052,23.000,48.888000
15,15.049,0.565,25.190,48.888800
9,9.021,1.078,29.980,48.913600
11,11.025,2.091,21.170,48.914400
13,13.029,3.104,23.360,48.915200
15,15.033,0.617,25.550,48.916000
9,9.037,1.130,30.740,48.916800
11,11.041,2.000,21.930,48.917600
13,13.045,3.013,22.300,48.918400
15,15.049,0.526,24.490,48.919200
9,9.021,1.039,29.280,48.944000
11,11.025,2.052,20.470,48.944800
13,13.029,3.065,22.660,48.945600
15,15.033,0.578,24.850,48.946400
9,9.037,1.091,30.040,48.947200
11,11.041,2.104,21.230,48.948000
13,13.045,3.117,23.420,48.948800
15,15.049,0.630,25.610,48.949600
9,9.021,1.000,30.400,48.974400
11,11.025,2.013,21.590,48.975200
13,13.029,3.026,23.780,48.976000
15,15.033,0.539,24.150,48.976800
9,9.037,1.052,29.340,48.977600
11,11.041,2.065,20.530,48.978400
13,13.045,3.078,22.720,48.979200
15,15.049,0.591,24.910,48.980000
9,9.021,1.104,29.700,49.004800
11,11.025,2.117,20.890,49.005600
13,13.029,3.130,23.080,49.006400
15,15.033,0.500,25.270,49.007200
9,9.037,1.013,30.460,49.008000
11,11.041,2.026,21.650,49.008800
13,13.045,3.039,23.840,49.009600
15,15.049,0.552,26.030,49.010400
9,9.021,1.065,29.000,49.035200
11,11.025,2.078,20.190,49.036000
13,13.029,3.091,22.380,49.036800
15,15.033,0.604,24.570,49.037600
9,9.037,1.117,29.760,49.038400
11,11.041,2.130,20.950,49.039200
13,13.045,3.000,23.140,49.040000
15,15.049,0.513,25.330,49.040800
9,9.021,1.026,30.120,49.065600
11,11.025,2.039,21.310,49.066400
13,13.029,3.052,23.500,49.067200
15,15.033,0.565,25.690,49.068000
9,9.037,1.078,30.880,49.068800
11,11.041,2.091,20.250,49.069600
13,13.045,3.104,22.440,49.070400
15,15.049,0.617,24.630,49.071200
9,9.021,1.130,29.420,49.096000
11,11.025,2.000,20.610,49.096800
13,13.029,3.013,22.800,49.097600
15,15.033,0.526,24.990,49.098400
9,9.037,1.039,30.180,49.099200
11,11.041,2.052,21.370,49.100000
13,13.045,3.065,23.560,49.100800
15,15.049,0.578,25.750,49.101600
17,17.042,1.500,26.000,49.126400
19,19.046,2.513,28.190,49.127200
21,21.050,0.026,30.380,49.128000
23,23.054,1.039,21.570,49.128800
17,17.058,1.552,26.760,49.129600
19,19.062,2.565,28.950,49.130400
21,21.066,0.078,31.140,49.131200
23,23.070,1.091,22.330,49.132000
17,17.042,1.604,27.120,49.156800
19,19.046,2.617,29.310,49.157600
21,21.050,0.130,31.500,49.158400
23,23.054,1.000,22.690,49.159200
17,17.058,1.513,27.880,49.160000
19,19.062,2.526,28.250,49.160800
21,21.066,0.039,30.440,49.161600
23,23.070,1.052,21.630,49.162400
17,17.042,1.565,26.420,49.187200
19,19.046,2.578,28.610,49.188000
21,21.050,0.091,30.800,49.188800
23,23.054,1.104,21.990,49.189600
17,17.058,1.617,27.180,49.190400
19,19.062,2.630,29.370,49.191200
21,21.066,0.000,31.560,49.192000
23,23.070,1.013,22.750,49.192800
17,17.042,1.526,27.540,49.217600
19,19.046,2.539,29.730,49.218400
21,21.050,0.052,30.100,49.219200
23,23.054,1.065,21.290,49.220000
17,17.058,1.578,26.480,49.220800
19,19.062,2.591,28.670,49.221600
21,21.066,0.104,30.860,49.222400
23,23.070,1.117,22.050,49.223200
17,17.042,1.630,26.840,49.248000
19,19.046,2.500,29.030,49.248800
21,21.050,0.013,31.220,49.249600
23,23.054,1.026,22.410,49.250400
17,17.058,1.539,27.600,49.251200
19,19.062,2.552,29.790,49.252000
21,21.066,0.065,31.980,49.252800
23,23.070,1.078,21.350,49.253600
17,17.042,1.591,26.140,49.278400
19,19.046,2.604,28.330,49.279200
21,21.050,0.117,30.520,49.280000
23,23.054,1.130,21.710,49.280800
17,17.058,1.500,26.900,49.281600
19,19.062,2.513,29.090,49.282400
21,21.066,0.026,31.280,49.283200
23,23.070,1.039,22.470,49.284000
17,17.042,1.552,27.260,49.308800
19,19.046,2.565,29.450,49.309600
21,21.050,0.078,31.640,49.310400
23,23.054,1.091,22.830,49.311200
17,17.058,1.604,26.200,49.312000
19,19.062,2.617,28.390,49.312800
21,21.066,0.130,30.580,49.313600
23,23.070,1.000,21.770,49.314400
17,17.042,1.513,26.560,49.339200
19,19.046,2.526,28.750,49.340000
21,21.050,0.039,30.940,49.340800
23,23.054,1.052,22.130,49.341600
17,17.058,1.565,27.320,49.342400
19,19.062,2.578,29.510,49.343200
21,21.066,0.091,31.700,49.344000
23,23.070,1.104,22.890,49.344800
17,17.042,1.617,27.680,49.369600
19,19.046,2.630,28.050,49.370400
21,21.050,0.000,30.240,49.371200
23,23.054,1.013,21.430,49.372000
17,17.058,1.526,26.620,49.372800
19,19.062,2.539,28.810,49.373600
21,21.066,0.052,31.000,49.374400
23,23.070,1.065,22.190,49.375200
17,17.042,1.578,26.980,49.400000
19,19.046,2.591,29.170,49.400800
21,21.050,0.104,31.360,49.401600
23,23.054,1.117,22.550,49.402400
17,17.058,1.630,27.740,49.403200
19,19.062,2.500,29.930,49.404000
21,21.066,0.013,30.300,49.404800
23,23.070,1.026,21.490,49.405600
17,17.042,1.539,26.280,49.430400
19,19.046,2.552,28.470,49.431200
21,21.050,0.065,30.660,49.432000
23,23.054,1.078,21.850,49.432800
17,17.058,1.591,27.040,49.433600
19,19.062,2.604,29.230,49.434400
21,21.066,0.117,31.420,49.435200
23,23.070,1.130,22.610,49.436000
17,17.042,1.500,27.400,49.460800
19,19.046,2.513,29.590,49.461600
21,21.050,0.026,31.780,49.462400
23,23.054,1.039,21.150,49.463200
17,17.058,1.552,26.340,49.464000
19,19.062,2.565,28.530,49.464800
21,21.066,0.078,30.720,49.465600
23,23.070,1.091,21.910,49.466400
17,17.042,1.604,26.700,49.491200
19,19.046,2.617,28.890,49.492000
21,21.050,0.130,31.080,49.492800
23,23.054,1.000,22.270,49.493600
17,17.058,1.513,27.460,49.494400
19,19.062,2.526,29.650,49.495200
21,21.066,0.039,31.840,49.496000
23,23.070,1.052,23.030,49.496800
17,17.042,1.565,26.000,49.521600
19,19.046,2.578,28.190,49.522400
21,21.050,0.091,30.380,49.523200
23,23.054,1.104,21.570,49.524000
17,17.058,1.617,26.760,49.524800
19,19.062,2.630,28.950,49.525600
21,21.066,0.000,31.140,49.526400
23,23.070,1.013,22.330,49.527200
17,17.042,1.526,27.120,49.552000
19,19.046,2.539,29.310,49.552800
21,21.050,0.052,31.500,49.553600
23,23.054,1.065,22.690,49.554400
17,17.058,1.578,27.880,49.555200
19,19.062,2.591,28.250,49.556000
21,21.066,0.104,30.440,49.556800
23,23.070,1.117,21.630,49.557600
17,17.042,1.630,26.420,49.582400
19,19.046,2.500,28.610,49.583200
21,21.050,0.013,30.800,49.584000
23,23.054,1.026,21.990,49.584800
17,17.058,1.539,27.180,49.585600
19,19.062,2.552,29.370,49.586400
21,21.066,0.065,31.560,49.587200
23,23.070,1.078,22.750,49.588000
1,1.063,0.500,21.000,49.612800
3,3.067,1.513,23.190,49.613600
5,5.071,2.526,25.380,49.614400
7,7.075,0.039,27.570,49.615200
1,1.079,0.552,21.760,49.616000
3,3.083,1.565,23.950,49.616800
5,5.087,2.578,26.140,49.617600
7,7.091,0.091,28.330,49.618400
1,1.063,0.604,22.120,49.643200
3,3.067,1.617,24.310,49.644000
5,5.071,2.630,26.500,49.644800
7,7.075,0.000,28.690,49.645600
1,1.079,0.513,22.880,49.646400
3,3.083,1.526,23.250,49.647200
5,5.087,2.539,25.440,49.648000
7,7.091,0.052,27.630,49.648800
1,1.063,0.565,21.420,49.673600
3,3.067,1.578,23.610,49.674400
5,5.071,2.591,25.800,49.675200
7,7.075,0.104,27.990,49.676000
1,1.079,0.617,22.180,49.676800
3,3.083,1.630,24.370,49.677600
5,5.087,2.500,26.560,49.678400
7,7.091,0.013,28.750,49.679200
1,1.063,0.526,22.540,49.704000
3,3.067,1.539,24.730,49.704800
5,5.071,2.552,25.100,49.705600
7,7.075,0.065,27.290,49.706400
1,1.079,0.578,21.480,49.707200
3,3.083,1.591,23.670,49.708000
5,5.087,2.604,25.860,49.708800
7,7.091,0.117,28.050,49.709600
1,1.063,0.630,21.840,49.734400
3,3.067,1.500,24.030,49.735200
5,5.071,2.513,26.220,49.736000
7,7.075,0.026,28.410,49.736800
1,1.079,0.539,22.600,49.737600
3,3.083,1.552,24.790,49.738400
5,5.087,2.565,26.980,49.739200
7,7.091,0.078,27.350,49.740000
1,1.063,0.591,21.140,49.764800
3,3.067,1.604,23.330,49.765600
5,5.071,2.617,25.520,49.766400
7,7.075,0.130,27.710,49.767200
1,1.079,0.500,21.900,49.768000
3,3.083,1.513,24.090,49.768800
5,5.087,2.526,26.280,49.769600
7,7.091,0.039,28.470,49.770400
1,1.063,0.552,22.260,49.795200
3,3.067,1.565,24.450,49.796000
5,5.071,2.578,26.640,49.796800
7,7.075,0.091,28.830,49.797600
1,1.079,0.604,21.200,49.798400
3,3.083,1.617,23.390,49.799200
5,5.087,2.630,25.580,49.800000
7,7.091,0.000,27.770,49.800800
1,1.063,0.513,21.560,49.825600
3,3.067,1.526,23.750,49.826400
5,5.071,2.539,25.940,49.827200
7,7.075,0.052,28.130,49.828000
1,1.079,0.565,22.320,49.828800
3,3.083,1.578,24.510,49.829600
5,5.087,2.591,26.700,49.830400
7,7.091,0.104,28.890,49.831200
1,1.063,0.617,22.680,49.856000
3,3.067,1.630,23.050,49.856800
5,5.071,2.500,25.240,49.857600
7,7.075,0.013,27.430,49.858400
1,1.079,0.526,21.620,49.859200
3,3.083,1.539,23.810,49.860000
5,5.087,2.552,26.000,49.860800
7,7.091,0.065,28.190,49.861600
1,1.063,0.578,21.980,49.886400
3,3.067,1.591,24.170,49.887200
5,5.071,2.604,26.360,49.888000
7,7.075,0.117,28.550,49.888800
1,1.079,0.630,22.740,49.889600
3,3.083,1.500,24.930,49.890400
5,5.087,2.513,25.300,49.891200
7,7.091,0.026,27.490,49.892000
1,1.063,0.539,21.280,49.916800
3,3.067,1.552,23.470,49.917600
5,5.071,2.565,25.660,49.918400
7,7.075,0.078,27.850,49.919200
1,1.079,0.591,22.040,49.920000
3,3.083,1.604,24.230,49.920800
5,5.087,2.617,26.420,49.921600
7,7.091,0.130,28.610,49.922400
1,1.063,0.500,22.400,49.947200
3,3.067,1.513,24.590,49.948000
5,5.071,2.526,26.780,49.948800
7,7.075,0.039,27.150,49.949600
1,1.079,0.552,21.340,49.950400
3,3.083,1.565,23.530,49.951200
5,5.087,2.578,25.720,49.952000
7,7.091,0.091,27.910,49.952800
1,1.063,0.604,21.700,49.977600
3,3.067,1.617,23.890,49.978400
5,5.071,2.630,26.080,49.979200
7,7.075,0.000,28.270,49.980000
1,1.079,0.513,22.460,49.980800
3,3.083,1.526,24.650,49.981600
5,5.087,2.539,26.840,49.982400
7,7.091,0.052,29.030,49.983200
1,1.063,0.565,21.000,50.008000
3,3.067,1.578,23.190,50.008800
5,5.071,2.591,25.380,50.009600
7,7.075,0.104,27.570,50.010400
1,1.079,0.617,21.760,50.011200
3,3.083,1.630,23.950,50.012000
5,5.087,2.500,26.140,50.012800
7,7.091,0.013,28.330,50.013600
1,1.063,0.526,22.120,50.038400
3,3.067,1.539,24.310,50.039200
5,5.071,2.552,26.500,50.040000
7,7.075,0.065,28.690,50.040800
1,1.079,0.578,22.880,50.041600
3,3.083,1.591,23.250,50.042400
5,5.087,2.604,25.440,50.043200
7,7.091,0.117,27.630,50.044000
1,1.063,0.630,21.420,50.068800
3,3.067,1.500,23.610,50.069600
5,5.071,2.513,25.800,50.070400
7,7.075,0.026,27.990,50.071200
1,1.079,0.539,22.180,50.072000
3,3.083,1.552,24.370,50.072800
5,5.087,2.565,26.560,50.073600
7,7.091,0.078,28.750,50.074400
9,9.084,1.000,29.000,50.099200
11,11.088,2.013,20.190,50.100000
13,13.092,3.026,22.380,50.100800
15,15.096,0.539,24.570,50.101600
9,9.100,1.052,29.760,50.102400
11,11.104,2.065,20.950,50.103200
13,13.108,3.078,23.140,50.104000
15,15.112,0.591,25.330,50.104800
9,9.084,1.104,30.120,50.129600
11,11.088,2.117,21.310,50.130400
13,13.092,3.130,23.500,50.131200
15,15.096,0.500,25.690,50.132000
9,9.100,1.013,30.880,50.132800
11,11.104,2.026,20.250,50.133600
13,13.108,3.039,22.440,50.134400
15,15.112,0.552,24.630,50.135200
9,9.084,1.065,29.420,50.160000
11,11.088,2.078,20.610,50.160800
13,13.092,3.091,22.800,50.161600
15,15.096,0.604,24.990,50.162400
9,9.100,1.117,30.180,50.163200
11,11.104,2.130,21.370,50.164000
13,13.108,3.000,23.560,50.164800
15,15.112,0.513,25.750,50.165600
9,9.084,1.026,30.540,50.190400
11,11.088,2.039,21.730,50.191200
13,13.092,3.052,22.100,50.192000
15,15.096,0.565,24.290,50.192800
9,9.100,1.078,29.480,50.193600
11,11.104,2.091,20.670,50.194400
13,13.108,3.104,22.860,50.195200
15,15.112,0.617,25.050,50.196000
9,9.084,1.130,29.840,50.220800
11,11.088,2.000,21.030,50.221600
13,13.092,3.013,23.220,50.222400
15,15.096,0.526,25.410,50.223200
9,9.100,1.039,30.600,50.224000
11,11.104,2.052,21.790,50.224800
13,13.108,3.065,23.980,50.225600
15,15.112,0.578,24.350,50.226400
9,9.084,1.091,29.140,50.251200
11,11.088,2.104,20.330,50.252000
13,13.092,3.117,22.520,50.252800
15,15.096,0.630,24.710,50.253600
9,9.100,1.000,29.900,50.254400
11,11.104,2.013,21.090,50.255200
13,13.108,3.026,23.280,50.256000
15,15.112,0.539,25.470,50.256800
9,9.084,1.052,30.260,50.281600
11,11.088,2.065,21.450,50.282400
13,13.092,3.078,23.640,50.283200
15,15.096,0.591,25.830,50.284000
9,9.100,1.104,29.200,50.284800
11,11.104,2.117,20.390,50.285600
13,13.108,3.130,22.580,50.286400
15,15.112,0.500,24.770,50.287200
9,9.084,1.013,29.560,50.312000
11,11.088,2.026,20.750,50.312800
13,13.092,3.039,22.940,50.313600
15,15.096,0.552,25.130,50.314400
9,9.100,1.065,30.320,50.315200
11,11.104,2.078,21.510,50.316000
13,13.108,3.091,23.700,50.316800
15,15.112,0.604,25.890,50.317600
9,9.084,1.117,30.680,50.342400
11,11.088,2.130,20.050,50.343200
13,13.092,3.000,22.240,50.344000
15,15.096,0.513,24.430,50.344800
9,9.100,1.026,29.620,50.345600
11,11.104,2.039,20.810,50.346400
13,13.108,3.052,23.000,50.347200
15,15.112,0.565,25.190,50.348000
9,9.084,1.078,29.980,50.372800
11,11.088,2.091,21.170,50.373600
13,13.092,3.104,23.360,50.374400
15,15.096,0.617,25.550,50.375200
9,9.100,1.130,30.740,50.376000
11,11.104,2.000,21.930,50.376800
13,13.108,3.013,22.300,50.377600
15,15.112,0.526,24.490,50.378400
9,9.084,1.039,29.280,50.403200
11,11.088,2.052,20.470,50.404000
13,13.092,3.065,22.660,50.404800
15,15.096,0.578,24.850,50.405600
9,9.100,1.091,30.040,50.406400
11,11.104,2.104,21.230,50.407200
13,13.108,3.117,23.420,50.408000
15,15.112,0.630,25.610,50.408800
9,9.084,1.000,30.400,50.433600
11,11.088,2.013,21.590,50.434400
13,13.092,3.026,23.780,50.435200
15,15.096,0.539,24.150,50.436000
9,9.100,1.052,29.340,50.436800
11,11.104,2.065,20.530,50.437600
13,13.108,3.078,22.720,50.438400
15,15.112,0.591,24.910,50.439200
9,9.084,1.104,29.700,50.464000
11,11.088,2.117,20.890,50.464800
13,13.092,3.130,23.080,50.465600
15,15.096,0.500,25.270,50.466400
9,9.100,1.013,30.460,50.467200
11,11.104,2.026,21.650,50.468000
13,13.108,3.039,23.840,50.468800
15,15.112,0.552,26.030,50.469600
9,9.084,1.065,29.000,50.494400
11,11.088,2.078,20.190,50.495200
13,13.092,3.091,22.380,50.496000
15,15.096,0.604,24.570,50.496800
9,9.100,1.117,29.760,50.497600
11,11.104,2.130,20.950,50.498400
13,13.108,3.000,23.140,50.499200
15,15.112,0.513,25.330,50.500000
9,9.084,1.026,30.120,50.524800
11,11.088,2.039,21.310,50.525600
13,13.092,3.052,23.500,50.526400
15,15.096,0.565,25.690,50.527200
9,9.100,1.078,30.880,50.528000
11,11.104,2.091,20.250,50.528800
13,13.108,3.104,22.440,50.529600
15,15.112,0.617,24.630,50.530400
9,9.084,1.130,29.420,50.555200
11,11.088,2.000,20.610,50.556000
13,13.092,3.013,22.800,50.556800
15,15.096,0.526,24.990,50.557600
9,9.100,1.039,30.180,50.558400
11,11.104,2.052,21.370,50.559200
13,13.108,3.065,23.560,50.560000
15,15.112,0.578,25.750,50.560800
17,17.105,1.500,26.000,50.585600
19,19.109,2.513,28.190,50.586400
21,21.113,0.026,30.380,50.587200
23,23.117,1.039,21.570,50.588000
17,17.121,1.552,26.760,50.588800
19,19.125,2.565,28.950,50.589600
21,21.129,0.078,31.140,50.590400
23,23.133,1.091,22.330,50.591200
17,17.105,1.604,27.120,50.616000
19,19.109,2.617,29.310,50.616800
21,21.113,0.130,31.500,50.617600
23,23.117,1.000,22.690,50.618400
17,17.121,1.513,27.880,50.619200
19,19.125,2.526,28.250,50.620000
21,21.129,0.039,30.440,50.620800
23,23.133,1.052,21.630,50.621600
17,17.105,1.565,26.420,50.646400
19,19.109,2.578,28.610,50.647200
21,21.113,0.091,30.800,50.648000
23,23.117,1.104,21.990,50.648800
17,17.121,1.617,27.180,50.649600
19,19.125,2.630,29.370,50.650400
21,21.129,0.000,31.560,50.651200
23,23.133,1.013,22.750,50.652000
17,17.105,1.526,27.540,50.676800
19,19.109,2.539,29.730,50.677600
21,21.113,0.052,30.100,50.678400
23,23.117,1.065,21.290,50.679200
17,17.121,1.578,26.480,50.680000
19,19.125,2.591,28.670,50.680800
21,21.129,0.104,30.860,50.681600
23,23.133,1.117,22.050,50.682400
17,17.105,1.630,26.840,50.707200
19,19.109,2.500,29.030,50.708000
21,21.113,0.013,31.220,50.708800
23,23.117,1.026,22.410,50.709600
17,17.121,1.539,27.600,50.710400
19,19.125,2.552,29.790,50.711200
21,21.129,0.065,31.980,50.712000
23,23.133,1.078,21.350,50.712800
17,17.105,1.591,26.140,50.737600
19,19.109,2.604,28.330,50.738400
21,21.113,0.117,30.520,50.739200
23,23.117,1.130,21.710,50.740000
17,17.121,1.500,26.900,50.740800
19,19.125,2.513,29.090,50.741600
21,21.129,0.026,31.280,50.742400
23,23.133,1.039,22.470,50.743200
17,17.105,1.552,27.260,50.768000
19,19.109,2.565,29.450,50.768800
21,21.113,0.078,31.640,50.769600
23,23.117,1.091,22.830,50.770400
17,17.121,1.604,26.200,50.771200
19,19.125,2.617,28.390,50.772000
21,21.129,0.130,30.580,50.772800
23,23.133,1.000,21.770,50.773600
17,17.105,1.513,26.560,50.798400
19,19.109,2.526,28.750,50.799200
21,21.113,0.039,30.940,50.800000
23,23.117,1.052,22.130,50.800800
17,17.121,1.565,27.320,50.801600
19,19.125,2.578,29.510,50.802400
21,21.129,0.091,31.700,50.803200
23,23.133,1.104,22.890,50.804000
17,17.105,1.617,27.680,50.828800
19,19.109,2.630,28.050,50.829600
21,21.113,0.000,30.240,50.830400
23,23.117,1.013,21.430,50.831200
17,17.121,1.526,26.620,50.832000
19,19.125,2.539,28.810,50.832800
21,21.129,0.052,31.000,50.833600
23,23.133,1.065,22.190,50.834400
17,17.105,1.578,26.980,50.859200
19,19.109,2.591,29.170,50.860000
21,21.113,0.104,31.360,50.860800
23,23.117,1.117,22.550,50.861600
17,17.121,1.630,27.740,50.862400
19,19.125,2.500,29.930,50.863200
21,21.129,0.013,30.300,50.864000
23,23.133,1.026,21.490,50.864800
17,17.105,1.539,26.280,50.889600
19,19.109,2.552,28.470,50.890400
21,21.113,0.065,30.660,50.891200
23,23.117,1.078,21.850,50.892000
17,17.121,1.591,27.040,50.892800
19,19.125,2.604,29.230,50.893600
21,21.129,0.117,31.420,50.894400
23,23.133,1.130,22.610,50.895200
17,17.105,1.500,27.400,50.920000
19,19.109,2.513,29.590,50.920800
21,21.113,0.026,31.780,50.921600
23,23.117,1.039,21.150,50.922400
17,17.121,1.552,26.340,50.923200
19,19.125,2.565,28.530,50.924000
21,21.129,0.078,30.720,50.924800
23,23.133,1.091,21.910,50.925600
17,17.105,1.604,26.700,50.950400
19,19.109,2.617,28.890,50.951200
21,21.113,0.130,31.080,50.952000
23,23.117,1.000,22.270,50.952800
17,17.121,1.513,27.460,50.953600
19,19.125,2.526,29.650,50.954400
21,21.129,0.039,31.840,50.955200
23,23.133,1.052,23.030,50.956000
17,17.105,1.565,26.000,50.980800
19,19.109,2.578,28.190,50.981600
21,21.113,0.091,30.380,50.982400
23,23.117,1.104,21.570,50.983200
17,17.121,1.617,26.760,50.984000
19,19.125,2.630,28.950,50.984800
21,21.129,0.000,31.140,50.985600
23,23.133,1.013,22.330,50.986400
17,17.105,1.526,27.120,51.011200
19,19.109,2.539,29.310,51.012000
21,21.113,0.052,31.500,51.012800
23,23.117,1.065,22.690,51.013600
17,17.121,1.578,27.880,51.014400
19,19.125,2.591,28.250,51.015200
21,21.129,0.104,30.440,51.016000
23,23.133,1.117,21.630,51.016800
17,17.105,1.630,26.420,51.041600
19,19.109,2.500,28.610,51.042400
21,21.113,0.013,30.800,51.043200
23,23.117,1.026,21.990,51.044000
17,17.121,1.539,27.180,51.044800
19,19.125,2.552,29.370,51.045600
21,21.129,0.065,31.560,51.046400
23,23.133,1.078,22.750,51.047200
1,1.126,0.500,21.000,51.072000
3,3.130,1.513,23.190,51.072800
5,5.134,2.526,25.380,51.073600
7,7.138,0.039,27.570,51.074400
1,1.142,0.552,21.760,51.075200
3,3.146,1.565,23.950,51.076000
5,5.150,2.578,26.140,51.076800
7,7.154,0.091,28.330,51.077600
1,1.126,0.604,22.120,51.102400
3,3.130,1.617,24.310,51.103200
5,5.134,2.630,26.500,51.104000
7,7.138,0.000,28.690,51.104800
1,1.142,0.513,22.880,51.105600
3,3.146,1.526,23.250,51.106400
5,5.150,2.539,25.440,51.107200
7,7.154,0.052,27.630,51.108000
1,1.126,0.565,21.420,51.132800
3,3.130,1.578,23.610,51.133600
5,5.134,2.591,25.800,51.134400
7,7.138,0.104,27.990,51.135200
1,1.142,0.617,22.180,51.136000
3,3.146,1.630,24.370,51.136800
5,5.150,2.500,26.560,51.137600
7,7.154,0.013,28.750,51.138400
1,1.126,0.526,22.540,51.163200
3,3.130,1.539,24.730,51.164000
5,5.134,2.552,25.100,51.164800
7,7.138,0.065,27.290,51.165600
1,1.142,0.578,21.480,51.166400
3,3.146,1.591,23.670,51.167200
5,5.150,2.604,25.860,51.168000
7,7.154,0.117,28.050,51.168800
1,1.126,0.630,21.840,51.193600
3,3.130,1.500,24.030,51.194400
5,5.134,2.513,26.220,51.195200
7,7.138,0.026,28.410,51.196000
1,1.142,0.539,22.600,51.196800
3,3.146,1.552,24.790,51.197600
5,5.150,2.565,26.980,51.198400
7,7.154,0.078,27.350,51.199200
1,1.126,0.591,21.140,51.224000
3,3.130,1.604,23.330,51.224800
5,5.134,2.617,25.520,51.225600
7,7.138,0.130,27.710,51.226400
1,1.142,0.500,21.900,51.227200
3,3.146,1.513,24.090,51.228000
5,5.150,2.526,26.280,51.228800
7,7.154,0.039,28.470,51.229600
1,1.126,0.552,22.260,51.254400
3,3.130,1.565,24.450,51.255200
5,5.134,2.578,26.640,51.256000
7,7.138,0.091,28.830,51.256800
1,1.142,0.604,21.200,51.257600
3,3.146,1.617,23.390,51.258400
5,5.150,2.630,25.580,51.259200
7,7.154,0.000,27.770,51.260000
1,1.126,0.513,21.560,51.284800
3,3.130,1.526,23.750,51.285600
5,5.134,2.539,25.940,51.286400
7,7.138,0.052,28.130,51.287200
1,1.142,0.565,22.320,51.288000
3,3.146,1.578,24.510,51.288800
5,5.150,2.591,26.700,51.289600
7,7.154,0.104,28.890,51.290400
1,1.126,0.617,22.680,51.315200
3,3.130,1.630,23.050,51.316000
5,5.134,2.500,25.240,51.316800
7,7.138,0.013,27.430,51.317600
1,1.142,0.526,21.620,51.318400
3,3.146,1.539,23.810,51.319200
5,5.150,2.552,26.000,51.320000
7,7.154,0.065,28.190,51.320800
1,1.126,0.578,21.980,51.345600
3,3.130,1.591,24.170,51.346400
5,5.134,2.604,26.360,51.347200
7,7.138,0.117,28.550,51.348000
1,1.142,0.630,22.740,51.348800
3,3.146,1.500,24.930,51.349600
5,5.150,2.513,25.300,51.350400
7,7.154,0.026,27.490,51.351200
1,1.126,0.539,21.280,51.376000
3,3.130,1.552,23.470,51.376800
5,5.134,2.565,25.660,51.377600
7,7.138,0.078,27.850,51.378400
1,1.142,0.591,22.040,51.379200
3,3.146,1.604,24.230,51.380000
5,5.150,2.617,26.420,51.380800
7,7.154,0.130,28.610,51.381600
1,1.126,0.500,22.400,51.406400
3,3.130,1.513,24.590,51.407200
5,5.134,2.526,26.780,51.408000
7,7.138,0.039,27.150,51.408800
1,1.142,0.552,21.340,51.409600
3,3.146,1.565,23.530,51.410400
5,5.150,2.578,25.720,51.411200
7,7.154,0.091,27.910,51.412000
1,1.126,0.604,21.700,51.436800
3,3.130,1.617,23.890,51.437600
5,5.134,2.630,26.080,51.438400
7,7.138,0.000,28.270,51.439200
1,1.142,0.513,22.460,51.440000
3,3.146,1.526,24.650,51.440800
5,5.150,2.539,26.840,51.441600
7,7.154,0.052,29.030,51.442400
1,1.126,0.565,21.000,51.467200
3,3.130,1.578,23.190,51.468000
5,5.134,2.591,25.380,51.468800
7,7.138,0.104,27.570,51.469600
1,1.142,0.617,21.760,51.470400
3,3.146,1.630,23.950,51.471200
5,5.150,2.500,26.140,51.472000
7,7.154,0.013,28.330,51.472800
1,1.126,0.526,22.120,51.497600
3,3.130,1.539,24.310,51.498400
5,5.134,2.552,26.500,51.499200
7,7.138,0.065,28.690,51.500000
1,1.142,0.578,22.880,51.500800
3,3.146,1.591,23.250,51.501600
5,5.150,2.604,25.440,51.502400
7,7.154,0.117,27.630,51.503200
1,1.126,0.630,21.420,51.528000
3,3.130,1.500,23.610,51.528800
5,5.134,2.513,25.800,51.529600
7,7.138,0.026,27.990,51.530400
1,1.142,0.539,22.180,51.531200
3,3.146,1.552,24.370,51.532000
5,5.150,2.565,26.560,51.532800
7,7.154,0.078,28.750,51.533600
9,9.147,1.000,29.000,51.558400
11,11.151,2.013,20.190,51.559200
13,13.155,3.026,22.380,51.560000
15,15.159,0.539,24.570,51.560800
9,9.163,1.052,29.760,51.561600
11,11.167,2.065,20.950,51.562400
13,13.171,3.078,23.140,51.563200
15,15.175,0.591,25.330,51.564000
9,9.147,1.104,30.120,51.588800
11,11.151,2.117,21.310,51.589600
13,13.155,3.130,23.500,51.590400
15,15.159,0.500,25.690,51.591200
9,9.163,1.013,30.880,51.592000
11,11.167,2.026,20.250,51.592800
13,13.171,3.039,22.440,51.593600
15,15.175,0.552,24.630,51.594400
9,9.147,1.065,29.420,51.619200
11,11.151,2.078,20.610,51.620000
13,13.155,3.091,22.800,51.620800
15,15.159,0.604,24.990,51.621600
9,9.163,1.117,30.180,51.622400
11,11.167,2.130,21.370,51.623200
13,13.171,3.000,23.560,51.624000
15,15.175,0.513,25.750,51.624800
9,9.147,1.026,30.540,51.649600
11,11.151,2.039,21.730,51.650400
13,13.155,3.052,22.100,51.651200
15,15.159,0.565,24.290,51.652000
9,9.163,1.078,29.480,51.652800
11,11.167,2.091,20.670,51.653600
13,13.171,3.104,22.860,51.654400
15,15.175,0.617,25.050,51.655200
9,9.147,1.130,29.840,51.680000
11,11.151,2.000,21.030,51.680800
13,13.155,3.013,23.220,51.681600
15,15.159,0.526,25.410,51.682400
9,9.163,1.039,30.600,51.683200
11,11.167,2.052,21.790,51.684000
13,13.171,3.065,23.980,51.684800
15,15.175,0.578,24.350,51.685600
9,9.147,1.091,29.140,51.710400
11,11.151,2.104,20.330,51.711200
13,13.155,3.117,22.520,51.712000
15,15.159,0.630,24.710,51.712800
9,9.163,1.000,29.900,51.713600
11,11.167,2.013,21.090,51.714400
13,13.171,3.026,23.280,51.715200
15,15.175,0.539,25.470,51.716000
9,9.147,1.052,30.260,51.740800
11,11.151,2.065,21.450,51.741600
13,13.155,3.078,23.640,51.742400
15,15.159,0.591,25.830,51.743200
9,9.163,1.104,29.200,51.744000
11,11.167,2.117,20.390,51.744800
13,13.171,3.130,22.580,51.745600
15,15.175,0.500,24.770,51.746400
9,9.147,1.013,29.560,51.771200
11,11.151,2.026,20.750,51.772000
13,13.155,3.039,22.940,51.772800
15,15.159,0.552,25.130,51.773600
9,9.163,1.065,30.320,51.774400
11,11.167,2.078,21.510,51.775200
13,13.171,3.091,23.700,51.776000
15,15.175,0.604,25.890,51.776800
9,9.147,1.117,30.680,51.801600
11,11.151,2.130,20.050,51.802400
13,13.155,3.000,22.240,51.803200
15,15.159,0.513,24.430,51.804000
9,9.163,1.026,29.620,51.804800
11,11.167,2.039,20.810,51.805600
13,13.171,3.052,23.000,51.806400
15,15.175,0.565,25.190,51.807200
9,9.147,1.078,29.980,51.832000
11,11.151,2.091,21.170,51.832800
13,13.155,3.104,23.360,51.833600
15,15.159,0.617,25.550,51.834400
9,9.163,1.130,30.740,51.835200
11,11.167,2.000,21.930,51.836000
13,13.171,3.013,22.300,51.836800
15,15.175,0.526,24.490,51.837600
9,9.147,1.039,29.280,51.862400
11,11.151,2.052,20.470,51.863200
13,13.155,3.065,22.660,51.864000
15,15.159,0.578,24.850,51.864800
9,9.163,1.091,30.040,51.865600
11,11.167,2.104,21.230,51.866400
13,13.171,3.117,23.420,51.867200
15,15.175,0.630,25.610,51.868000
9,9.147,1.000,30.400,51.892800
11,11.151,2.013,21.590,51.893600
13,13.155,3.026,23.780,51.894400
15,15.159,0.539,24.150,51.895200
9,9.163,1.052,29.340,51.896000
11,11.167,2.065,20.530,51.896800
13,13.171,3.078,22.720,51.897600
15,15.175,0.591,24.910,51.898400
9,9.147,1.104,29.700,51.923200
11,11.151,2.117,20.890,51.924000
13,13.155,3.130,23.080,51.924800
15,15.159,0.500,25.270,51.925600
9,9.163,1.013,30.460,51.926400
11,11.167,2.026,21.650,51.927200
13,13.171,3.039,23.840,51.928000
15,15.175,0.552,26.030,51.928800
9,9.147,1.065,29.000,51.953600
11,11.151,2.078,20.190,51.954400
13,13.155,3.091,22.380,51.955200
15,15.159,0.604,24.570,51.956000
9,9.163,1.117,29.760,51.956800
11,11.167,2.130,20.950,51.957600
13,13.171,3.000,23.140,51.958400
15,15.175,0.513,25.330,51.959200
9,9.147,1.026,30.120,51.984000
11,11.151,2.039,21.310,51.984800
13,13.155,3.052,23.500,51.985600
15,15.159,0.565,25.690,51.986400
9,9.163,1.078,30.880,51.987200
11,11.167,2.091,20.250,51.988000
13,13.171,3.104,22.440,51.988800
15,15.175,0.617,24.630,51.989600
9,9.147,1.130,29.420,52.014400
11,11.151,2.000,20.610,52.015200
13,13.155,3.013,22.800,52.016000
15,15.159,0.526,24.990,52.016800
9,9.163,1.039,30.180,52.017600
11,11.167,2.052,21.370,52.018400
13,13.171,3.065,23.560,52.019200
15,15.175,0.578,25.750,52.020000
17,17.168,1.500,26.000,52.044800
19,19.172,2.513,28.190,52.045600
21,21.176,0.026,30.380,52.046400
23,23.180,1.039,21.570,52.047200
17,17.184,1.552,26.760,52.048000
19,19.188,2.565,28.950,52.048800
21,21.192,0.078,31.140,52.049600
23,23.196,1.091,22.330,52.050400
17,17.168,1.604,27.120,52.075200
19,19.172,2.617,29.310,52.076000
21,21.176,0.130,31.500,52.076800
23,23.180,1.000,22.690,52.077600
17,17.184,1.513,27.880,52.078400
19,19.188,2.526,28.250,52.079200
21,21.192,0.039,30.440,52.080000
23,23.196,1.052,21.630,52.080800
17,17.168,1.565,26.420,52.105600
19,19.172,2.578,28.610,52.106400
21,21.176,0.091,30.800,52.107200
23,23.180,1.104,21.990,52.108000
17,17.184,1.617,27.180,52.108800
19,19.188,2.630,29.370,52.109600
21,21.192,0.000,31.560,52.110400
23,23.196,1.013,22.750,52.111200
17,17.168,1.526,27.540,52.136000
19,19.172,2.539,29.730,52.136800
21,21.176,0.052,30.100,52.137600
23,23.180,1.065,21.290,52.138400
17,17.184,1.578,26.480,52.139200
19,19.188,2.591,28.670,52.140000
21,21.192,0.104,30.860,52.140800
23,23.196,1.117,22.050,52.141600
17,17.168,1.630,26.840,52.166400
19,19.172,2.500,29.030,52.167200
21,21.176,0.013,31.220,52.168000
23,23.180,1.026,22.410,52.168800
17,17.184,1.539,27.600,52.169600
19,19.188,2.552,29.790,52.170400
21,21.192,0.065,31.980,52.171200
23,23.196,1.078,21.350,52.172000
17,17.168,1.591,26.140,52.196800
19,19.172,2.604,28.330,52.197600
21,21.176,0.117,30.520,52.198400
23,23.180,1.130,21.710,52.199200
17,17.184,1.500,26.900,52.200000
19,19.188,2.513,29.090,52.200800
21,21.192,0.026,31.280,52.201600
23,23.196,1.039,22.470,52.202400
17,17.168,1.552,27.260,52.227200
19,19.172,2.565,29.450,52.228000
21,21.176,0.078,31.640,52.228800
23,23.180,1.091,22.830,52.229600
17,17.184,1.604,26.200,52.230400
19,19.188,2.617,28.390,52.231200
21,21.192,0.130,30.580,52.232000
23,23.196,1.000,21.770,52.232800
17,17.168,1.513,26.560,52.257600
19,19.172,2.526,28.750,52.258400
21,21.176,0.039,30.940,52.259200
23,23.180,1.052,22.130,52.260000
17,17.184,1.565,27.320,52.260800
19,19.188,2.578,29.510,52.261600
21,21.192,0.091,31.700,52.262400
23,23.196,1.104,22.890,52.263200
17,17.168,1.617,27.680,52.288000
19,19.172,2.630,28.050,52.288800
21,21.176,0.000,30.240,52.289600
23,23.180,1.013,21.430,52.290400
17,17.184,1.526,26.620,52.291200
19,19.188,2.539,28.810,52.292000
21,21.192,0.052,31.000,52.292800
23,23.196,1.065,22.190,52.293600
17,17.168,1.578,26.980,52.318400
19,19.172,2.591,29.170,52.319200
21,21.176,0.104,31.360,52.320000
23,23.180,1.117,22.550,52.320800
17,17.184,1.630,27.740,52.321600
19,19.188,2.500,29.930,52.322400
21,21.192,0.013,30.300,52.323200
23,23.196,1.026,21.490,52.324000
17,17.168,1.539,26.280,52.348800
19,19.172,2.552,28.470,52.349600
21,21.176,0.065,30.660,52.350400
23,23.180,1.078,21.850,52.351200
17,17.184,1.591,27.040,52.352000
19,19.188,2.604,29.230,52.352800
21,21.192,0.117,31.420,52.353600
23,23.196,1.130,22.610,52.354400
17,17.168,1.500,27.400,52.379200
19,19.172,2.513,29.590,52.380000
21,21.176,0.026,31.780,52.380800
23,23.180,1.039,21.150,52.381600
17,17.184,1.552,26.340,52.382400
19,19.188,2.565,28.530,52.383200
21,21.192,0.078,30.720,52.384000
23,23.196,1.091,21.910,52.384800
17,17.168,1.604,26.700,52.409600
19,19.172,2.617,28.890,52.410400
21,21.176,0.130,31.080,52.411200
23,23.180,1.000,22.270,52.412000
17,17.184,1.513,27.460,52.412800
19,19.188,2.526,29.650,52.413600
21,21.192,0.039,31.840,52.414400
23,23.196,1.052,23.030,52.415200
17,17.168,1.565,26.000,52.440000
19,19.172,2.578,28.190,52.440800
21,21.176,0.091,30.380,52.441600
23,23.180,1.104,21.570,52.442400
17,17.184,1.617,26.760,52.443200
19,19.188,2.630,28.950,52.444000
21,21.192,0.000,31.140,52.444800
23,23.196,1.013,22.330,52.445600
17,17.168,1.526,27.120,52.470400
19,19.172,2.539,29.310,52.471200
21,21.176,0.052,31.500,52.472000
23,23.180,1.065,22.690,52.472800
17,17.184,1.578,27.880,52.473600
19,19.188,2.591,28.250,52.474400
21,21.192,0.104,30.440,52.475200
23,23.196,1.117,21.630,52.476000
17,17.168,1.630,26.420,52.500800
19,19.172,2.500,28.610,52.501600
21,21.176,0.013,30.800,52.502400
23,23.180,1.026,21.990,52.503200
17,17.184,1.539,27.180,52.504000
19,19.188,2.552,29.370,52.504800
21,21.192,0.065,31.560,52.505600
23,23.196,1.078,22.750,52.506400
1,1.000,0.500,21.000,52.531200
3,3.004,1.513,23.190,52.532000
5,5.008,2.526,25.380,52.532800
7,7.012,0.039,27.570,52.533600
1,1.016,0.552,21.760,52.534400
3,3.020,1.565,23.950,52.535200
5,5.024,2.578,26.140,52.536000
7,7.028,0.091,28.330,52.536800
1,1.000,0.604,22.120,52.561600
3,3.004,1.617,24.310,52.562400
5,5.008,2.630,26.500,52.563200
7,7.012,0.000,28.690,52.564000
1,1.016,0.513,22.880,52.564800
3,3.020,1.526,23.250,52.565600
5,5.024,2.539,25.440,52.566400
7,7.028,0.052,27.630,52.567200
1,1.000,0.565,21.420,52.592000
3,3.004,1.578,23.610,52.592800
5,5.008,2.591,25.800,52.593600
7,7.012,0.104,27.990,52.594400
1,1.016,0.617,22.180,52.595200
3,3.020,1.630,24.370,52.596000
5,5.024,2.500,26.560,52.596800
7,7.028,0.013,28.750,52.597600
1,1.000,0.526,22.540,52.622400
3,3.004,1.539,24.730,52.623200
5,5.008,2.552,25.100,52.624000
7,7.012,0.065,27.290,52.624800
1,1.016,0.578,21.480,52.625600
3,3.020,1.591,23.670,52.626400
5,5.024,2.604,25.860,52.627200
7,7.028,0.117,28.050,52.628000
1,1.000,0.630,21.840,52.652800
3,3.004,1.500,24.030,52.653600
5,5.008,2.513,26.220,52.654400
7,7.012,0.026,28.410,52.655200
1,1.016,0.539,22.600,52.656000
3,3.020,1.552,24.790,52.656800
5,5.024,2.565,26.980,52.657600
7,7.028,0.078,27.350,52.658400
1,1.000,0.591,21.140,52.683200
3,3.004,1.604,23.330,52.684000
5,5.008,2.617,25.520,52.684800
7,7.012,0.130,27.710,52.685600
1,1.016,0.500,21.900,52.686400
3,3.020,1.513,24.090,52.687200
5,5.024,2.526,26.280,52.688000
7,7.028,0.039,28.470,52.688800
1,1.000,0.552,22.260,52.713600
3,3.004,1.565,24.450,52.714400
5,5.008,2.578,26.640,52.715200
7,7.012,0.091,28.830,52.716000
1,1.016,0.604,21.200,52.716800
3,3.020,1.617,23.390,52.717600
5,5.024,2.630,25.580,52.718400
7,7.028,0.000,27.770,52.719200
1,1.000,0.513,21.560,52.744000
3,3.004,1.526,23.750,52.744800
5,5.008,2.539,25.940,52.745600
7,7.012,0.052,28.130,52.746400
1,1.016,0.565,22.320,52.747200
3,3.020,1.578,24.510,52.748000
5,5.024,2.591,26.700,52.748800
7,7.028,0.104,28.890,52.749600
1,1.000,0.617,22.680,52.774400
3,3.004,1.630,23.050,52.775200
5,5.008,2.500,25.240,52.776000
7,7.012,0.013,27.430,52.776800
1,1.016,0.526,21.620,52.777600
3,3.020,1.539,23.810,52.778400
5,5.024,2.552,26.000,52.779200
7,7.028,0.065,28.190,52.780000
1,1.000,0.578,21.980,52.804800
3,3.004,1.591,24.170,52.805600
5,5.008,2.604,26.360,52.806400
7,7.012,0.117,28.550,52.807200
1,1.016,0.630,22.740,52.808000
3,3.020,1.500,24.930,52.808800
5,5.024,2.513,25.300,52.809600
7,7.028,0.026,27.490,52.810400
1,1.000,0.539,21.280,52.835200
3,3.004,1.552,23.470,52.836000
5,5.008,2.565,25.660,52.836800
7,7.012,0.078,27.850,52.837600
1,1.016,0.591,22.040,52.838400
3,3.020,1.604,24.230,52.839200
5,5.024,2.617,26.420,52.840000
7,7.028,0.130,28.610,52.840800
1,1.000,0.500,22.400,52.865600
3,3.004,1.513,24.590,52.866400
5,5.008,2.526,26.780,52.867200
7,7.012,0.039,27.150,52.868000
1,1.016,0.552,21.340,52.868800
3,3.020,1.565,23.530,52.869600
5,5.024,2.578,25.720,52.870400
7,7.028,0.091,27.910,52.871200
1,1.000,0.604,21.700,52.896000
3,3.004,1.617,23.890,52.896800
5,5.008,2.630,26.080,52.897600
7,7.012,0.000,28.270,52.898400
1,1.016,0.513,22.460,52.899200
3,3.020,1.526,24.650,52.900000
5,5.024,2.539,26.840,52.900800
7,7.028,0.052,29.030,52.901600
1,1.000,0.565,21.000,52.926400
3,3.004,1.578,23.190,52.927200
5,5.008,2.591,25.380,52.928000
7,7.012,0.104,27.570,52.928800
1,1.016,0.617,21.760,52.929600
3,3.020,1.630,23.950,52.930400
5,5.024,2.500,26.140,52.931200
7,7.028,0.013,28.330,52.932000
1,1.000,0.526,22.120,52.956800
3,3.004,1.539,24.310,52.957600
5,5.008,2.552,26.500,52.958400
7,7.012,0.065,28.690,52.959200
1,1.016,0.578,22.880,52.960000
3,3.020,1.591,23.250,52.960800
5,5.024,2.604,25.440,52.961600
7,7.028,0.117,27.630,52.962400
1,1.000,0.630,21.420,52.987200
3,3.004,1.500,23.610,52.988000
5,5.008,2.513,25.800,52.988800
7,7.012,0.026,27.990,52.989600
1,1.016,0.539,22.180,52.990400
3,3.020,1.552,24.370,52.991200
5,5.024,2.565,26.560,52.992000
7,7.028,0.078,28.750,52.992800
9,9.021,1.000,29.000,53.017600
11,11.025,2.013,20.190,53.018400
13,13.029,3.026,22.380,53.019200
15,15.033,0.539,24.570,53.020000
9,9.037,1.052,29.760,53.020800
11,11.041,2.065,20.950,53.021600
13,13.045,3.078,23.140,53.022400
15,15.049,0.591,25.330,53.023200
9,9.021,1.104,30.120,53.048000
11,11.025,2.117,21.310,53.048800
13,13.029,3.130,23.500,53.049600
15,15.033,0.500,25.690,53.050400
9,9.037,1.013,30.880,53.051200
11,11.041,2.026,20.250,53.052000
13,13.045,3.039,22.440,53.052800
15,15.049,0.552,24.630,53.053600
9,9.021,1.065,29.420,53.078400
11,11.025,2.078,20.610,53.079200
13,13.029,3.091,22.800,53.080000
15,15.033,0.604,24.990,53.080800
9,9.037,1.117,30.180,53.081600
11,11.041,2.130,21.370,53.082400
13,13.045,3.000,23.560,53.083200
15,15.049,0.513,25.750,53.084000
9,9.021,1.026,30.540,53.108800
11,11.025,2.039,21.730,53.109600
13,13.029,3.052,22.100,53.110400
15,15.033,0.565,24.290,53.111200
9,9.037,1.078,29.480,53.112000
11,11.041,2.091,20.670,53.112800
13,13.045,3.104,22.860,53.113600
15,15.049,0.617,25.050,53.114400
9,9.021,1.130,29.840,53.139200
11,11.025,2.000,21.030,53.140000
13,13.029,3.013,23.220,53.140800
15,15.033,0.526,25.410,53.141600
9,9.037,1.039,30.600,53.142400
11,11.041,2.052,21.790,53.143200
13,13.045,3.065,23.980,53.144000
15,15.049,0.578,24.350,53.144800
9,9.021,1.091,29.140,53.169600
11,11.025,2.104,20.330,53.170400
13,13.029,3.117,22.520,53.171200
15,15.033,0.630,24.710,53.172000
9,9.037,1.000,29.900,53.172800
11,11.041,2.013,21.090,53.173600
13,13.045,3.026,23.280,53.174400
15,15.049,0.539,25.470,53.175200
9,9.021,1.052,30.260,53.200000
11,11.025,2.065,21.450,53.200800
13,13.029,3.078,23.640,53.201600
15,15.033,0.591,25.830,53.202400
9,9.037,1.104,29.200,53.203200
11,11.041,2.117,20.390,53.204000
13,13.045,3.130,22.580,53.204800
15,15.049,0.500,24.770,53.205600
9,9.021,1.013,29.560,53.230400
11,11.025,2.026,20.750,53.231200
13,13.029,3.039,22.940,53.232000
15,15.033,0.552,25.130,53.232800
9,9.037,1.065,30.320,53.233600
11,11.041,2.078,21.510,53.234400
13,13.045,3.091,23.700,53.235200
15,15.049,0.604,25.890,53.236000
9,9.021,1.117,30.680,53.260800
11,11.025,2.130,20.050,53.261600
13,13.029,3.000,22.240,53.262400
15,15.033,0.513,24.430,53.263200
9,9.037,1.026,29.620,53.264000
11,11.041,2.039,20.810,53.264800
13,13.045,3.052,23.000,53.265600
15,15.049,0.565,25.190,53.266400
9,9.021,1.078,29.980,53.291200
11,11.025,2.091,21.170,53.292000
13,13.029,3.104,23.360,53.292800
15,15.033,0.617,25.550,53.293600
9,9.037,1.130,30.740,53.294400
11,11.041,2.000,21.930,53.295200
13,13.045,3.013,22.300,53.296000
15,15.049,0.526,24.490,53.296800
9,9.021,1.039,29.280,53.321600
11,11.025,2.052,20.470,53.322400
13,13.029,3.065,22.660,53.323200
15,15.033,0.578,24.850,53.324000
9,9.037,1.091,30.040,53.324800
11,11.041,2.104,21.230,53.325600
13,13.045,3.117,23.420,53.326400
15,15.049,0.630,25.610,53.327200
9,9.021,1.000,30.400,53.352000
11,11.025,2.013,21.590,53.352800
13,13.029,3.026,23.780,53.353600
15,15.033,0.539,24.150,53.354400
9,9.037,1.052,29.340,53.355200
11,11.041,2.065,20.530,53.356000
13,13.045,3.078,22.720,53.356800
15,15.049,0.591,24.910,53.357600
9,9.021,1.104,29.700,53.382400
11,11.025,2.117,20.890,53.383200
13,13.029,3.130,23.080,53.384000
15,15.033,0.500,25.270,53.384800
9,9.037,1.013,30.460,53.385600
11,11.041,2.026,21.650,53.386400
13,13.045,3.039,23.840,53.387200
15,15.049,0.552,26.030,53.388000
9,9.021,1.065,29.000,53.412800
11,11.025,2.078,20.190,53.413600
13,13.029,3.091,22.380,53.414400
15,15.033,0.604,24.570,53.415200
9,9.037,1.117,29.760,53.416000
11,11.041,2.130,20.950,53.416800
13,13.045,3.000,23.140,53.417600
15,15.049,0.513,25.330,53.418400
9,9.021,1.026,30.120,53.443200
11,11.025,2.039,21.310,53.444000
13,13.029,3.052,23.500,53.444800
15,15.033,0.565,25.690,53.445600
9,9.037,1.078,30.880,53.446400
11,11.041,2.091,20.250,53.447200
13,13.045,3.104,22.440,53.448000
15,15.049,0.617,24.630,53.448800
9,9.021,1.130,29.420,53.473600
11,11.025,2.000,20.610,53.474400
13,13.029,3.013,22.800,53.475200
15,15.033,0.526,24.990,53.476000
9,9.037,1.039,30.180,53.476800
11,11.041,2.052,21.370,53.477600
13,13.045,3.065,23.560,53.478400
15,15.049,0.578,25.750,53.479200
17,17.042,1.500,26.000,53.504000
19,19.046,2.513,28.190,53.504800
21,21.050,0.026,30.380,53.505600
23,23.054,1.039,21.570,53.506400
17,17.058,1.552,26.760,53.507200
19,19.062,2.565,28.950,53.508000
21,21.066,0.078,31.140,53.508800
23,23.070,1.091,22.330,53.509600
17,17.042,1.604,27.120,53.534400
19,19.046,2.617,29.310,53.535200
21,21.050,0.130,31.500,53.536000
23,23.054,1.000,22.690,53.536800
17,17.058,1.513,27.880,53.537600
19,19.062,2.526,28.250,53.538400
21,21.066,0.039,30.440,53.539200
23,23.070,1.052,21.630,53.540000
17,17.042,1.565,26.420,53.564800
19,19.046,2.578,28.610,53.565600
21,21.050,0.091,30.800,53.566400
23,23.054,1.104,21.990,53.567200
17,17.058,1.617,27.180,53.568000
19,19.062,2.630,29.370,53.568800
21,21.066,0.000,31.560,53.569600
23,23.070,1.013,22.750,53.570400
17,17.042,1.526,27.540,53.595200
19,19.046,2.539,29.730,53.596000
21,21.050,0.052,30.100,53.596800
23,23.054,1.065,21.290,53.597600
17,17.058,1.578,26.480,53.598400
19,19.062,2.591,28.670,53.599200
21,21.066,0.104,30.860,53.600000
23,23.070,1.117,22.050,53.600800
17,17.042,1.630,26.840,53.625600
19,19.046,2.500,29.030,53.626400
21,21.050,0.013,31.220,53.627200
23,23.054,1.026,22.410,53.628000
17,17.058,1.539,27.600,53.628800
19,19.062,2.552,29.790,53.629600
21,21.066,0.065,31.980,53.630400
23,23.070,1.078,21.350,53.631200
17,17.042,1.591,26.140,53.656000
19,19.046,2.604,28.330,53.656800
21,21.050,0.117,30.520,53.657600
23,23.054,1.130,21.710,53.658400
17,17.058,1.500,26.900,53.659200
19,19.062,2.513,29.090,53.660000
21,21.066,0.026,31.280,53.660800
23,23.070,1.039,22.470,53.661600
17,17.042,1.552,27.260,53.686400
19,19.046,2.565,29.450,53.687200
21,21.050,0.078,31.640,53.688000
23,23.054,1.091,22.830,53.688800
17,17.058,1.604,26.200,53.689600
19,19.062,2.617,28.390,53.690400
21,21.066,0.130,30.580,53.691200
23,23.070,1.000,21.770,53.692000
17,17.042,1.513,26.560,53.716800
19,19.046,2.526,28.750,53.717600
21,21.050,0.039,30.940,53.718400
23,23.054,1.052,22.130,53.719200
17,17.058,1.565,27.320,53.720000
19,19.062,2.578,29.510,53.720800
21,21.066,0.091,31.700,53.721600
23,23.070,1.104,22.890,53.722400
17,17.042,1.617,27.680,53.747200
19,19.046,2.630,28.050,53.748000
21,21.050,0.000,30.240,53.748800
23,23.054,1.013,21.430,53.749600
17,17.058,1.526,26.620,53.750400
19,19.062,2.539,28.810,53.751200
21,21.066,0.052,31.000,53.752000
23,23.070,1.065,22.190,53.752800
17,17.042,1.578,26.980,53.777600
19,19.046,2.591,29.170,53.778400
21,21.050,0.104,31.360,53.779200
23,23.054,1.117,22.550,53.780000
17,17.058,1.630,27.740,53.780800
19,19.062,2.500,29.930,53.781600
21,21.066,0.013,30.300,53.782400
23,23.070,1.026,21.490,53.783200
17,17.042,1.539,26.280,53.808000
19,19.046,2.552,28.470,53.808800
21,21.050,0.065,30.660,53.809600
23,23.054,1.078,21.850,53.810400
17,17.058,1.591,27.040,53.811200
19,19.062,2.604,29.230,53.812000
21,21.066,0.117,31.420,53.812800
23,23.070,1.130,22.610,53.813600
17,17.042,1.500,27.400,53.838400
19,19.046,2.513,29.590,53.839200
21,21.050,0.026,31.780,53.840000
23,23.054,1.039,21.150,53.840800
17,17.058,1.552,26.340,53.841600
19,19.062,2.565,28.530,53.842400
21,21.066,0.078,30.720,53.843200
23,23.070,1.091,21.910,53.844000
17,17.042,1.604,26.700,53.868800
19,19.046,2.617,28.890,53.869600
21,21.050,0.130,31.080,53.870400
23,23.054,1.000,22.270,53.871200
17,17.058,1.513,27.460,53.872000
19,19.062,2.526,29.650,53.872800
21,21.066,0.039,31.840,53.873600
23,23.070,1.052,23.030,53.874400
17,17.042,1.565,26.000,53.899200
19,19.046,2.578,28.190,53.900000
21,21.050,0.091,30.380,53.900800
23,23.054,1.104,21.570,53.901600
17,17.058,1.617,26.760,53.902400
19,19.062,2.630,28.950,53.903200
21,21.066,0.000,31.140,53.904000
23,23.070,1.013,22.330,53.904800
17,17.042,1.526,27.120,53.929600
19,19.046,2.539,29.310,53.930400
21,21.050,0.052,31.500,53.931200
23,23.054,1.065,22.690,53.932000
17,17.058,1.578,27.880,53.932800
19,19.062,2.591,28.250,53.933600
21,21.066,0.104,30.440,53.934400
23,23.070,1.117,21.630,53.935200
17,17.042,1.630,26.420,53.960000
19,19.046,2.500,28.610,53.960800
21,21.050,0.013,30.800,53.961600
23,23.054,1.026,21.990,53.962400
17,17.058,1.539,27.180,53.963200
19,19.062,2.552,29.370,53.964000
21,21.066,0.065,31.560,53.964800
23,23.070,1.078,22.750,53.965600
1,1.063,0.500,21.000,53.990400
3,3.067,1.513,23.190,53.991200
5,5.071,2.526,25.380,53.992000
7,7.075,0.039,27.570,53.992800
1,1.079,0.552,21.760,53.993600
3,3.083,1.565,23.950,53.994400
5,5.087,2.578,26.140,53.995200
7,7.091,0.091,28.330,53.996000
1,1.063,0.604,22.120,54.020800
3,3.067,1.617,24.310,54.021600
5,5.071,2.630,26.500,54.022400
7,7.075,0.000,28.690,54.023200
1,1.079,0.513,22.880,54.024000
3,3.083,1.526,23.250,54.024800
5,5.087,2.539,25.440,54.025600
7,7.091,0.052,27.630,54.026400
1,1.063,0.565,21.420,54.051200
3,3.067,1.578,23.610,54.052000
5,5.071,2.591,25.800,54.052800
7,7.075,0.104,27.990,54.053600
1,1.079,0.617,22.180,54.054400
3,3.083,1.630,24.370,54.055200
5,5.087,2.500,26.560,54.056000
7,7.091,0.013,28.750,54.056800
1,1.063,0.526,22.540,54.081600
3,3.067,1.539,24.730,54.082400
5,5.071,2.552,25.100,54.083200
7,7.075,0.065,27.290,54.084000
1,1.079,0.578,21.480,54.084800
3,3.083,1.591,23.670,54.085600
5,5.087,2.604,25.860,54.086400
7,7.091,0.117,28.050,54.087200
1,1.063,0.630,21.840,54.112000
3,3.067,1.500,24.030,54.112800
5,5.071,2.513,26.220,54.113600
7,7.075,0.026,28.410,54.114400
1,1.079,0.539,22.600,54.115200
3,3.083,1.552,24.790,54.116000
5,5.087,2.565,26.980,54.116800
7,7.091,0.078,27.350,54.117600
1,1.063,0.591,21.140,54.142400
3,3.067,1.604,23.330,54.143200
5,5.071,2.617,25.520,54.144000
7,7.075,0.130,27.710,54.144800
1,1.079,0.500,21.900,54.145600
3,3.083,1.513,24.090,54.146400
5,5.087,2.526,26.280,54.147200
7,7.091,0.039,28.470,54.148000
1,1.063,0.552,22.260,54.172800
3,3.067,1.565,24.450,54.173600
5,5.071,2.578,26.640,54.174400
7,7.075,0.091,28.830,54.175200
1,1.079,0.604,21.200,54.176000
3,3.083,1.617,23.390,54.176800
5,5.087,2.630,25.580,54.177600
7,7.091,0.000,27.770,54.178400
1,1.063,0.513,21.560,54.203200
3,3.067,1.526,23.750,54.204000
5,5.071,2.539,25.940,54.204800
7,7.075,0.052,28.130,54.205600
1,1.079,0.565,22.320,54.206400
3,3.083,1.578,24.510,54.207200
5,5.087,2.591,26.700,54.208000
7,7.091,0.104,28.890,54.208800
1,1.063,0.617,22.680,54.233600
3,3.067,1.630,23.050,54.234400
5,5.071,2.500,25.240,54.235200
7,7.075,0.013,27.430,54.236000
1,1.079,0.526,21.620,54.236800
3,3.083,1.539,23.810,54.237600
5,5.087,2.552,26.000,54.238400
7,7.091,0.065,28.190,54.239200
1,1.063,0.578,21.980,54.264000
3,3.067,1.591,24.170,54.264800
5,5.071,2.604,26.360,54.265600
7,7.075,0.117,28.550,54.266400
1,1.079,0.630,22.740,54.267200
3,3.083,1.500,24.930,54.268000
5,5.087,2.513,25.300,54.268800
7,7.091,0.026,27.490,54.269600
1,1.063,0.539,21.280,54.294400
3,3.067,1.552,23.470,54.295200
5,5.071,2.565,25.660,54.296000
7,7.075,0.078,27.850,54.296800
1,1.079,0.591,22.040,54.297600
3,3.083,1.604,24.230,54.298400
5,5.087,2.617,26.420,54.299200
7,7.091,0.130,28.610,54.300000
1,1.063,0.500,22.400,54.324800
3,3.067,1.513,24.590,54.325600
5,5.071,2.526,26.780,54.326400
7,7.075,0.039,27.150,54.327200
1,1.079,0.552,21.340,54.328000
3,3.083,1.565,23.530,54.328800
5,5.087,2.578,25.720,54.329600
7,7.091,0.091,27.910,54.330400
1,1.063,0.604,21.700,54.355200
3,3.067,1.617,23.890,54.356000
5,5.071,2.630,26.080,54.356800
7,7.075,0.000,28.270,54.357600
1,1.079,0.513,22.460,54.358400
3,3.083,1.526,24.650,54.359200
5,5.087,2.539,26.840,54.360000
7,7.091,0.052,29.030,54.360800
1,1.063,0.565,21.000,54.385600
3,3.067,1.578,23.190,54.386400
5,5.071,2.591,25.380,54.387200
7,7.075,0.104,27.570,54.388000
1,1.079,0.617,21.760,54.388800
3,3.083,1.630,23.950,54.389600
5,5.087,2.500,26.140,54.390400
7,7.091,0.013,28.330,54.391200
1,1.063,0.526,22.120,54.416000
3,3.067,1.539,24.310,54.416800
5,5.071,2.552,26.500,54.417600
7,7.075,0.065,28.690,54.418400
1,1.079,0.578,22.880,54.419200
3,3.083,1.591,23.250,54.420000
5,5.087,2.604,25.440,54.420800
7,7.091,0.117,27.630,54.421600
1,1.063,0.630,21.420,54.446400
3,3.067,1.500,23.610,54.447200
5,5.071,2.513,25.800,54.448000
7,7.075,0.026,27.990,54.448800
1,1.079,0.539,22.180,54.449600
3,3.083,1.552,24.370,54.450400
5,5.087,2.565,26.560,54.451200
7,7.091,0.078,28.750,54.452000
9,9.084,1.000,29.000,54.476800
11,11.088,2.013,20.190,54.477600
13,13.092,3.026,22.380,54.478400
15,15.096,0.539,24.570,54.479200
9,9.100,1.052,29.760,54.480000
11,11.104,2.065,20.950,54.480800
13,13.108,3.078,23.140,54.481600
15,15.112,0.591,25.330,54.482400
9,9.084,1.104,30.120,54.507200
11,11.088,2.117,21.310,54.508000
13,13.092,3.130,23.500,54.508800
15,15.096,0.500,25.690,54.509600
9,9.100,1.013,30.880,54.510400
11,11.104,2.026,20.250,54.511200
13,13.108,3.039,22.440,54.512000
15,15.112,0.552,24.630,54.512800
9,9.084,1.065,29.420,54.537600
11,11.088,2.078,20.610,54.538400
13,13.092,3.091,22.800,54.539200
15,15.096,0.604,24.990,54.540000
9,9.100,1.117,30.180,54.540800
11,11.104,2.130,21.370,54.541600
13,13.108,3.000,23.560,54.542400
15,15.112,0.513,25.750,54.543200
9,9.084,1.026,30.540,54.568000
11,11.088,2.039,21.730,54.568800
13,13.092,3.052,22.100,54.569600
15,15.096,0.565,24.290,54.570400
9,9.100,1.078,29.480,54.571200
11,11.104,2.091,20.670,54.572000
13,13.108,3.104,22.860,54.572800
15,15.112,0.617,25.050,54.573600
9,9.084,1.130,29.840,54.598400
11,11.088,2.000,21.030,54.599200
13,13.092,3.013,23.220,54.600000
15,15.096,0.526,25.410,54.600800
9,9.100,1.039,30.600,54.601600
11,11.104,2.052,21.790,54.602400
13,13.108,3.065,23.980,54.603200
15,15.112,0.578,24.350,54.604000
9,9.084,1.091,29.140,54.628800
11,11.088,2.104,20.330,54.629600
13,13.092,3.117,22.520,54.630400
15,15.096,0.630,24.710,54.631200
9,9.100,1.000,29.900,54.632000
11,11.104,2.013,21.090,54.632800
13,13.108,3.026,23.280,54.633600
15,15.112,0.539,25.470,54.634400
9,9.084,1.052,30.260,54.659200
11,11.088,2.065,21.450,54.660000
13,13.092,3.078,23.640,54.660800
15,15.096,0.591,25.830,54.661600
9,9.100,1.104,29.200,54.662400
11,11.104,2.117,20.390,54.663200
13,13.108,3.130,22.580,54.664000
15,15.112,0.500,24.770,54.664800
9,9.084,1.013,29.560,54.689600
11,11.088,2.026,20.750,54.690400
13,13.092,3.039,22.940,54.691200
15,15.096,0.552,25.130,54.692000
9,9.100,1.065,30.320,54.692800
11,11.104,2.078,21.510,54.693600
13,13.108,3.091,23.700,54.694400
15,15.112,0.604,25.890,54.695200
9,9.084,1.117,30.680,54.720000
11,11.088,2.130,20.050,54.720800
13,13.092,3.000,22.240,54.721600
15,15.096,0.513,24.430,54.722400
9,9.100,1.026,29.620,54.723200
11,11.104,2.039,20.810,54.724000
13,13.108,3.052,23.000,54.724800
15,15.112,0.565,25.190,54.725600
9,9.084,1.078,29.980,54.750400
11,11.088,2.091,21.170,54.751200
13,13.092,3.104,23.360,54.752000
15,15.096,0.617,25.550,54.752800
9,9.100,1.130,30.740,54.753600
11,11.104,2.000,21.930,54.754400
13,13.108,3.013,22.300,54.755200
15,15.112,0.526,24.490,54.756000
9,9.084,1.039,29.280,54.780800
11,11.088,2.052,20.470,54.781600
13,13.092,3.065,22.660,54.782400
15,15.096,0.578,24.850,54.783200
9,9.100,1.091,30.040,54.784000
11,11.104,2.104,21.230,54.784800
13,13.108,3.117,23.420,54.785600
15,15.112,0.630,25.610,54.786400
9,9.084,1.000,30.400,54.811200
11,11.088,2.013,21.590,54.812000
13,13.092,3.026,23.780,54.812800
15,15.096,0.539,24.150,54.813600
9,9.100,1.052,29.340,54.814400
11,11.104,2.065,20.530,54.815200
13,13.108,3.078,22.720,54.816000
15,15.112,0.591,24.910,54.816800
9,9.084,1.104,29.700,54.841600
11,11.088,2.117,20.890,54.842400
13,13.092,3.130,23.080,54.843200
15,15.096,0.500,25.270,54.844000
9,9.100,1.013,30.460,54.844800
11,11.104,2.026,21.650,54.845600
13,13.108,3.039,23.840,54.846400
15,15.112,0.552,26.030,54.847200
9,9.084,1.065,29.000,54.872000
11,11.088,2.078,20.190,54.872800
13,13.092,3.091,22.380,54.873600
15,15.096,0.604,24.570,54.874400
9,9.100,1.117,29.760,54.875200
11,11.104,2.130,20.950,54.876000
13,13.108,3.000,23.140,54.876800
15,15.112,0.513,25.330,54.877600
9,9.084,1.026,30.120,54.902400
11,11.088,2.039,21.310,54.903200
13,13.092,3.052,23.500,54.904000
15,15.096,0.565,25.690,54.904800
9,9.100,1.078,30.880,54.905600
11,11.104,2.091,20.250,54.906400
13,13.108,3.104,22.440,54.907200
15,15.112,0.617,24.630,54.908000
9,9.084,1.130,29.420,54.932800
11,11.088,2.000,20.610,54.933600
13,13.092,3.013,22.800,54.934400
15,15.096,0.526,24.990,54.935200
9,9.100,1.039,30.180,54.936000
11,11.104,2.052,21.370,54.936800
13,13.108,3.065,23.560,54.937600
15,15.112,0.578,25.750,54.938400
17,17.105,1.500,26.000,54.963200
19,19.109,2.513,28.190,54.964000
21,21.113,0.026,30.380,54.964800
23,23.117,1.039,21.570,54.965600
17,17.121,1.552,26.760,54.966400
19,19.125,2.565,28.950,54.967200
21,21.129,0.078,31.140,54.968000
23,23.133,1.091,22.330,54.968800
17,17.105,1.604,27.120,54.993600
19,19.109,2.617,29.310,54.994400
21,21.113,0.130,31.500,54.995200
23,23.117,1.000,22.690,54.996000
17,17.121,1.513,27.880,54.996800
19,19.125,2.526,28.250,54.997600
21,21.129,0.039,30.440,54.998400
23,23.133,1.052,21.630,54.999200
17,17.105,1.565,26.420,55.024000
19,19.109,2.578,28.610,55.024800
21,21.113,0.091,30.800,55.025600
23,23.117,1.104,21.990,55.026400
17,17.121,1.617,27.180,55.027200
19,19.125,2.630,29.370,55.028000
21,21.129,0.000,31.560,55.028800
23,23.133,1.013,22.750,55.029600
17,17.105,1.526,27.540,55.054400
19,19.109,2.539,29.730,55.055200
21,21.113,0.052,30.100,55.056000
23,23.117,1.065,21.290,55.056800
17,17.121,1.578,26.480,55.057600
19,19.125,2.591,28.670,55.058400
21,21.129,0.104,30.860,55.059200
23,23.133,1.117,22.050,55.060000
17,17.105,1.630,26.840,55.084800
19,19.109,2.500,29.030,55.085600
21,21.113,0.013,31.220,55.086400
23,23.117,1.026,22.410,55.087200
17,17.121,1.539,27.600,55.088000
19,19.125,2.552,29.790,55.088800
21,21.129,0.065,31.980,55.089600
23,23.133,1.078,21.350,55.090400
17,17.105,1.591,26.140,55.115200
19,19.109,2.604,28.330,55.116000
21,21.113,0.117,30.520,55.116800
23,23.117,1.130,21.710,55.117600
17,17.121,1.500,26.900,55.118400
19,19.125,2.513,29.090,55.119200
21,21.129,0.026,31.280,55.120000
23,23.133,1.039,22.470,55.120800
17,17.105,1.552,27.260,55.145600
19,19.109,2.565,29.450,55.146400
21,21.113,0.078,31.640,55.147200
23,23.117,1.091,22.830,55.148000
17,17.121,1.604,26.200,55.148800
19,19.125,2.617,28.390,55.149600
21,21.129,0.130,30.580,55.150400
23,23.133,1.000,21.770,55.151200
17,17.105,1.513,26.560,55.176000
19,19.109,2.526,28.750,55.176800
21,21.113,0.039,30.940,55.177600
23,23.117,1.052,22.130,55.178400
17,17.121,1.565,27.320,55.179200
19,19.125,2.578,29.510,55.180000
21,21.129,0.091,31.700,55.180800
23,23.133,1.104,22.890,55.181600
17,17.105,1.617,27.680,55.206400
19,19.109,2.630,28.050,55.207200
21,21.113,0.000,30.240,55.208000
23,23.117,1.013,21.430,55.208800
17,17.121,1.526,26.620,55.209600
19,19.125,2.539,28.810,55.210400
21,21.129,0.052,31.000,55.211200
23,23.133,1.065,22.190,55.212000
17,17.105,1.578,26.980,55.236800
19,19.109,2.591,29.170,55.237600
21,21.113,0.104,31.360,55.238400
23,23.117,1.117,22.550,55.239200
17,17.121,1.630,27.740,55.240000
19,19.125,2.500,29.930,55.240800
21,21.129,0.013,30.300,55.241600
23,23.133,1.026,21.490,55.242400
17,17.105,1.539,26.280,55.267200
19,19.109,2.552,28.470,55.268000
21,21.113,0.065,30.660,55.268800
23,23.117,1.078,21.850,55.269600
17,17.121,1.591,27.040,55.270400
19,19.125,2.604,29.230,55.271200
21,21.129,0.117,31.420,55.272000
23,23.133,1.130,22.610,55.272800
17,17.105,1.500,27.400,55.297600
19,19.109,2.513,29.590,55.298400
21,21.113,0.026,31.780,55.299200
23,23.117,1.039,21.150,55.300000
17,17.121,1.552,26.340,55.300800
19,19.125,2.565,28.530,55.301600
21,21.129,0.078,30.720,55.302400
23,23.133,1.091,21.910,55.303200
17,17.105,1.604,26.700,55.328000
19,19.109,2.617,28.890,55.328800
21,21.113,0.130,31.080,55.329600
23,23.117,1.000,22.270,55.330400
17,17.121,1.513,27.460,55.331200
19,19.125,2.526,29.650,55.332000
21,21.129,0.039,31.840,55.332800
23,23.133,1.052,23.030,55.333600
17,17.105,1.565,26.000,55.358400
19,19.109,2.578,28.190,55.359200
21,21.113,0.091,30.380,55.360000
23,23.117,1.104,21.570,55.360800
17,17.121,1.617,26.760,55.361600
19,19.125,2.630,28.950,55.362400
21,21.129,0.000,31.140,55.363200
23,23.133,1.013,22.330,55.364000
17,17.105,1.526,27.120,55.388800
19,19.109,2.539,29.310,55.389600
21,21.113,0.052,31.500,55.390400
23,23.117,1.065,22.690,55.391200
17,17.121,1.578,27.880,55.392000
19,19.125,2.591,28.250,55.392800
21,21.129,0.104,30.440,55.393600
23,23.133,1.117,21.630,55.394400
17,17.105,1.630,26.420,55.419200
19,19.109,2.500,28.610,55.420000
21,21.113,0.013,30.800,55.420800
23,23.117,1.026,21.990,55.421600
17,17.121,1.539,27.180,55.422400
19,19.125,2.552,29.370,55.423200
21,21.129,0.065,31.560,55.424000
23,23.133,1.078,22.750,55.424800
1,1.126,0.500,21.000,55.449600
3,3.130,1.513,23.190,55.450400
5,5.134,2.526,25.380,55.451200
7,7.138,0.039,27.570,55.452000
1,1.142,0.552,21.760,55.452800
3,3.146,1.565,23.950,55.453600
5,5.150,2.578,26.140,55.454400
7,7.154,0.091,28.330,55.455200
1,1.126,0.604,22.120,55.480000
3,3.130,1.617,24.310,55.480800
5,5.134,2.630,26.500,55.481600
7,7.138,0.000,28.690,55.482400
1,1.142,0.513,22.880,55.483200
3,3.146,1.526,23.250,55.484000
5,5.150,2.539,25.440,55.484800
7,7.154,0.052,27.630,55.485600
1,1.126,0.565,21.420,55.510400
3,3.130,1.578,23.610,55.511200
5,5.134,2.591,25.800,55.512000
7,7.138,0.104,27.990,55.512800
1,1.142,0.617,22.180,55.513600
3,3.146,1.630,24.370,55.514400
5,5.150,2.500,26.560,55.515200
7,7.154,0.013,28.750,55.516000
1,1.126,0.526,22.540,55.540800
3,3.130,1.539,24.730,55.541600
5,5.134,2.552,25.100,55.542400
7,7.138,0.065,27.290,55.543200
1,1.142,0.578,21.480,55.544000
3,3.146,1.591,23.670,55.544800
5,5.150,2.604,25.860,55.545600
7,7.154,0.117,28.050,55.546400
1,1.126,0.630,21.840,55.571200
3,3.130,1.500,24.030,55.572000
5,5.134,2.513,26.220,55.572800
7,7.138,0.026,28.410,55.573600
1,1.142,0.539,22.600,55.574400
3,3.146,1.552,24.790,55.575200
5,5.150,2.565,26.980,55.576000
7,7.154,0.078,27.350,55.576800
1,1.126,0.591,21.140,55.601600
3,3.130,1.604,23.330,55.602400
5,5.134,2.617,25.520,55.603200
7,7.138,0.130,27.710,55.604000
1,1.142,0.500,21.900,55.604800
3,3.146,1.513,24.090,55.605600
5,5.150,2.526,26.280,55.606400
7,7.154,0.039,28.470,55.607200
1,1.126,0.552,22.260,55.632000
3,3.130,1.565,24.450,55.632800
5,5.134,2.578,26.640,55.633600
7,7.138,0.091,28.830,55.634400
1,1.142,0.604,21.200,55.635200
3,3.146,1.617,23.390,55.636000
5,5.150,2.630,25.580,55.636800
7,7.154,0.000,27.770,55.637600
1,1.126,0.513,21.560,55.662400
3,3.130,1.526,23.750,55.663200
5,5.134,2.539,25.940,55.664000
7,7.138,0.052,28.130,55.664800
1,1.142,0.565,22.320,55.665600
3,3.146,1.578,24.510,55.666400
5,5.150,2.591,26.700,55.667200
7,7.154,0.104,28.890,55.668000
1,1.126,0.617,22.680,55.692800
3,3.130,1.630,23.050,55.693600
5,5.134,2.500,25.240,55.694400
7,7.138,0.013,27.430,55.695200
1,1.142,0.526,21.620,55.696000
3,3.146,1.539,23.810,55.696800
5,5.150,2.552,26.000,55.697600
7,7.154,0.065,28.190,55.698400
1,1.126,0.578,21.980,55.723200
3,3.130,1.591,24.170,55.724000
5,5.134,2.604,26.360,55.724800
7,7.138,0.117,28.550,55.725600
1,1.142,0.630,22.740,55.726400
3,3.146,1.500,24.930,55.727200
5,5.150,2.513,25.300,55.728000
7,7.154,0.026,27.490,55.728800
1,1.126,0.539,21.280,55.753600
3,3.130,1.552,23.470,55.754400
5,5.134,2.565,25.660,55.755200
7,7.138,0.078,27.850,55.756000
1,1.142,0.591,22.040,55.756800
3,3.146,1.604,24.230,55.757600
5,5.150,2.617,26.420,55.758400
7,7.154,0.130,28.610,55.759200
1,1.126,0.500,22.400,55.784000
3,3.130,1.513,24.590,55.784800
5,5.134,2.526,26.780,55.785600
7,7.138,0.039,27.150,55.786400
1,1.142,0.552,21.340,55.787200
3,3.146,1.565,23.530,55.788000
5,5.150,2.578,25.720,55.788800
7,7.154,0.091,27.910,55.789600
1,1.126,0.604,21.700,55.814400
3,3.130,1.617,23.890,55.815200
5,5.134,2.630,26.080,55.816000
7,7.138,0.000,28.270,55.816800
1,1.142,0.513,22.460,55.817600
3,3.146,1.526,24.650,55.818400
5,5.150,2.539,26.840,55.819200
7,7.154,0.052,29.030,55.820000
1,1.126,0.565,21.000,55.844800
3,3.130,1.578,23.190,55.845600
5,5.134,2.591,25.380,55.846400
7,7.138,0.104,27.570,55.847200
1,1.142,0.617,21.760,55.848000
3,3.146,1.630,23.950,55.848800
5,5.150,2.500,26.140,55.849600
7,7.154,0.013,28.330,55.850400
1,1.126,0.526,22.120,55.875200
3,3.130,1.539,24.310,55.876000
5,5.134,2.552,26.500,55.876800
7,7.138,0.065,28.690,55.877600
1,1.142,0.578,22.880,55.878400
3,3.146,1.591,23.250,55.879200
5,5.150,2.604,25.440,55.880000
7,7.154,0.117,27.630,55.880800
1,1.126,0.630,21.420,55.905600
3,3.130,1.500,23.610,55.906400
5,5.134,2.513,25.800,55.907200
7,7.138,0.026,27.990,55.908000
1,1.142,0.539,22.180,55.908800
3,3.146,1.552,24.370,55.909600
5,5.150,2.565,26.560,55.910400
7,7.154,0.078,28.750,55.911200
9,9.147,1.000,29.000,55.936000
11,11.151,2.013,20.190,55.936800
13,13.155,3.026,22.380,55.937600
15,15.159,0.539,24.570,55.938400
9,9.163,1.052,29.760,55.939200
11,11.167,2.065,20.950,55.940000
13,13.171,3.078,23.140,55.940800
15,15.175,0.591,25.330,55.941600
9,9.147,1.104,30.120,55.966400
11,11.151,2.117,21.310,55.967200
13,13.155,3.130,23.500,55.968000
15,15.159,0.500,25.690,55.968800
9,9.163,1.013,30.880,55.969600
11,11.167,2.026,20.250,55.970400
13,13.171,3.039,22.440,55.971200
15,15.175,0.552,24.630,55.972000
9,9.147,1.065,29.420,55.996800
11,11.151,2.078,20.610,55.997600
13,13.155,3.091,22.800,55.998400
15,15.159,0.604,24.990,55.999200
9,9.163,1.117,30.180,56.000000
11,11.167,2.130,21.370,56.000800
13,13.171,3.000,23.560,56.001600
15,15.175,0.513,25.750,56.002400
9,9.147,1.026,30.540,56.027200
11,11.151,2.039,21.730,56.028000
13,13.155,3.052,22.100,56.028800
15,15.159,0.565,24.290,56.029600
9,9.163,1.078,29.480,56.030400
11,11.167,2.091,20.670,56.031200
13,13.171,3.104,22.860,56.032000
15,15.175,0.617,25.050,56.032800
9,9.147,1.130,29.840,56.057600
11,11.151,2.000,21.030,56.058400
13,13.155,3.013,23.220,56.059200
15,15.159,0.526,25.410,56.060000
9,9.163,1.039,30.600,56.060800
11,11.167,2.052,21.790,56.061600
13,13.171,3.065,23.980,56.062400
15,15.175,0.578,24.350,56.063200
9,9.147,1.091,29.140,56.088000
11,11.151,2.104,20.330,56.088800
13,13.155,3.117,22.520,56.089600
15,15.159,0.630,24.710,56.090400
9,9.163,1.000,29.900,56.091200
11,11.167,2.013,21.090,56.092000
13,13.171,3.026,23.280,56.092800
15,15.175,0.539,25.470,56.093600
9,9.147,1.052,30.260,56.118400
11,11.151,2.065,21.450,56.119200
13,13.155,3.078,23.640,56.120000
15,15.159,0.591,25.830,56.120800
9,9.163,1.104,29.200,56.121600
11,11.167,2.117,20.390,56.122400
13,13.171,3.130,22.580,56.123200
15,15.175,0.500,24.770,56.124000
9,9.147,1.013,29.560,56.148800
11,11.151,2.026,20.750,56.149600
13,13.155,3.039,22.940,56.150400
15,15.159,0.552,25.130,56.151200
9,9.163,1.065,30.320,56.152000
11,11.167,2.078,21.510,56.152800
13,13.171,3.091,23.700,56.153600
15,15.175,0.604,25.890,56.154400
9,9.147,1.117,30.680,56.179200
11,11.151,2.130,20.050,56.180000
13,13.155,3.000,22.240,56.180800
15,15.159,0.513,24.430,56.181600
9,9.163,1.026,29.620,56.182400
11,11.167,2.039,20.810,56.183200
13,13.171,3.052,23.000,56.184000
15,15.175,0.565,25.190,56.184800
9,9.147,1.078,29.980,56.209600
11,11.151,2.091,21.170,56.210400
13,13.155,3.104,23.360,56.211200
15,15.159,0.617,25.550,56.212000
9,9.163,1.130,30.740,56.212800
11,11.167,2.000,21.930,56.213600
13,13.171,3.013,22.300,56.214400
15,15.175,0.526,24.490,56.215200
9,9.147,1.039,29.280,56.240000
11,11.151,2.052,20.470,56.240800
13,13.155,3.065,22.660,56.241600
15,15.159,0.578,24.850,56.242400
9,9.163,1.091,30.040,56.243200
11,11.167,2.104,21.230,56.244000
13,13.171,3.117,23.420,56.244800
15,15.175,0.630,25.610,56.245600
9,9.147,1.000,30.400,56.270400
11,11.151,2.013,21.590,56.271200
13,13.155,3.026,23.780,56.272000
15,15.159,0.539,24.150,56.272800
9,9.163,1.052,29.340,56.273600
11,11.167,2.065,20.530,56.274400
13,13.171,3.078,22.720,56.275200
15,15.175,0.591,24.910,56.276000
9,9.147,1.104,29.700,56.300800
11,11.151,2.117,20.890,56.301600
13,13.155,3.130,23.080,56.302400
15,15.159,0.500,25.270,56.303200
9,9.163,1.013,30.460,56.304000
11,11.167,2.026,21.650,56.304800
13,13.171,3.039,23.840,56.305600
15,15.175,0.552,26.030,56.306400
9,9.147,1.065,29.000,56.331200
11,11.151,2.078,20.190,56.332000
13,13.155,3.091,22.380,56.332800
15,15.159,0.604,24.570,56.333600
9,9.163,1.117,29.760,56.334400
11,11.167,2.130,20.950,56.335200
13,13.171,3.000,23.140,56.336000
15,15.175,0.513,25.330,56.336800
9,9.147,1.026,30.120,56.361600
11,11.151,2.039,21.310,56.362400
13,13.155,3.052,23.500,56.363200
15,15.159,0.565,25.690,56.364000
9,9.163,1.078,30.880,56.364800
11,11.167,2.091,20.250,56.365600
13,13.171,3.104,22.440,56.366400
15,15.175,0.617,24.630,56.367200
9,9.147,1.130,29.420,56.392000
11,11.151,2.000,20.610,56.392800
13,13.155,3.013,22.800,56.393600
15,15.159,0.526,24.990,56.394400
9,9.163,1.039,30.180,56.395200
11,11.167,2.052,21.370,56.396000
13,13.171,3.065,23.560,56.396800
15,15.175,0.578,25.750,56.397600
17,17.168,1.500,26.000,56.422400
19,19.172,2.513,28.190,56.423200
21,21.176,0.026,30.380,56.424000
23,23.180,1.039,21.570,56.424800
17,17.184,1.552,26.760,56.425600
19,19.188,2.565,28.950,56.426400
21,21.192,0.078,31.140,56.427200
23,23.196,1.091,22.330,56.428000
17,17.168,1.604,27.120,56.452800
19,19.172,2.617,29.310,56.453600
21,21.176,0.130,31.500,56.454400
23,23.180,1.000,22.690,56.455200
17,17.184,1.513,27.880,56.456000
19,19.188,2.526,28.250,56.456800
21,21.192,0.039,30.440,56.457600
23,23.196,1.052,21.630,56.458400
17,17.168,1.565,26.420,56.483200
19,19.172,2.578,28.610,56.484000
21,21.176,0.091,30.800,56.484800
23,23.180,1.104,21.990,56.485600
17,17.184,1.617,27.180,56.486400
19,19.188,2.630,29.370,56.487200
21,21.192,0.000,31.560,56.488000
23,23.196,1.013,22.750,56.488800
17,17.168,1.526,27.540,56.513600
19,19.172,2.539,29.730,56.514400
21,21.176,0.052,30.100,56.515200
23,23.180,1.065,21.290,56.516000
17,17.184,1.578,26.480,56.516800
19,19.188,2.591,28.670,56.517600
21,21.192,0.104,30.860,56.518400
23,23.196,1.117,22.050,56.519200
17,17.168,1.630,26.840,56.544000
19,19.172,2.500,29.030,56.544800
21,21.176,0.013,31.220,56.545600
23,23.180,1.026,22.410,56.546400
17,17.184,1.539,27.600,56.547200
19,19.188,2.552,29.790,56.548000
21,21.192,0.065,31.980,56.548800
23,23.196,1.078,21.350,56.549600
17,17.168,1.591,26.140,56.574400
19,19.172,2.604,28.330,56.575200
21,21.176,0.117,30.520,56.576000
23,23.180,1.130,21.710,56.576800
17,17.184,1.500,26.900,56.577600
19,19.188,2.513,29.090,56.578400
21,21.192,0.026,31.280,56.579200
23,23.196,1.039,22.470,56.580000
17,17.168,1.552,27.260,56.604800
19,19.172,2.565,29.450,56.605600
21,21.176,0.078,31.640,56.606400
23,23.180,1.091,22.830,56.607200
17,17.184,1.604,26.200,56.608000
19,19.188,2.617,28.390,56.608800
21,21.192,0.130,30.580,56.609600
23,23.196,1.000,21.770,56.610400
17,17.168,1.513,26.560,56.635200
19,19.172,2.526,28.750,56.636000
21,21.176,0.039,30.940,56.636800
23,23.180,1.052,22.130,56.637600
17,17.184,1.565,27.320,56.638400
19,19.188,2.578,29.510,56.639200
21,21.192,0.091,31.700,56.640000
23,23.196,1.104,22.890,56.640800
17,17.168,1.617,27.680,56.665600
19,19.172,2.630,28.050,56.666400
21,21.176,0.000,30.240,56.667200
23,23.180,1.013,21.430,56.668000
17,17.184,1.526,26.620,56.668800
19,19.188,2.539,28.810,56.669600
21,21.192,0.052,31.000,56.670400
23,23.196,1.065,22.190,56.671200
17,17.168,1.578,26.980,56.696000
19,19.172,2.591,29.170,56.696800
21,21.176,0.104,31.360,56.697600
23,23.180,1.117,22.550,56.698400
17,17.184,1.630,27.740,56.699200
19,19.188,2.500,29.930,56.700000
21,21.192,0.013,30.300,56.700800
23,23.196,1.026,21.490,56.701600
17,17.168,1.539,26.280,56.726400
19,19.172,2.552,28.470,56.727200
21,21.176,0.065,30.660,56.728000
23,23.180,1.078,21.850,56.728800
17,17.184,1.591,27.040,56.729600
19,19.188,2.604,29.230,56.730400
21,21.192,0.117,31.420,56.731200
23,23.196,1.130,22.610,56.732000
17,17.168,1.500,27.400,56.756800
19,19.172,2.513,29.590,56.757600
21,21.176,0.026,31.780,56.758400
23,23.180,1.039,21.150,56.759200
17,17.184,1.552,26.340,56.760000
19,19.188,2.565,28.530,56.760800
21,21.192,0.078,30.720,56.761600
23,23.196,1.091,21.910,56.762400
17,17.168,1.604,26.700,56.787200
19,19.172,2.617,28.890,56.788000
21,21.176,0.130,31.080,56.788800
23,23.180,1.000,22.270,56.789600
17,17.184,1.513,27.460,56.790400
19,19.188,2.526,29.650,56.791200
21,21.192,0.039,31.840,56.792000
23,23.196,1.052,23.030,56.792800
17,17.168,1.565,26.000,56.817600
19,19.172,2.578,28.190,56.818400
21,21.176,0.091,30.380,56.819200
23,23.180,1.104,21.570,56.820000
17,17.184,1.617,26.760,56.820800
19,19.188,2.630,28.950,56.821600
21,21.192,0.000,31.140,56.822400
23,23.196,1.013,22.330,56.823200
17,17.168,1.526,27.120,56.848000
19,19.172,2.539,29.310,56.848800
21,21.176,0.052,31.500,56.849600
23,23.180,1.065,22.690,56.850400
17,17.184,1.578,27.880,56.851200
19,19.188,2.591,28.250,56.852000
21,21.192,0.104,30.440,56.852800
23,23.196,1.117,21.630,56.853600
17,17.168,1.630,26.420,56.878400
19,19.172,2.500,28.610,56.879200
21,21.176,0.013,30.800,56.880000
23,23.180,1.026,21.990,56.880800
17,17.184,1.539,27.180,56.881600
19,19.188,2.552,29.370,56.882400
21,21.192,0.065,31.560,56.883200
23,23.196,1.078,22.750,56.884000
1,1.000,0.500,21.000,56.908800
3,3.004,1.513,23.190,56.909600
5,5.008,2.526,25.380,56.910400
7,7.012,0.039,27.570,56.911200
1,1.016,0.552,21.760,56.912000
3,3.020,1.565,23.950,56.912800
5,5.024,2.578,26.140,56.913600
7,7.028,0.091,28.330,56.914400
1,1.000,0.604,22.120,56.939200
3,3.004,1.617,24.310,56.940000
5,5.008,2.630,26.500,56.940800
7,7.012,0.000,28.690,56.941600
1,1.016,0.513,22.880,56.942400
3,3.020,1.526,23.250,56.943200
5,5.024,2.539,25.440,56.944000
7,7.028,0.052,27.630,56.944800
1,1.000,0.565,21.420,56.969600
3,3.004,1.578,23.610,56.970400
5,5.008,2.591,25.800,56.971200
7,7.012,0.104,27.990,56.972000
1,1.016,0.617,22.180,56.972800
3,3.020,1.630,24.370,56.973600
5,5.024,2.500,26.560,56.974400
7,7.028,0.013,28.750,56.975200
1,1.000,0.526,22.540,57.000000
3,3.004,1.539,24.730,57.000800
5,5.008,2.552,25.100,57.001600
7,7.012,0.065,27.290,57.002400
1,1.016,0.578,21.480,57.003200
3,3.020,1.591,23.670,57.004000
5,5.024,2.604,25.860,57.004800
7,7.028,0.117,28.050,57.005600
1,1.000,0.630,21.840,57.030400
3,3.004,1.500,24.030,57.031200
5,5.008,2.513,26.220,57.032000
7,7.012,0.026,28.410,57.032800
1,1.016,0.539,22.600,57.033600
3,3.020,1.552,24.790,57.034400
5,5.024,2.565,26.980,57.035200
7,7.028,0.078,27.350,57.036000
1,1.000,0.591,21.140,57.060800
3,3.004,1.604,23.330,57.061600
5,5.008,2.617,25.520,57.062400
7,7.012,0.130,27.710,57.063200
1,1.016,0.500,21.900,57.064000
3,3.020,1.513,24.090,57.064800
5,5.024,2.526,26.280,57.065600
7,7.028,0.039,28.470,57.066400
1,1.000,0.552,22.260,57.091200
3,3.004,1.565,24.450,57.092000
5,5.008,2.578,26.640,57.092800
7,7.012,0.091,28.830,57.093600
1,1.016,0.604,21.200,57.094400
3,3.020,1.617,23.390,57.095200
5,5.024,2.630,25.580,57.096000
7,7.028,0.000,27.770,57.096800
1,1.000,0.513,21.560,57.121600
3,3.004,1.526,23.750,57.122400
5,5.008,2.539,25.940,57.123200
7,7.012,0.052,28.130,57.124000
1,1.016,0.565,22.320,57.124800
3,3.020,1.578,24.510,57.125600
5,5.024,2.591,26.700,57.126400
7,7.028,0.104,28.890,57.127200
1,1.000,0.617,22.680,57.152000
3,3.004,1.630,23.050,57.152800
5,5.008,2.500,25.240,57.153600
7,7.012,0.013,27.430,57.154400
1,1.016,0.526,21.620,57.155200
3,3.020,1.539,23.810,57.156000
5,5.024,2.552,26.000,57.156800
7,7.028,0.065,28.190,57.157600
1,1.000,0.578,21.980,57.182400
3,3.004,1.591,24.170,57.183200
5,5.008,2.604,26.360,57.184000
7,7.012,0.117,28.550,57.184800
1,1.016,0.630,22.740,57.185600
3,3.020,1.500,24.930,57.186400
5,5.024,2.513,25.300,57.187200
7,7.028,0.026,27.490,57.188000
1,1.000,0.539,21.280,57.212800
3,3.004,1.552,23.470,57.213600
5,5.008,2.565,25.660,57.214400
7,7.012,0.078,27.850,57.215200
1,1.016,0.591,22.040,57.216000
3,3.020,1.604,24.230,57.216800
5,5.024,2.617,26.420,57.217600
7,7.028,0.130,28.610,57.218400
1,1.000,0.500,22.400,57.243200
3,3.004,1.513,24.590,57.244000
5,5.008,2.526,26.780,57.244800
7,7.012,0.039,27.150,57.245600
1,1.016,0.552,21.340,57.246400
3,3.020,1.565,23.530,57.247200
5,5.024,2.578,25.720,57.248000
7,7.028,0.091,27.910,57.248800
1,1.000,0.604,21.700,57.273600
3,3.004,1.617,23.890,57.274400
5,5.008,2.630,26.080,57.275200
7,7.012,0.000,28.270,57.276000
1,1.016,0.513,22.460,57.276800
3,3.020,1.526,24.650,57.277600
5,5.024,2.539,26.840,57.278400
7,7.028,0.052,29.030,57.279200
1,1.000,0.565,21.000,57.304000
3,3.004,1.578,23.190,57.304800
5,5.008,2.591,25.380,57.305600
7,7.012,0.104,27.570,57.306400
1,1.016,0.617,21.760,57.307200
3,3.020,1.630,23.950,57.308000
5,5.024,2.500,26.140,57.308800
7,7.028,0.013,28.330,57.309600
1,1.000,0.526,22.120,57.334400
3,3.004,1.539,24.310,57.335200
5,5.008,2.552,26.500,57.336000
7,7.012,0.065,28.690,57.336800
1,1.016,0.578,22.880,57.337600
3,3.020,1.591,23.250,57.338400
5,5.024,2.604,25.440,57.339200
7,7.028,0.117,27.630,57.340000
1,1.000,0.630,21.420,57.364800
3,3.004,1.500,23.610,57.365600
5,5.008,2.513,25.800,57.366400
7,7.012,0.026,27.990,57.367200
1,1.016,0.539,22.180,57.368000
3,3.020,1.552,24.370,57.368800
5,5.024,2.565,26.560,57.369600
7,7.028,0.078,28.750,57.370400
9,9.021,1.000,29.000,57.395200
11,11.025,2.013,20.190,57.396000
13,13.029,3.026,22.380,57.396800
15,15.033,0.539,24.570,57.397600
9,9.037,1.052,29.760,57.398400
11,11.041,2.065,20.950,57.399200
13,13.045,3.078,23.140,57.400000
15,15.049,0.591,25.330,57.400800
9,9.021,1.104,30.120,57.425600
11,11.025,2.117,21.310,57.426400
13,13.029,3.130,23.500,57.427200
15,15.033,0.500,25.690,57.428000
9,9.037,1.013,30.880,57.428800
11,11.041,2.026,20.250,57.429600
13,13.045,3.039,22.440,57.430400
15,15.049,0.552,24.630,57.431200
9,9.021,1.065,29.420,57.456000
11,11.025,2.078,20.610,57.456800
13,13.029,3.091,22.800,57.457600
15,15.033,0.604,24.990,57.458400
9,9.037,1.117,30.180,57.459200
11,11.041,2.130,21.370,57.460000
13,13.045,3.000,23.560,57.460800
15,15.049,0.513,25.750,57.461600
9,9.021,1.026,30.540,57.486400
11,11.025,2.039,21.730,57.487200
13,13.029,3.052,22.100,57.488000
15,15.033,0.565,24.290,57.488800
9,9.037,1.078,29.480,57.489600
11,11.041,2.091,20.670,57.490400
13,13.045,3.104,22.860,57.491200
15,15.049,0.617,25.050,57.492000
9,9.021,1.130,29.840,57.516800
11,11.025,2.000,21.030,57.517600
13,13.029,3.013,23.220,57.518400
15,15.033,0.526,25.410,57.519200
9,9.037,1.039,30.600,57.520000
11,11.041,2.052,21.790,57.520800
13,13.045,3.065,23.980,57.521600
15,15.049,0.578,24.350,57.522400
9,9.021,1.091,29.140,57.547200
11,11.025,2.104,20.330,57.548000
13,13.029,3.117,22.520,57.548800
15,15.033,0.630,24.710,57.549600
9,9.037,1.000,29.900,57.550400
11,11.041,2.013,21.090,57.551200
13,13.045,3.026,23.280,57.552000
15,15.049,0.539,25.470,57.552800
9,9.021,1.052,30.260,57.577600
11,11.025,2.065,21.450,57.578400
13,13.029,3.078,23.640,57.579200
15,15.033,0.591,25.830,57.580000
9,9.037,1.104,29.200,57.580800
11,11.041,2.117,20.390,57.581600
13,13.045,3.130,22.580,57.582400
15,15.049,0.500,24.770,57.583200
9,9.021,1.013,29.560,57.608000
11,11.025,2.026,20.750,57.608800
13,13.029,3.039,22.940,57.609600
15,15.033,0.552,25.130,57.610400
9,9.037,1.065,30.320,57.611200
11,11.041,2.078,21.510,57.612000
13,13.045,3.091,23.700,57.612800
15,15.049,0.604,25.890,57.613600
9,9.021,1.117,30.680,57.638400
11,11.025,2.130,20.050,57.639200
13,13.029,3.000,22.240,57.640000
15,15.033,0.513,24.430,57.640800
9,9.037,1.026,29.620,57.641600
11,11.041,2.039,20.810,57.642400
13,13.045,3.052,23.000,57.643200
15,15.049,0.565,25.190,57.644000
9,9.021,1.078,29.980,57.668800
11,11.025,2.091,21.170,57.669600
13,13.029,3.104,23.360,57.670400
15,15.033,0.617,25.550,57.671200
9,9.037,1.130,30.740,57.672000
11,11.041,2.000,21.930,57.672800
13,13.045,3.013,22.300,57.673600
15,15.049,0.526,24.490,57.674400
9,9.021,1.039,29.280,57.699200
11,11.025,2.052,20.470,57.700000
13,13.029,3.065,22.660,57.700800
15,15.033,0.578,24.850,57.701600
9,9.037,1.091,30.040,57.702400
11,11.041,2.104,21.230,57.703200
13,13.045,3.117,23.420,57.704000
15,15.049,0.630,25.610,57.704800
9,9.021,1.000,30.400,57.729600
11,11.025,2.013,21.590,57.730400
13,13.029,3.026,23.780,57.731200
15,15.033,0.539,24.150,57.732000
9,9.037,1.052,29.340,57.732800
11,11.041,2.065,20.530,57.733600
13,13.045,3.078,22.720,57.734400
15,15.049,0.591,24.910,57.735200
9,9.021,1.104,29.700,57.760000
11,11.025,2.117,20.890,57.760800
13,13.029,3.130,23.080,57.761600
15,15.033,0.500,25.270,57.762400
9,9.037,1.013,30.460,57.763200
11,11.041,2.026,21.650,57.764000
13,13.045,3.039,23.840,57.764800
15,15.049,0.552,26.030,57.765600
9,9.021,1.065,29.000,57.790400
11,11.025,2.078,20.190,57.791200
13,13.029,3.091,22.380,57.792000
15,15.033,0.604,24.570,57.792800
9,9.037,1.117,29.760,57.793600
11,11.041,2.130,20.950,57.794400
13,13.045,3.000,23.140,57.795200
15,15.049,0.513,25.330,57.796000
9,9.021,1.026,30.120,57.820800
11,11.025,2.039,21.310,57.821600
13,13.029,3.052,23.500,57.822400
15,15.033,0.565,25.690,57.823200
9,9.037,1.078,30.880,57.824000
11,11.041,2.091,20.250,57.824800
13,13.045,3.104,22.440,57.825600
15,15.049,0.617,24.630,57.826400
9,9.021,1.130,29.420,57.851200
11,11.025,2.000,20.610,57.852000
13,13.029,3.013,22.800,57.852800
15,15.033,0.526,24.990,57.853600
9,9.037,1.039,30.180,57.854400
11,11.041,2.052,21.370,57.855200
13,13.045,3.065,23.560,57.856000
15,15.049,0.578,25.750,57.856800
17,17.042,1.500,26.000,57.881600
19,19.046,2.513,28.190,57.882400
21,21.050,0.026,30.380,57.883200
23,23.054,1.039,21.570,57.884000
17,17.058,1.552,26.760,57.884800
19,19.062,2.565,28.950,57.885600
21,21.066,0.078,31.140,57.886400
23,23.070,1.091,22.330,57.887200
17,17.042,1.604,27.120,57.912000
19,19.046,2.617,29.310,57.912800
21,21.050,0.130,31.500,57.913600
23,23.054,1.000,22.690,57.914400
17,17.058,1.513,27.880,57.915200
19,19.062,2.526,28.250,57.916000
21,21.066,0.039,30.440,57.916800
23,23.070,1.052,21.630,57.917600
17,17.042,1.565,26.420,57.942400
19,19.046,2.578,28.610,57.943200
21,21.050,0.091,30.800,57.944000
23,23.054,1.104,21.990,57.944800
17,17.058,1.617,27.180,57.945600
19,19.062,2.630,29.370,57.946400
21,21.066,0.000,31.560,57.947200
23,23.070,1.013,22.750,57.948000
17,17.042,1.526,27.540,57.972800
19,19.046,2.539,29.730,57.973600
21,21.050,0.052,30.100,57.974400
23,23.054,1.065,21.290,57.975200
17,17.058,1.578,26.480,57.976000
19,19.062,2.591,28.670,57.976800
21,21.066,0.104,30.860,57.977600
23,23.070,1.117,22.050,57.978400
17,17.042,1.630,26.840,58.003200
19,19.046,2.500,29.030,58.004000
21,21.050,0.013,31.220,58.004800
23,23.054,1.026,22.410,58.005600
17,17.058,1.539,27.600,58.006400
19,19.062,2.552,29.790,58.007200
21,21.066,0.065,31.980,58.008000
23,23.070,1.078,21.350,58.008800
17,17.042,1.591,26.140,58.033600
19,19.046,2.604,28.330,58.034400
21,21.050,0.117,30.520,58.035200
23,23.054,1.130,21.710,58.036000
17,17.058,1.500,26.900,58.036800
19,19.062,2.513,29.090,58.037600
21,21.066,0.026,31.280,58.038400
23,23.070,1.039,22.470,58.039200
17,17.042,1.552,27.260,58.064000
19,19.046,2.565,29.450,58.064800
21,21.050,0.078,31.640,58.065600
23,23.054,1.091,22.830,58.066400
17,17.058,1.604,26.200,58.067200
19,19.062,2.617,28.390,58.068000
21,21.066,0.130,30.580,58.068800
23,23.070,1.000,21.770,58.069600
17,17.042,1.513,26.560,58.094400
19,19.046,2.526,28.750,58.095200
21,21.050,0.039,30.940,58.096000
23,23.054,1.052,22.130,58.096800
17,17.058,1.565,27.320,58.097600
19,19.062,2.578,29.510,58.098400
21,21.066,0.091,31.700,58.099200
23,23.070,1.104,22.890,58.100000
17,17.042,1.617,27.680,58.124800
19,19.046,2.630,28.050,58.125600
21,21.050,0.000,30.240,58.126400
23,23.054,1.013,21.430,58.127200
17,17.058,1.526,26.620,58.128000
19,19.062,2.539,28.810,58.128800
21,21.066,0.052,31.000,58.129600
23,23.070,1.065,22.190,58.130400
17,17.042,1.578,26.980,58.155200
19,19.046,2.591,29.170,58.156000
21,21.050,0.104,31.360,58.156800
23,23.054,1.117,22.550,58.157600
17,17.058,1.630,27.740,58.158400
19,19.062,2.500,29.930,58.159200
21,21.066,0.013,30.300,58.160000
23,23.070,1.026,21.490,58.160800
17,17.042,1.539,26.280,58.185600
19,19.046,2.552,28.470,58.186400
21,21.050,0.065,30.660,58.187200
23,23.054,1.078,21.850,58.188000
17,17.058,1.591,27.040,58.188800
19,19.062,2.604,29.230,58.189600
21,21.066,0.117,31.420,58.190400
23,23.070,1.130,22.610,58.191200
17,17.042,1.500,27.400,58.216000
19,19.046,2.513,29.590,58.216800
21,21.050,0.026,31.780,58.217600
23,23.054,1.039,21.150,58.218400
17,17.058,1.552,26.340,58.219200
19,19.062,2.565,28.530,58.220000
21,21.066,0.078,30.720,58.220800
23,23.070,1.091,21.910,58.221600
17,17.042,1.604,26.700,58.246400
19,19.046,2.617,28.890,58.247200
21,21.050,0.130,31.080,58.248000
23,23.054,1.000,22.270,58.248800
17,17.058,1.513,27.460,58.249600
19,19.062,2.526,29.650,58.250400
21,21.066,0.039,31.840,58.251200
23,23.070,1.052,23.030,58.252000
17,17.042,1.565,26.000,58.276800
19,19.046,2.578,28.190,58.277600
21,21.050,0.091,30.380,58.278400
23,23.054,1.104,21.570,58.279200
17,17.058,1.617,26.760,58.280000
19,19.062,2.630,28.950,58.280800
21,21.066,0.000,31.140,58.281600
23,23.070,1.013,22.330,58.282400
17,17.042,1.526,27.120,58.307200
19,19.046,2.539,29.310,58.308000
21,21.050,0.052,31.500,58.308800
23,23.054,1.065,22.690,58.309600
17,17.058,1.578,27.880,58.310400
19,19.062,2.591,28.250,58.311200
21,21.066,0.104,30.440,58.312000
23,23.070,1.117,21.630,58.312800
17,17.042,1.630,26.420,58.337600
19,19.046,2.500,28.610,58.338400
21,21.050,0.013,30.800,58.339200
23,23.054,1.026,21.990,58.340000
17,17.058,1.539,27.180,58.340800
19,19.062,2.552,29.370,58.341600
21,21.066,0.065,31.560,58.342400
23,23.070,1.078,22.750,58.343200
1,1.063,0.500,21.000,58.368000
3,3.067,1.513,23.190,58.368800
5,5.071,2.526,25.380,58.369600
7,7.075,0.039,27.570,58.370400
1,1.079,0.552,21.760,58.371200
3,3.083,1.565,23.950,58.372000
5,5.087,2.578,26.140,58.372800
7,7.091,0.091,28.330,58.373600
1,1.063,0.604,22.120,58.398400
3,3.067,1.617,24.310,58.399200
5,5.071,2.630,26.500,58.400000
7,7.075,0.000,28.690,58.400800
1,1.079,0.513,22.880,58.401600
3,3.083,1.526,23.250,58.402400
5,5.087,2.539,25.440,58.403200
7,7.091,0.052,27.630,58.404000
1,1.063,0.565,21.420,58.428800
3,3.067,1.578,23.610,58.429600
5,5.071,2.591,25.800,58.430400
7,7.075,0.104,27.990,58.431200
1,1.079,0.617,22.180,58.432000
3,3.083,1.630,24.370,58.432800
5,5.087,2.500,26.560,58.433600
7,7.091,0.013,28.750,58.434400
1,1.063,0.526,22.540,58.459200
3,3.067,1.539,24.730,58.460000
5,5.071,2.552,25.100,58.460800
7,7.075,0.065,27.290,58.461600
1,1.079,0.578,21.480,58.462400
3,3.083,1.591,23.670,58.463200
5,5.087,2.604,25.860,58.464000
7,7.091,0.117,28.050,58.464800
1,1.063,0.630,21.840,58.489600
3,3.067,1.500,24.030,58.490400
5,5.071,2.513,26.220,58.491200
7,7.075,0.026,28.410,58.492000
1,1.079,0.539,22.600,58.492800
3,3.083,1.552,24.790,58.493600
5,5.087,2.565,26.980,58.494400
7,7.091,0.078,27.350,58.495200
1,1.063,0.591,21.140,58.520000
3,3.067,1.604,23.330,58.520800
5,5.071,2.617,25.520,58.521600
7,7.075,0.130,27.710,58.522400
1,1.079,0.500,21.900,58.523200
3,3.083,1.513,24.090,58.524000
5,5.087,2.526,26.280,58.524800
7,7.091,0.039,28.470,58.525600
1,1.063,0.552,22.260,58.550400
3,3.067,1.565,24.450,58.551200
5,5.071,2.578,26.640,58.552000
7,7.075,0.091,28.830,58.552800
1,1.079,0.604,21.200,58.553600
3,3.083,1.617,23.390,58.554400
5,5.087,2.630,25.580,58.555200
7,7.091,0.000,27.770,58.556000
1,1.063,0.513,21.560,58.580800
3,3.067,1.526,23.750,58.581600
5,5.071,2.539,25.940,58.582400
7,7.075,0.052,28.130,58.583200
1,1.079,0.565,22.320,58.584000
3,3.083,1.578,24.510,58.584800
5,5.087,2.591,26.700,58.585600
7,7.091,0.104,28.890,58.586400
1,1.063,0.617,22.680,58.611200
3,3.067,1.630,23.050,58.612000
5,5.071,2.500,25.240,58.612800
7,7.075,0.013,27.430,58.613600
1,1.079,0.526,21.620,58.614400
3,3.083,1.539,23.810,58.615200
5,5.087,2.552,26.000,58.616000
7,7.091,0.065,28.190,58.616800
1,1.063,0.578,21.980,58.641600
3,3.067,1.591,24.170,58.642400
5,5.071,2.604,26.360,58.643200
7,7.075,0.117,28.550,58.644000
1,1.079,0.630,22.740,58.644800
3,3.083,1.500,24.930,58.645600
5,5.087,2.513,25.300,58.646400
7,7.091,0.026,27.490,58.647200
1,1.063,0.539,21.280,58.672000
3,3.067,1.552,23.470,58.672800
5,5.071,2.565,25.660,58.673600
7,7.075,0.078,27.850,58.674400
1,1.079,0.591,22.040,58.675200
3,3.083,1.604,24.230,58.676000
5,5.087,2.617,26.420,58.676800
7,7.091,0.130,28.610,58.677600
1,1.063,0.500,22.400,58.702400
3,3.067,1.513,24.590,58.703200
5,5.071,2.526,26.780,58.704000
7,7.075,0.039,27.150,58.704800
1,1.079,0.552,21.340,58.705600
3,3.083,1.565,23.530,58.706400
5,5.087,2.578,25.720,58.707200
7,7.091,0.091,27.910,58.708000
1,1.063,0.604,21.700,58.732800
3,3.067,1.617,23.890,58.733600
5,5.071,2.630,26.080,58.734400
7,7.075,0.000,28.270,58.735200
1,1.079,0.513,22.460,58.736000
3,3.083,1.526,24.650,58.736800
5,5.087,2.539,26.840,58.737600
7,7.091,0.052,29.030,58.738400
1,1.063,0.565,21.000,58.763200
3,3.067,1.578,23.190,58.764000
5,5.071,2.591,25.380,58.764800
7,7.075,0.104,27.570,58.765600
1,1.079,0.617,21.760,58.766400
3,3.083,1.630,23.950,58.767200
5,5.087,2.500,26.140,58.768000
7,7.091,0.013,28.330,58.768800
1,1.063,0.526,22.120,58.793600
3,3.067,1.539,24.310,58.794400
5,5.071,2.552,26.500,58.795200
7,7.075,0.065,28.690,58.796000
1,1.079,0.578,22.880,58.796800
3,3.083,1.591,23.250,58.797600
5,5.087,2.604,25.440,58.798400
7,7.091,0.117,27.630,58.799200
1,1.063,0.630,21.420,58.824000
3,3.067,1.500,23.610,58.824800
5,5.071,2.513,25.800,58.825600
7,7.075,0.026,27.990,58.826400
1,1.079,0.539,22.180,58.827200
3,3.083,1.552,24.370,58.828000
5,5.087,2.565,26.560,58.828800
7,7.091,0.078,28.750,58.829600
9,9.084,1.000,29.000,58.854400
11,11.088,2.013,20.190,58.855200
13,13.092,3.026,22.380,58.856000
15,15.096,0.539,24.570,58.856800
9,9.100,1.052,29.760,58.857600
11,11.104,2.065,20.950,58.858400
13,13.108,3.078,23.140,58.859200
15,15.112,0.591,25.330,58.860000
9,9.084,1.104,30.120,58.884800
11,11.088,2.117,21.310,58.885600
13,13.092,3.130,23.500,58.886400
15,15.096,0.500,25.690,58.887200
9,9.100,1.013,30.880,58.888000
11,11.104,2.026,20.250,58.888800
13,13.108,3.039,22.440,58.889600
15,15.112,0.552,24.630,58.890400
9,9.084,1.065,29.420,58.915200
11,11.088,2.078,20.610,58.916000
13,13.092,3.091,22.800,58.916800
15,15.096,0.604,24.990,58.917600
9,9.100,1.117,30.180,58.918400
11,11.104,2.130,21.370,58.919200
13,13.108,3.000,23.560,58.920000
15,15.112,0.513,25.750,58.920800
9,9.084,1.026,30.540,58.945600
11,11.088,2.039,21.730,58.946400
13,13.092,3.052,22.100,58.947200
15,15.096,0.565,24.290,58.948000
9,9.100,1.078,29.480,58.948800
11,11.104,2.091,20.670,58.949600
13,13.108,3.104,22.860,58.950400
15,15.112,0.617,25.050,58.951200
9,9.084,1.130,29.840,58.976000
11,11.088,2.000,21.030,58.976800
13,13.092,3.013,23.220,58.977600
15,15.096,0.526,25.410,58.978400
9,9.100,1.039,30.600,58.979200
11,11.104,2.052,21.790,58.980000
13,13.108,3.065,23.980,58.980800
15,15.112,0.578,24.350,58.981600
9,9.084,1.091,29.140,59.006400
11,11.088,2.104,20.330,59.007200
13,13.092,3.117,22.520,59.008000
15,15.096,0.630,24.710,59.008800
9,9.100,1.000,29.900,59.009600
11,11.104,2.013,21.090,59.010400
13,13.108,3.026,23.280,59.011200
15,15.112,0.539,25.470,59.012000
9,9.084,1.052,30.260,59.036800
11,11.088,2.065,21.450,59.037600
13,13.092,3.078,23.640,59.038400
15,15.096,0.591,25.830,59.039200
9,9.100,1.104,29.200,59.040000
11,11.104,2.117,20.390,59.040800
13,13.108,3.130,22.580,59.041600
15,15.112,0.500,24.770,59.042400
9,9.084,1.013,29.560,59.067200
11,11.088,2.026,20.750,59.068000
13,13.092,3.039,22.940,59.068800
15,15.096,0.552,25.130,59.069600
9,9.100,1.065,30.320,59.070400
11,11.104,2.078,21.510,59.071200
13,13.108,3.091,23.700,59.072000
15,15.112,0.604,25.890,59.072800
9,9.084,1.117,30.680,59.097600
11,11.088,2.130,20.050,59.098400
13,13.092,3.000,22.240,59.099200
15,15.096,0.513,24.430,59.100000
9,9.100,1.026,29.620,59.100800
11,11.104,2.039,20.810,59.101600
13,13.108,3.052,23.000,59.102400
15,15.112,0.565,25.190,59.103200
9,9.084,1.078,29.980,59.128000
11,11.088,2.091,21.170,59.128800
13,13.092,3.104,23.360,59.129600
15,15.096,0.617,25.550,59.130400
9,9.100,1.130,30.740,59.131200
11,11.104,2.000,21.930,59.132000
13,13.108,3.013,22.300,59.132800
15,15.112,0.526,24.490,59.133600
9,9.084,1.039,29.280,59.158400
11,11.088,2.052,20.470,59.159200
13,13.092,3.065,22.660,59.160000
15,15.096,0.578,24.850,59.160800
9,9.100,1.091,30.040,59.161600
11,11.104,2.104,21.230,59.162400
13,13.108,3.117,23.420,59.163200
15,15.112,0.630,25.610,59.164000
9,9.084,1.000,30.400,59.188800
11,11.088,2.013,21.590,59.189600
13,13.092,3.026,23.780,59.190400
15,15.096,0.539,24.150,59.191200
9,9.100,1.052,29.340,59.192000
11,11.104,2.065,20.530,59.192800
13,13.108,3.078,22.720,59.193600
15,15.112,0.591,24.910,59.194400
9,9.084,1.104,29.700,59.219200
11,11.088,2.117,20.890,59.220000
13,13.092,3.130,23.080,59.220800
15,15.096,0.500,25.270,59.221600
9,9.100,1.013,30.460,59.222400
11,11.104,2.026,21.650,59.223200
13,13.108,3.039,23.840,59.224000
15,15.112,0.552,26.030,59.224800
9,9.084,1.065,29.000,59.249600
11,11.088,2.078,20.190,59.250400
13,13.092,3.091,22.380,59.251200
15,15.096,0.604,24.570,59.252000
9,9.100,1.117,29.760,59.252800
11,11.104,2.130,20.950,59.253600
13,13.108,3.000,23.140,59.254400
15,15.112,0.513,25.330,59.255200
9,9.084,1.026,30.120,59.280000
11,11.088,2.039,21.310,59.280800
13,13.092,3.052,23.500,59.281600
15,15.096,0.565,25.690,59.282400
9,9.100,1.078,30.880,59.283200
11,11.104,2.091,20.250,59.284000
13,13.108,3.104,22.440,59.284800
15,15.112,0.617,24.630,59.285600
9,9.084,1.130,29.420,59.310400
11,11.088,2.000,20.610,59.311200
13,13.092,3.013,22.800,59.312000
15,15.096,0.526,24.990,59.312800
9,9.100,1.039,30.180,59.313600
11,11.104,2.052,21.370,59.314400
13,13.108,3.065,23.560,59.315200
15,15.112,0.578,25.750,59.316000
17,17.105,1.500,26.000,59.340800
19,19.109,2.513,28.190,59.341600
21,21.113,0.026,30.380,59.342400
23,23.117,1.039,21.570,59.343200
17,17.121,1.552,26.760,59.344000
19,19.125,2.565,28.950,59.344800
21,21.129,0.078,31.140,59.345600
23,23.133,1.091,22.330,59.346400
17,17.105,1.604,27.120,59.371200
19,19.109,2.617,29.310,59.372000
21,21.113,0.130,31.500,59.372800
23,23.117,1.000,22.690,59.373600
17,17.121,1.513,27.880,59.374400
19,19.125,2.526,28.250,59.375200
21,21.129,0.039,30.440,59.376000
23,23.133,1.052,21.630,59.376800
17,17.105,1.565,26.420,59.401600
19,19.109,2.578,28.610,59.402400
21,21.113,0.091,30.800,59.403200
23,23.117,1.104,21.990,59.404000
17,17.121,1.617,27.180,59.404800
19,19.125,2.630,29.370,59.405600
21,21.129,0.000,31.560,59.406400
23,23.133,1.013,22.750,59.407200
17,17.105,1.526,27.540,59.432000
19,19.109,2.539,29.730,59.432800
21,21.113,0.052,30.100,59.433600
23,23.117,1.065,21.290,59.434400
17,17.121,1.578,26.480,59.435200
19,19.125,2.591,28.670,59.436000
21,21.129,0.104,30.860,59.436800
23,23.133,1.117,22.050,59.437600
17,17.105,1.630,26.840,59.462400
19,19.109,2.500,29.030,59.463200
21,21.113,0.013,31.220,59.464000
23,23.117,1.026,22.410,59.464800
17,17.121,1.539,27.600,59.465600
19,19.125,2.552,29.790,59.466400
21,21.129,0.065,31.980,59.467200
23,23.133,1.078,21.350,59.468000
17,17.105,1.591,26.140,59.492800
19,19.109,2.604,28.330,59.493600
21,21.113,0.117,30.520,59.494400
23,23.117,1.130,21.710,59.495200
17,17.121,1.500,26.900,59.496000
19,19.125,2.513,29.090,59.496800
21,21.129,0.026,31.280,59.497600
23,23.133,1.039,22.470,59.498400
17,17.105,1.552,27.260,59.523200
19,19.109,2.565,29.450,59.524000
21,21.113,0.078,31.640,59.524800
23,23.117,1.091,22.830,59.525600
17,17.121,1.604,26.200,59.526400
19,19.125,2.617,28.390,59.527200
21,21.129,0.130,30.580,59.528000
23,23.133,1.000,21.770,59.528800
17,17.105,1.513,26.560,59.553600
19,19.109,2.526,28.750,59.554400
21,21.113,0.039,30.940,59.555200
23,23.117,1.052,22.130,59.556000
17,17.121,1.565,27.320,59.556800
19,19.125,2.578,29.510,59.557600
21,21.129,0.091,31.700,59.558400
23,23.133,1.104,22.890,59.559200
17,17.105,1.617,27.680,59.584000
19,19.109,2.630,28.050,59.584800
21,21.113,0.000,30.240,59.585600
23,23.117,1.013,21.430,59.586400
17,17.121,1.526,26.620,59.587200
19,19.125,2.539,28.810,59.588000
21,21.129,0.052,31.000,59.588800
23,23.133,1.065,22.190,59.589600
17,17.105,1.578,26.980,59.614400
19,19.109,2.591,29.170,59.615200
21,21.113,0.104,31.360,59.616000
23,23.117,1.117,22.550,59.616800
17,17.121,1.630,27.740,59.617600
19,19.125,2.500,29.930,59.618400
21,21.129,0.013,30.300,59.619200
23,23.133,1.026,21.490,59.620000
17,17.105,1.539,26.280,59.644800
19,19.109,2.552,28.470,59.645600
21,21.113,0.065,30.660,59.646400
23,23.117,1.078,21.850,59.647200
17,17.121,1.591,27.040,59.648000
19,19.125,2.604,29.230,59.648800
21,21.129,0.117,31.420,59.649600
23,23.133,1.130,22.610,59.650400
17,17.105,1.500,27.400,59.675200
19,19.109,2.513,29.590,59.676000
21,21.113,0.026,31.780,59.676800
23,23.117,1.039,21.150,59.677600
17,17.121,1.552,26.340,59.678400
19,19.125,2.565,28.530,59.679200
21,21.129,0.078,30.720,59.680000
23,23.133,1.091,21.910,59.680800
17,17.105,1.604,26.700,59.705600
19,19.109,2.617,28.890,59.706400
21,21.113,0.130,31.080,59.707200
23,23.117,1.000,22.270,59.708000
17,17.121,1.513,27.460,59.708800
19,19.125,2.526,29.650,59.709600
21,21.129,0.039,31.840,59.710400
23,23.133,1.052,23.030,59.711200
17,17.105,1.565,26.000,59.736000
19,19.109,2.578,28.190,59.736800
21,21.113,0.091,30.380,59.737600
23,23.117,1.104,21.570,59.738400
17,17.121,1.617,26.760,59.739200
19,19.125,2.630,28.950,59.740000
21,21.129,0.000,31.140,59.740800
23,23.133,1.013,22.330,59.741600
17,17.105,1.526,27.120,59.766400
19,19.109,2.539,29.310,59.767200
21,21.113,0.052,31.500,59.768000
23,23.117,1.065,22.690,59.768800
17,17.121,1.578,27.880,59.769600
19,19.125,2.591,28.250,59.770400
21,21.129,0.104,30.440,59.771200
23,23.133,1.117,21.630,59.772000
17,17.105,1.630,26.420,59.796800
19,19.109,2.500,28.610,59.797600
21,21.113,0.013,30.800,59.798400
23,23.117,1.026,21.990,59.799200
17,17.121,1.539,27.180,59.800000
19,19.125,2.552,29.370,59.800800
21,21.129,0.065,31.560,59.801600
23,23.133,1.078,22.750,59.802400
1,1.126,0.500,21.000,59.827200
3,3.130,1.513,23.190,59.828000
5,5.134,2.526,25.380,59.828800
7,7.138,0.039,27.570,59.829600
1,1.142,0.552,21.760,59.830400
3,3.146,1.565,23.950,59.831200
5,5.150,2.578,26.140,59.832000
7,7.154,0.091,28.330,59.832800
1,1.126,0.604,22.120,59.857600
3,3.130,1.617,24.310,59.858400
5,5.134,2.630,26.500,59.859200
7,7.138,0.000,28.690,59.860000
1,1.142,0.513,22.880,59.860800
3,3.146,1.526,23.250,59.861600
5,5.150,2.539,25.440,59.862400
7,7.154,0.052,27.630,59.863200
1,1.126,0.565,21.420,59.888000
3,3.130,1.578,23.610,59.888800
5,5.134,2.591,25.800,59.889600
7,7.138,0.104,27.990,59.890400
1,1.142,0.617,22.180,59.891200
3,3.146,1.630,24.370,59.892000
5,5.150,2.500,26.560,59.892800
7,7.154,0.013,28.750,59.893600
1,1.126,0.526,22.540,59.918400
3,3.130,1.539,24.730,59.919200
5,5.134,2.552,25.100,59.920000
7,7.138,0.065,27.290,59.920800
1,1.142,0.578,21.480,59.921600
3,3.146,1.591,23.670,59.922400
5,5.150,2.604,25.860,59.923200
7,7.154,0.117,28.050,59.924000
1,1.126,0.630,21.840,59.948800
3,3.130,1.500,24.030,59.949600
5,5.134,2.513,26.220,59.950400
7,7.138,0.026,28.410,59.951200
1,1.142,0.539,22.600,59.952000
3,3.146,1.552,24.790,59.952800
5,5.150,2.565,26.980,59.953600
7,7.154,0.078,27.350,59.954400
1,1.126,0.591,21.140,59.979200
3,3.130,1.604,23.330,59.980000
5,5.134,2.617,25.520,59.980800
7,7.138,0.130,27.710,59.981600
1,1.142,0.500,21.900,59.982400
3,3.146,1.513,24.090,59.983200
5,5.150,2.526,26.280,59.984000
7,7.154,0.039,28.470,59.984800
1,1.126,0.552,22.260,60.009600
3,3.130,1.565,24.450,60.010400
5,5.134,2.578,26.640,60.011200
7,7.138,0.091,28.830,60.012000
1,1.142,0.604,21.200,60.012800
3,3.146,1.617,23.390,60.013600
5,5.150,2.630,25.580,60.014400
7,7.154,0.000,27.770,60.015200
1,1.126,0.513,21.560,60.040000
3,3.130,1.526,23.750,60.040800
5,5.134,2.539,25.940,60.041600
7,7.138,0.052,28.130,60.042400
1,1.142,0.565,22.320,60.043200
3,3.146,1.578,24.510,60.044000
5,5.150,2.591,26.700,60.044800
7,7.154,0.104,28.890,60.045600
1,1.126,0.617,22.680,60.070400
3,3.130,1.630,23.050,60.071200
5,5.134,2.500,25.240,60.072000
7,7.138,0.013,27.430,60.072800
1,1.142,0.526,21.620,60.073600
3,3.146,1.539,23.810,60.074400
5,5.150,2.552,26.000,60.075200
7,7.154,0.065,28.190,60.076000
1,1.126,0.578,21.980,60.100800
3,3.130,1.591,24.170,60.101600
5,5.134,2.604,26.360,60.102400
7,7.138,0.117,28.550,60.103200
1,1.142,0.630,22.740,60.104000
3,3.146,1.500,24.930,60.104800
5,5.150,2.513,25.300,60.105600
7,7.154,0.026,27.490,60.106400
1,1.126,0.539,21.280,60.131200
3,3.130,1.552,23.470,60.132000
5,5.134,2.565,25.660,60.132800
7,7.138,0.078,27.850,60.133600
1,1.142,0.591,22.040,60.134400
3,3.146,1.604,24.230,60.135200
5,5.150,2.617,26.420,60.136000
7,7.154,0.130,28.610,60.136800
1,1.126,0.500,22.400,60.161600
3,3.130,1.513,24.590,60.162400
5,5.134,2.526,26.780,60.163200
7,7.138,0.039,27.150,60.164000
1,1.142,0.552,21.340,60.164800
3,3.146,1.565,23.530,60.165600
5,5.150,2.578,25.720,60.166400
7,7.154,0.091,27.910,60.167200
1,1.126,0.604,21.700,60.192000
3,3.130,1.617,23.890,60.192800
5,5.134,2.630,26.080,60.193600
7,7.138,0.000,28.270,60.194400
1,1.142,0.513,22.460,60.195200
3,3.146,1.526,24.650,60.196000
5,5.150,2.539,26.840,60.196800
7,7.154,0.052,29.030,60.197600
1,1.126,0.565,21.000,60.222400
3,3.130,1.578,23.190,60.223200
5,5.134,2.591,25.380,60.224000
7,7.138,0.104,27.570,60.224800
1,1.142,0.617,21.760,60.225600
3,3.146,1.630,23.950,60.226400
5,5.150,2.500,26.140,60.227200
7,7.154,0.013,28.330,60.228000
1,1.126,0.526,22.120,60.252800
3,3.130,1.539,24.310,60.253600
5,5.134,2.552,26.500,60.254400
7,7.138,0.065,28.690,60.255200
1,1.142,0.578,22.880,60.256000
3,3.146,1.591,23.250,60.256800
5,5.150,2.604,25.440,60.257600
7,7.154,0.117,27.630,60.258400
1,1.126,0.630,21.420,60.283200
3,3.130,1.500,23.610,60.284000
5,5.134,2.513,25.800,60.284800
7,7.138,0.026,27.990,60.285600
1,1.142,0.539,22.180,60.286400
3,3.146,1.552,24.370,60.287200
5,5.150,2.565,26.560,60.288000
7,7.154,0.078,28.750,60.288800
9,9.147,1.000,29.000,60.313600
11,11.151,2.013,20.190,60.314400
13,13.155,3.026,22.380,60.315200
15,15.159,0.539,24.570,60.316000
9,9.163,1.052,29.760,60.316800
11,11.167,2.065,20.950,60.317600
13,13.171,3.078,23.140,60.318400
15,15.175,0.591,25.330,60.319200
9,9.147,1.104,30.120,60.344000
11,11.151,2.117,21.310,60.344800
13,13.155,3.130,23.500,60.345600
15,15.159,0.500,25.690,60.346400
9,9.163,1.013,30.880,60.347200
11,11.167,2.026,20.250,60.348000
13,13.171,3.039,22.440,60.348800
15,15.175,0.552,24.630,60.349600
9,9.147,1.065,29.420,60.374400
11,11.151,2.078,20.610,60.375200
13,13.155,3.091,22.800,60.376000
15,15.159,0.604,24.990,60.376800
9,9.163,1.117,30.180,60.377600
11,11.167,2.130,21.370,60.378400
13,13.171,3.000,23.560,60.379200
15,15.175,0.513,25.750,60.380000
9,9.147,1.026,30.540,60.404800
11,11.151,2.039,21.730,60.405600
13,13.155,3.052,22.100,60.406400
15,15.159,0.565,24.290,60.407200
9,9.163,1.078,29.480,60.408000
11,11.167,2.091,20.670,60.408800
13,13.171,3.104,22.860,60.409600
15,15.175,0.617,25.050,60.410400
9,9.147,1.130,29.840,60.435200
11,11.151,2.000,21.030,60.436000
13,13.155,3.013,23.220,60.436800
15,15.159,0.526,25.410,60.437600
9,9.163,1.039,30.600,60.438400
11,11.167,2.052,21.790,60.439200
13,13.171,3.065,23.980,60.440000
15,15.175,0.578,24.350,60.440800
9,9.147,1.091,29.140,60.465600
11,11.151,2.104,20.330,60.466400
13,13.155,3.117,22.520,60.467200
15,15.159,0.630,24.710,60.468000
9,9.163,1.000,29.900,60.468800
11,11.167,2.013,21.090,60.469600
13,13.171,3.026,23.280,60.470400
15,15.175,0.539,25.470,60.471200
9,9.147,1.052,30.260,60.496000
11,11.151,2.065,21.450,60.496800
13,13.155,3.078,23.640,60.497600
15,15.159,0.591,25.830,60.498400
9,9.163,1.104,29.200,60.499200
11,11.167,2.117,20.390,60.500000
13,13.171,3.130,22.580,60.500800
15,15.175,0.500,24.770,60.501600
9,9.147,1.013,29.560,60.526400
11,11.151,2.026,20.750,60.527200
13,13.155,3.039,22.940,60.528000
15,15.159,0.552,25.130,60.528800
9,9.163,1.065,30.320,60.529600
11,11.167,2.078,21.510,60.530400
13,13.171,3.091,23.700,60.531200
15,15.175,0.604,25.890,60.532000
9,9.147,1.117,30.680,60.556800
11,11.151,2.130,20.050,60.557600
13,13.155,3.000,22.240,60.558400
15,15.159,0.513,24.430,60.559200
9,9.163,1.026,29.620,60.560000
11,11.167,2.039,20.810,60.560800
13,13.171,3.052,23.000,60.561600
15,15.175,0.565,25.190,60.562400
9,9.147,1.078,29.980,60.587200
11,11.151,2.091,21.170,60.588000
13,13.155,3.104,23.360,60.588800
15,15.159,0.617,25.550,60.589600
9,9.163,1.130,30.740,60.590400
11,11.167,2.000,21.930,60.591200
13,13.171,3.013,22.300,60.592000
15,15.175,0.526,24.490,60.592800
9,9.147,1.039,29.280,60.617600
11,11.151,2.052,20.470,60.618400
13,13.155,3.065,22.660,60.619200
15,15.159,0.578,24.850,60.620000
9,9.163,1.091,30.040,60.620800
11,11.167,2.104,21.230,60.621600
13,13.171,3.117,23.420,60.622400
15,15.175,0.630,25.610,60.623200
9,9.147,1.000,30.400,60.648000
11,11.151,2.013,21.590,60.648800
13,13.155,3.026,23.780,60.649600
15,15.159,0.539,24.150,60.650400
9,9.163,1.052,29.340,60.651200
11,11.167,2.065,20.530,60.652000
13,13.171,3.078,22.720,60.652800
15,15.175,0.591,24.910,60.653600
9,9.147,1.104,29.700,60.678400
11,11.151,2.117,20.890,60.679200
13,13.155,3.130,23.080,60.680000
15,15.159,0.500,25.270,60.680800
9,9.163,1.013,30.460,60.681600
11,11.167,2.026,21.650,60.682400
13,13.171,3.039,23.840,60.683200
15,15.175,0.552,26.030,60.684000
9,9.147,1.065,29.000,60.708800
11,11.151,2.078,20.190,60.709600
13,13.155,3.091,22.380,60.710400
15,15.159,0.604,24.570,60.711200
9,9.163,1.117,29.760,60.712000
11,11.167,2.130,20.950,60.712800
13,13.171,3.000,23.140,60.713600
15,15.175,0.513,25.330,60.714400
9,9.147,1.026,30.120,60.739200
11,11.151,2.039,21.310,60.740000
13,13.155,3.052,23.500,60.740800
15,15.159,0.565,25.690,60.741600
9,9.163,1.078,30.880,60.742400
11,11.167,2.091,20.250,60.743200
13,13.171,3.104,22.440,60.744000
15,15.175,0.617,24.630,60.744800
9,9.147,1.130,29.420,60.769600
11,11.151,2.000,20.610,60.770400
13,13.155,3.013,22.800,60.771200
15,15.159,0.526,24.990,60.772000
9,9.163,1.039,30.180,60.772800
11,11.167,2.052,21.370,60.773600
13,13.171,3.065,23.560,60.774400
15,15.175,0.578,25.750,60.775200
17,17.168,1.500,26.000,60.800000
19,19.172,2.513,28.190,60.800800
21,21.176,0.026,30.380,60.801600
23,23.180,1.039,21.570,60.802400
17,17.184,1.552,26.760,60.803200
19,19.188,2.565,28.950,60.804000
21,21.192,0.078,31.140,60.804800
23,23.196,1.091,22.330,60.805600
17,17.168,1.604,27.120,60.830400
19,19.172,2.617,29.310,60.831200
21,21.176,0.130,31.500,60.832000
23,23.180,1.000,22.690,60.832800
17,17.184,1.513,27.880,60.833600
19,19.188,2.526,28.250,60.834400
21,21.192,0.039,30.440,60.835200
23,23.196,1.052,21.630,60.836000
17,17.168,1.565,26.420,60.860800
19,19.172,2.578,28.610,60.861600
21,21.176,0.091,30.800,60.862400
23,23.180,1.104,21.990,60.863200
17,17.184,1.617,27.180,60.864000
19,19.188,2.630,29.370,60.864800
21,21.192,0.000,31.560,60.865600
23,23.196,1.013,22.750,60.866400
17,17.168,1.526,27.540,60.891200
19,19.172,2.539,29.730,60.892000
21,21.176,0.052,30.100,60.892800
23,23.180,1.065,21.290,60.893600
17,17.184,1.578,26.480,60.894400
19,19.188,2.591,28.670,60.895200
21,21.192,0.104,30.860,60.896000
23,23.196,1.117,22.050,60.896800
17,17.168,1.630,26.840,60.921600
19,19.172,2.500,29.030,60.922400
21,21.176,0.013,31.220,60.923200
23,23.180,1.026,22.410,60.924000
17,17.184,1.539,27.600,60.924800
19,19.188,2.552,29.790,60.925600
21,21.192,0.065,31.980,60.926400
23,23.196,1.078,21.350,60.927200
17,17.168,1.591,26.140,60.952000
19,19.172,2.604,28.330,60.952800
21,21.176,0.117,30.520,60.953600
23,23.180,1.130,21.710,60.954400
17,17.184,1.500,26.900,60.955200
19,19.188,2.513,29.090,60.956000
21,21.192,0.026,31.280,60.956800
23,23.196,1.039,22.470,60.957600
17,17.168,1.552,27.260,60.982400
19,19.172,2.565,29.450,60.983200
21,21.176,0.078,31.640,60.984000
23,23.180,1.091,22.830,60.984800
17,17.184,1.604,26.200,60.985600
19,19.188,2.617,28.390,60.986400
21,21.192,0.130,30.580,60.987200
23,23.196,1.000,21.770,60.988000
17,17.168,1.513,26.560,61.012800
19,19.172,2.526,28.750,61.013600
21,21.176,0.039,30.940,61.014400
23,23.180,1.052,22.130,61.015200
17,17.184,1.565,27.320,61.016000
19,19.188,2.578,29.510,61.016800
21,21.192,0.091,31.700,61.017600
23,23.196,1.104,22.890,61.018400
17,17.168,1.617,27.680,61.043200
19,19.172,2.630,28.050,61.044000
21,21.176,0.000,30.240,61.044800
23,23.180,1.013,21.430,61.045600
17,17.184,1.526,26.620,61.046400
19,19.188,2.539,28.810,61.047200
21,21.192,0.052,31.000,61.048000
23,23.196,1.065,22.190,61.048800
17,17.168,1.578,26.980,61.073600
19,19.172,2.591,29.170,61.074400
21,21.176,0.104,31.360,61.075200
23,23.180,1.117,22.550,61.076000
17,17.184,1.630,27.740,61.076800
19,19.188,2.500,29.930,61.077600
21,21.192,0.013,30.300,61.078400
23,23.196,1.026,21.490,61.079200
17,17.168,1.539,26.280,61.104000
19,19.172,2.552,28.470,61.104800
21,21.176,0.065,30.660,61.105600
23,23.180,1.078,21.850,61.106400
17,17.184,1.591,27.040,61.107200
19,19.188,2.604,29.230,61.108000
21,21.192,0.117,31.420,61.108800
23,23.196,1.130,22.610,61.109600
17,17.168,1.500,27.400,61.134400
19,19.172,2.513,29.590,61.135200
21,21.176,0.026,31.780,61.136000
23,23.180,1.039,21.150,61.136800
17,17.184,1.552,26.340,61.137600
19,19.188,2.565,28.530,61.138400
21,21.192,0.078,30.720,61.139200
23,23.196,1.091,21.910,61.140000
17,17.168,1.604,26.700,61.164800
19,19.172,2.617,28.890,61.165600
21,21.176,0.130,31.080,61.166400
23,23.180,1.000,22.270,61.167200
17,17.184,1.513,27.460,61.168000
19,19.188,2.526,29.650,61.168800
21,21.192,0.039,31.840,61.169600
23,23.196,1.052,23.030,61.170400
17,17.168,1.565,26.000,61.195200
19,19.172,2.578,28.190,61.196000
21,21.176,0.091,30.380,61.196800
23,23.180,1.104,21.570,61.197600
17,17.184,1.617,26.760,61.198400
19,19.188,2.630,28.950,61.199200
21,21.192,0.000,31.140,61.200000
23,23.196,1.013,22.330,61.200800
17,17.168,1.526,27.120,61.225600
19,19.172,2.539,29.310,61.226400
21,21.176,0.052,31.500,61.227200
23,23.180,1.065,22.690,61.228000
17,17.184,1.578,27.880,61.228800
19,19.188,2.591,28.250,61.229600
21,21.192,0.104,30.440,61.230400
23,23.196,1.117,21.630,61.231200
17,17.168,1.630,26.420,61.256000
19,19.172,2.500,28.610,61.256800
21,21.176,0.013,30.800,61.257600
23,23.180,1.026,21.990,61.258400
17,17.184,1.539,27.180,61.259200
19,19.188,2.552,29.370,61.260000
21,21.192,0.065,31.560,61.260800
23,23.196,1.078,22.750,61.261600
1,1.000,0.500,21.000,61.286400
3,3.004,1.513,23.190,61.287200
5,5.008,2.526,25.380,61.288000
7,7.012,0.039,27.570,61.288800
1,1.016,0.552,21.760,61.289600
3,3.020,1.565,23.950,61.290400
5,5.024,2.578,26.140,61.291200
7,7.028,0.091,28.330,61.292000
1,1.000,0.604,22.120,61.316800
3,3.004,1.617,24.310,61.317600
5,5.008,2.630,26.500,61.318400
7,7.012,0.000,28.690,61.319200
1,1.016,0.513,22.880,61.320000
3,3.020,1.526,23.250,61.320800
5,5.024,2.539,25.440,61.321600
7,7.028,0.052,27.630,61.322400
1,1.000,0.565,21.420,61.347200
3,3.004,1.578,23.610,61.348000
5,5.008,2.591,25.800,61.348800
7,7.012,0.104,27.990,61.349600
1,1.016,0.617,22.180,61.350400
3,3.020,1.630,24.370,61.351200
5,5.024,2.500,26.560,61.352000
7,7.028,0.013,28.750,61.352800
1,1.000,0.526,22.540,61.377600
3,3.004,1.539,24.730,61.378400
5,5.008,2.552,25.100,61.379200
7,7.012,0.065,27.290,61.380000
1,1.016,0.578,21.480,61.380800
3,3.020,1.591,23.670,61.381600
5,5.024,2.604,25.860,61.382400
7,7.028,0.117,28.050,61.383200
1,1.000,0.630,21.840,61.408000
3,3.004,1.500,24.030,61.408800
5,5.008,2.513,26.220,61.409600
7,7.012,0.026,28.410,61.410400
1,1.016,0.539,22.600,61.411200
3,3.020,1.552,24.790,61.412000
5,5.024,2.565,26.980,61.412800
7,7.028,0.078,27.350,61.413600
1,1.000,0.591,21.140,61.438400
3,3.004,1.604,23.330,61.439200
5,5.008,2.617,25.520,61.440000
7,7.012,0.130,27.710,61.440800
1,1.016,0.500,21.900,61.441600
3,3.020,1.513,24.090,61.442400
5,5.024,2.526,26.280,61.443200
7,7.028,0.039,28.470,61.444000
1,1.000,0.552,22.260,61.468800
3,3.004,1.565,24.450,61.469600
5,5.008,2.578,26.640,61.470400
7,7.012,0.091,28.830,61.471200
1,1.016,0.604,21.200,61.472000
3,3.020,1.617,23.390,61.472800
5,5.024,2.630,25.580,61.473600
7,7.028,0.000,27.770,61.474400
1,1.000,0.513,21.560,61.499200
3,3.004,1.526,23.750,61.500000
5,5.008,2.539,25.940,61.500800
7,7.012,0.052,28.130,61.501600
1,1.016,0.565,22.320,61.502400
3,3.020,1.578,24.510,61.503200
5,5.024,2.591,26.700,61.504000
7,7.028,0.104,28.890,61.504800
1,1.000,0.617,22.680,61.529600
3,3.004,1.630,23.050,61.530400
5,5.008,2.500,25.240,61.531200
7,7.012,0.013,27.430,61.532000
1,1.016,0.526,21.620,61.532800
3,3.020,1.539,23.810,61.533600
5,5.024,2.552,26.000,61.534400
7,7.028,0.065,28.190,61.535200
1,1.000,0.578,21.980,61.560000
3,3.004,1.591,24.170,61.560800
5,5.008,2.604,26.360,61.561600
7,7.012,0.117,28.550,61.562400
1,1.016,0.630,22.740,61.563200
3,3.020,1.500,24.930,61.564000
5,5.024,2.513,25.300,61.564800
7,7.028,0.026,27.490,61.565600
1,1.000,0.539,21.280,61.590400
3,3.004,1.552,23.470,61.591200
5,5.008,2.565,25.660,61.592000
7,7.012,0.078,27.850,61.592800
1,1.016,0.591,22.040,61.593600
3,3.020,1.604,24.230,61.594400
5,5.024,2.617,26.420,61.595200
7,7.028,0.130,28.610,61.596000
1,1.000,0.500,22.400,61.620800
3,3.004,1.513,24.590,61.621600
5,5.008,2.526,26.780,61.622400
7,7.012,0.039,27.150,61.623200
1,1.016,0.552,21.340,61.624000
3,3.020,1.565,23.530,61.624800
5,5.024,2.578,25.720,61.625600
7,7.028,0.091,27.910,61.626400
1,1.000,0.604,21.700,61.651200
3,3.004,1.617,23.890,61.652000
5,5.008,2.630,26.080,61.652800
7,7.012,0.000,28.270,61.653600
1,1.016,0.513,22.460,61.654400
3,3.020,1.526,24.650,61.655200
5,5.024,2.539,26.840,61.656000
7,7.028,0.052,29.030,61.656800
1,1.000,0.565,21.000,61.681600
3,3.004,1.578,23.190,61.682400
5,5.008,2.591,25.380,61.683200
7,7.012,0.104,27.570,61.684000
1,1.016,0.617,21.760,61.684800
3,3.020,1.630,23.950,61.685600
5,5.024,2.500,26.140,61.686400
7,7.028,0.013,28.330,61.687200
1,1.000,0.526,22.120,61.712000
3,3.004,1.539,24.310,61.712800
5,5.008,2.552,26.500,61.713600
7,7.012,0.065,28.690,61.714400
1,1.016,0.578,22.880,61.715200
3,3.020,1.591,23.250,61.716000
5,5.024,2.604,25.440,61.716800
7,7.028,0.117,27.630,61.717600
1,1.000,0.630,21.420,61.742400
3,3.004,1.500,23.610,61.743200
5,5.008,2.513,25.800,61.744000
7,7.012,0.026,27.990,61.744800
1,1.016,0.539,22.180,61.745600
3,3.020,1.552,24.370,61.746400
5,5.024,2.565,26.560,61.747200
7,7.028,0.078,28.750,61.748000
9,9.021,1.000,29.000,61.772800
11,11.025,2.013,20.190,61.773600
13,13.029,3.026,22.380,61.774400
15,15.033,0.539,24.570,61.775200
9,9.037,1.052,29.760,61.776000
11,11.041,2.065,20.950,61.776800
13,13.045,3.078,23.140,61.777600
15,15.049,0.591,25.330,61.778400
9,9.021,1.104,30.120,61.803200
11,11.025,2.117,21.310,61.804000
13,13.029,3.130,23.500,61.804800
15,15.033,0.500,25.690,61.805600
9,9.037,1.013,30.880,61.806400
11,11.041,2.026,20.250,61.807200
13,13.045,3.039,22.440,61.808000
15,15.049,0.552,24.630,61.808800
9,9.021,1.065,29.420,61.833600
11,11.025,2.078,20.610,61.834400
13,13.029,3.091,22.800,61.835200
15,15.033,0.604,24.990,61.836000
9,9.037,1.117,30.180,61.836800
11,11.041,2.130,21.370,61.837600
13,13.045,3.000,23.560,61.838400
15,15.049,0.513,25.750,61.839200
9,9.021,1.026,30.540,61.864000
11,11.025,2.039,21.730,61.864800
13,13.029,3.052,22.100,61.865600
15,15.033,0.565,24.290,61.866400
9,9.037,1.078,29.480,61.867200
11,11.041,2.091,20.670,61.868000
13,13.045,3.104,22.860,61.868800
15,15.049,0.617,25.050,61.869600
9,9.021,1.130,29.840,61.894400
11,11.025,2.000,21.030,61.895200
13,13.029,3.013,23.220,61.896000
15,15.033,0.526,25.410,61.896800
9,9.037,1.039,30.600,61.897600
11,11.041,2.052,21.790,61.898400
13,13.045,3.065,23.980,61.899200
15,15.049,0.578,24.350,61.900000
9,9.021,1.091,29.140,61.924800
11,11.025,2.104,20.330,61.925600
13,13.029,3.117,22.520,61.926400
15,15.033,0.630,24.710,61.927200
9,9.037,1.000,29.900,61.928000
11,11.041,2.013,21.090,61.928800
13,13.045,3.026,23.280,61.929600
15,15.049,0.539,25.470,61.930400
9,9.021,1.052,30.260,61.955200
11,11.025,2.065,21.450,61.956000
13,13.029,3.078,23.640,61.956800
15,15.033,0.591,25.830,61.957600
9,9.037,1.104,29.200,61.958400
11,11.041,2.117,20.390,61.959200
13,13.045,3.130,22.580,61.960000
15,15.049,0.500,24.770,61.960800
9,9.021,1.013,29.560,61.985600
11,11.025,2.026,20.750,61.986400
13,13.029,3.039,22.940,61.987200
15,15.033,0.552,25.130,61.988000
9,9.037,1.065,30.320,61.988800
11,11.041,2.078,21.510,61.989600
13,13.045,3.091,23.700,61.990400
15,15.049,0.604,25.890,61.991200
9,9.021,1.117,30.680,62.016000
11,11.025,2.130,20.050,62.016800
13,13.029,3.000,22.240,62.017600
15,15.033,0.513,24.430,62.018400
9,9.037,1.026,29.620,62.019200
11,11.041,2.039,20.810,62.020000
13,13.045,3.052,23.000,62.020800
15,15.049,0.565,25.190,62.021600
9,9.021,1.078,29.980,62.046400
11,11.025,2.091,21.170,62.047200
13,13.029,3.104,23.360,62.048000
15,15.033,0.617,25.550,62.048800
9,9.037,1.130,30.740,62.049600
11,11.041,2.000,21.930,62.050400
13,13.045,3.013,22.300,62.051200
15,15.049,0.526,24.490,62.052000
9,9.021,1.039,29.280,62.076800
11,11.025,2.052,20.470,62.077600
13,13.029,3.065,22.660,62.078400
15,15.033,0.578,24.850,62.079200
9,9.037,1.091,30.040,62.080000
11,11.041,2.104,21.230,62.080800
13,13.045,3.117,23.420,62.081600
15,15.049,0.630,25.610,62.082400
9,9.021,1.000,30.400,62.107200
11,11.025,2.013,21.590,62.108000
13,13.029,3.026,23.780,62.108800
15,15.033,0.539,24.150,62.109600
9,9.037,1.052,29.340,62.110400
11,11.041,2.065,20.530,62.111200
13,13.045,3.078,22.720,62.112000
15,15.049,0.591,24.910,62.112800
9,9.021,1.104,29.700,62.137600
11,11.025,2.117,20.890,62.138400
13,13.029,3.130,23.080,62.139200
15,15.033,0.500,25.270,62.140000
9,9.037,1.013,30.460,62.140800
11,11.041,2.026,21.650,62.141600
13,13.045,3.039,23.840,62.142400
15,15.049,0.552,26.030,62.143200
9,9.021,1.065,29.000,62.168000
11,11.025,2.078,20.190,62.168800
13,13.029,3.091,22.380,62.169600
15,15.033,0.604,24.570,62.170400
9,9.037,1.117,29.760,62.171200
11,11.041,2.130,20.950,62.172000
13,13.045,3.000,23.140,62.172800
15,15.049,0.513,25.330,62.173600
9,9.021,1.026,30.120,62.198400
11,11.025,2.039,21.310,62.199200
13,13.029,3.052,23.500,62.200000
15,15.033,0.565,25.690,62.200800
9,9.037,1.078,30.880,62.201600
11,11.041,2.091,20.250,62.202400
13,13.045,3.104,22.440,62.203200
15,15.049,0.617,24.630,62.204000
9,9.021,1.130,29.420,62.228800
11,11.025,2.000,20.610,62.229600
13,13.029,3.013,22.800,62.230400
15,15.033,0.526,24.990,62.231200
9,9.037,1.039,30.180,62.232000
11,11.041,2.052,21.370,62.232800
13,13.045,3.065,23.560,62.233600
15,15.049,0.578,25.750,62.234400
17,17.042,1.500,26.000,62.259200
19,19.046,2.513,28.190,62.260000
21,21.050,0.026,30.380,62.260800
23,23.054,1.039,21.570,62.261600
17,17.058,1.552,26.760,62.262400
19,19.062,2.565,28.950,62.263200
21,21.066,0.078,31.140,62.264000
23,23.070,1.091,22.330,62.264800
17,17.042,1.604,27.120,62.289600
19,19.046,2.617,29.310,62.290400
21,21.050,0.130,31.500,62.291200
23,23.054,1.000,22.690,62.292000
17,17.058,1.513,27.880,62.292800
19,19.062,2.526,28.250,62.293600
21,21.066,0.039,30.440,62.294400
23,23.070,1.052,21.630,62.295200
17,17.042,1.565,26.420,62.320000
19,19.046,2.578,28.610,62.320800
21,21.050,0.091,30.800,62.321600
23,23.054,1.104,21.990,62.322400
17,17.058,1.617,27.180,62.323200
19,19.062,2.630,29.370,62.324000
21,21.066,0.000,31.560,62.324800
23,23.070,1.013,22.750,62.325600
17,17.042,1.526,27.540,62.350400
19,19.046,2.539,29.730,62.351200
21,21.050,0.052,30.100,62.352000
23,23.054,1.065,21.290,62.352800
17,17.058,1.578,26.480,62.353600
19,19.062,2.591,28.670,62.354400
21,21.066,0.104,30.860,62.355200
23,23.070,1.117,22.050,62.356000
17,17.042,1.630,26.840,62.380800
19,19.046,2.500,29.030,62.381600
21,21.050,0.013,31.220,62.382400
23,23.054,1.026,22.410,62.383200
17,17.058,1.539,27.600,62.384000
19,19.062,2.552,29.790,62.384800
21,21.066,0.065,31.980,62.385600
23,23.070,1.078,21.350,62.386400
17,17.042,1.591,26.140,62.411200
19,19.046,2.604,28.330,62.412000
21,21.050,0.117,30.520,62.412800
23,23.054,1.130,21.710,62.413600
17,17.058,1.500,26.900,62.414400
19,19.062,2.513,29.090,62.415200
21,21.066,0.026,31.280,62.416000
23,23.070,1.039,22.470,62.416800
17,17.042,1.552,27.260,62.441600
19,19.046,2.565,29.450,62.442400
21,21.050,0.078,31.640,62.443200
23,23.054,1.091,22.830,62.444000
17,17.058,1.604,26.200,62.444800
19,19.062,2.617,28.390,62.445600
21,21.066,0.130,30.580,62.446400
23,23.070,1.000,21.770,62.447200
17,17.042,1.513,26.560,62.472000
19,19.046,2.526,28.750,62.472800
21,21.050,0.039,30.940,62.473600
23,23.054,1.052,22.130,62.474400
17,17.058,1.565,27.320,62.475200
19,19.062,2.578,29.510,62.476000
21,21.066,0.091,31.700,62.476800
23,23.070,1.104,22.890,62.477600
17,17.042,1.617,27.680,62.502400
19,19.046,2.630,28.050,62.503200
21,21.050,0.000,30.240,62.504000
23,23.054,1.013,21.430,62.504800
17,17.058,1.526,26.620,62.505600
19,19.062,2.539,28.810,62.506400
21,21.066,0.052,31.000,62.507200
23,23.070,1.065,22.190,62.508000
17,17.042,1.578,26.980,62.532800
19,19.046,2.591,29.170,62.533600
21,21.050,0.104,31.360,62.534400
23,23.054,1.117,22.550,62.535200
17,17.058,1.630,27.740,62.536000
19,19.062,2.500,29.930,62.536800
21,21.066,0.013,30.300,62.537600
23,23.070,1.026,21.490,62.538400
17,17.042,1.539,26.280,62.563200
19,19.046,2.552,28.470,62.564000
21,21.050,0.065,30.660,62.564800
23,23.054,1.078,21.850,62.565600
17,17.058,1.591,27.040,62.566400
19,19.062,2.604,29.230,62.567200
21,21.066,0.117,31.420,62.568000
23,23.070,1.130,22.610,62.568800
17,17.042,1.500,27.400,62.593600
19,19.046,2.513,29.590,62.594400
21,21.050,0.026,31.780,62.595200
23,23.054,1.039,21.150,62.596000
17,17.058,1.552,26.340,62.596800
19,19.062,2.565,28.530,62.597600
21,21.066,0.078,30.720,62.598400
23,23.070,1.091,21.910,62.599200
17,17.042,1.604,26.700,62.624000
19,19.046,2.617,28.890,62.624800
21,21.050,0.130,31.080,62.625600
23,23.054,1.000,22.270,62.626400
17,17.058,1.513,27.460,62.627200
19,19.062,2.526,29.650,62.628000
21,21.066,0.039,31.840,62.628800
23,23.070,1.052,23.030,62.629600
17,17.042,1.565,26.000,62.654400
19,19.046,2.578,28.190,62.655200
21,21.050,0.091,30.380,62.656000
23,23.054,1.104,21.570,62.656800
17,17.058,1.617,26.760,62.657600
19,19.062,2.630,28.950,62.658400
21,21.066,0.000,31.140,62.659200
23,23.070,1.013,22.330,62.660000
17,17.042,1.526,27.120,62.684800
19,19.046,2.539,29.310,62.685600
21,21.050,0.052,31.500,62.686400
23,23.054,1.065,22.690,62.687200
17,17.058,1.578,27.880,62.688000
19,19.062,2.591,28.250,62.688800
21,21.066,0.104,30.440,62.689600
23,23.070,1.117,21.630,62.690400
17,17.042,1.630,26.420,62.715200
19,19.046,2.500,28.610,62.716000
21,21.050,0.013,30.800,62.716800
23,23.054,1.026,21.990,62.717600
17,17.058,1.539,27.180,62.718400
19,19.062,2.552,29.370,62.719200
21,21.066,0.065,31.560,62.720000
23,23.070,1.078,22.750,62.720800
1,1.063,0.500,21.000,62.745600
3,3.067,1.513,23.190,62.746400
5,5.071,2.526,25.380,62.747200
7,7.075,0.039,27.570,62.748000
1,1.079,0.552,21.760,62.748800
3,3.083,1.565,23.950,62.749600
5,5.087,2.578,26.140,62.750400
7,7.091,0.091,28.330,62.751200
1,1.063,0.604,22.120,62.776000
3,3.067,1.617,24.310,62.776800
5,5.071,2.630,26.500,62.777600
7,7.075,0.000,28.690,62.778400
1,1.079,0.513,22.880,62.779200
3,3.083,1.526,23.250,62.780000
5,5.087,2.539,25.440,62.780800
7,7.091,0.052,27.630,62.781600
1,1.063,0.565,21.420,62.806400
3,3.067,1.578,23.610,62.807200
5,5.071,2.591,25.800,62.808000
7,7.075,0.104,27.990,62.808800
1,1.079,0.617,22.180,62.809600
3,3.083,1.630,24.370,62.810400
5,5.087,2.500,26.560,62.811200
7,7.091,0.013,28.750,62.812000
1,1.063,0.526,22.540,62.836800
3,3.067,1.539,24.730,62.837600
5,5.071,2.552,25.100,62.838400
7,7.075,0.065,27.290,62.839200
1,1.079,0.578,21.480,62.840000
3,3.083,1.591,23.670,62.840800
5,5.087,2.604,25.860,62.841600
7,7.091,0.117,28.050,62.842400
1,1.063,0.630,21.840,62.867200
3,3.067,1.500,24.030,62.868000
5,5.071,2.513,26.220,62.868800
7,7.075,0.026,28.410,62.869600
1,1.079,0.539,22.600,62.870400
3,3.083,1.552,24.790,62.871200
5,5.087,2.565,26.980,62.872000
7,7.091,0.078,27.350,62.872800
1,1.063,0.591,21.140,62.897600
3,3.067,1.604,23.330,62.898400
5,5.071,2.617,25.520,62.899200
7,7.075,0.130,27.710,62.900000
1,1.079,0.500,21.900,62.900800
3,3.083,1.513,24.090,62.901600
5,5.087,2.526,26.280,62.902400
7,7.091,0.039,28.470,62.903200
1,1.063,0.552,22.260,62.928000
3,3.067,1.565,24.450,62.928800
5,5.071,2.578,26.640,62.929600
7,7.075,0.091,28.830,62.930400
1,1.079,0.604,21.200,62.931200
3,3.083,1.617,23.390,62.932000
5,5.087,2.630,25.580,62.932800
7,7.091,0.000,27.770,62.933600
1,1.063,0.513,21.560,62.958400
3,3.067,1.526,23.750,62.959200
5,5.071,2.539,25.940,62.960000
7,7.075,0.052,28.130,62.960800
1,1.079,0.565,22.320,62.961600
3,3.083,1.578,24.510,62.962400
5,5.087,2.591,26.700,62.963200
7,7.091,0.104,28.890,62.964000
1,1.063,0.617,22.680,62.988800
3,3.067,1.630,23.050,62.989600
5,5.071,2.500,25.240,62.990400
7,7.075,0.013,27.430,62.991200
1,1.079,0.526,21.620,62.992000
3,3.083,1.539,23.810,62.992800
5,5.087,2.552,26.000,62.993600
7,7.091,0.065,28.190,62.994400
1,1.063,0.578,21.980,63.019200
3,3.067,1.591,24.170,63.020000
5,5.071,2.604,26.360,63.020800
7,7.075,0.117,28.550,63.021600
1,1.079,0.630,22.740,63.022400
3,3.083,1.500,24.930,63.023200
5,5.087,2.513,25.300,63.024000
7,7.091,0.026,27.490,63.024800
1,1.063,0.539,21.280,63.049600
3,3.067,1.552,23.470,63.050400
5,5.071,2.565,25.660,63.051200
7,7.075,0.078,27.850,63.052000
1,1.079,0.591,22.040,63.052800
3,3.083,1.604,24.230,63.053600
5,5.087,2.617,26.420,63.054400
7,7.091,0.130,28.610,63.055200
1,1.063,0.500,22.400,63.080000
3,3.067,1.513,24.590,63.080800
5,5.071,2.526,26.780,63.081600
7,7.075,0.039,27.150,63.082400
1,1.079,0.552,21.340,63.083200
3,3.083,1.565,23.530,63.084000
5,5.087,2.578,25.720,63.084800
7,7.091,0.091,27.910,63.085600
1,1.063,0.604,21.700,63.110400
3,3.067,1.617,23.890,63.111200
5,5.071,2.630,26.080,63.112000
7,7.075,0.000,28.270,63.112800
1,1.079,0.513,22.460,63.113600
3,3.083,1.526,24.650,63.114400
5,5.087,2.539,26.840,63.115200
7,7.091,0.052,29.030,63.116000
1,1.063,0.565,21.000,63.140800
3,3.067,1.578,23.190,63.141600
5,5.071,2.591,25.380,63.142400
7,7.075,0.104,27.570,63.143200
1,1.079,0.617,21.760,63.144000
3,3.083,1.630,23.950,63.144800
5,5.087,2.500,26.140,63.145600
7,7.091,0.013,28.330,63.146400
1,1.063,0.526,22.120,63.171200
3,3.067,1.539,24.310,63.172000
5,5.071,2.552,26.500,63.172800
7,7.075,0.065,28.690,63.173600
1,1.079,0.578,22.880,63.174400
3,3.083,1.591,23.250,63.175200
5,5.087,2.604,25.440,63.176000
7,7.091,0.117,27.630,63.176800
1,1.063,0.630,21.420,63.201600
3,3.067,1.500,23.610,63.202400
5,5.071,2.513,25.800,63.203200
7,7.075,0.026,27.990,63.204000
1,1.079,0.539,22.180,63.204800
3,3.083,1.552,24.370,63.205600
5,5.087,2.565,26.560,63.206400
7,7.091,0.078,28.750,63.207200
9,9.084,1.000,29.000,63.232000
11,11.088,2.013,20.190,63.232800
13,13.092,3.026,22.380,63.233600
15,15.096,0.539,24.570,63.234400
9,9.100,1.052,29.760,63.235200
11,11.104,2.065,20.950,63.236000
13,13.108,3.078,23.140,63.236800
15,15.112,0.591,25.330,63.237600
9,9.084,1.104,30.120,63.262400
11,11.088,2.117,21.310,63.263200
13,13.092,3.130,23.500,63.264000
15,15.096,0.500,25.690,63.264800
9,9.100,1.013,30.880,63.265600
11,11.104,2.026,20.250,63.266400
13,13.108,3.039,22.440,63.267200
15,15.112,0.552,24.630,63.268000
9,9.084,1.065,29.420,63.292800
11,11.088,2.078,20.610,63.293600
13,13.092,3.091,22.800,63.294400
15,15.096,0.604,24.990,63.295200
9,9.100,1.117,30.180,63.296000
11,11.104,2.130,21.370,63.296800
13,13.108,3.000,23.560,63.297600
15,15.112,0.513,25.750,63.298400
9,9.084,1.026,30.540,63.323200
11,11.088,2.039,21.730,63.324000
13,13.092,3.052,22.100,63.324800
15,15.096,0.565,24.290,63.325600
9,9.100,1.078,29.480,63.326400
11,11.104,2.091,20.670,63.327200
13,13.108,3.104,22.860,63.328000
15,15.112,0.617,25.050,63.328800
9,9.084,1.130,29.840,63.353600
11,11.088,2.000,21.030,63.354400
13,13.092,3.013,23.220,63.355200
15,15.096,0.526,25.410,63.356000
9,9.100,1.039,30.600,63.356800
11,11.104,2.052,21.790,63.357600
13,13.108,3.065,23.980,63.358400
15,15.112,0.578,24.350,63.359200
9,9.084,1.091,29.140,63.384000
11,11.088,2.104,20.330,63.384800
13,13.092,3.117,22.520,63.385600
15,15.096,0.630,24.710,63.386400
9,9.100,1.000,29.900,63.387200
11,11.104,2.013,21.090,63.388000
13,13.108,3.026,23.280,63.388800
15,15.112,0.539,25.470,63.389600
9,9.084,1.052,30.260,63.414400
11,11.088,2.065,21.450,63.415200
13,13.092,3.078,23.640,63.416000
15,15.096,0.591,25.830,63.416800
9,9.100,1.104,29.200,63.417600
11,11.104,2.117,20.390,63.418400
13,13.108,3.130,22.580,63.419200
15,15.112,0.500,24.770,63.420000
9,9.084,1.013,29.560,63.444800
11,11.088,2.026,20.750,63.445600
13,13.092,3.039,22.940,63.446400
15,15.096,0.552,25.130,63.447200
9,9.100,1.065,30.320,63.448000
11,11.104,2.078,21.510,63.448800
13,13.108,3.091,23.700,63.449600
15,15.112,0.604,25.890,63.450400
9,9.084,1.117,30.680,63.475200
11,11.088,2.130,20.050,63.476000
13,13.092,3.000,22.240,63.476800
15,15.096,0.513,24.430,63.477600
9,9.100,1.026,29.620,63.478400
11,11.104,2.039,20.810,63.479200
13,13.108,3.052,23.000,63.480000
15,15.112,0.565,25.190,63.480800
9,9.084,1.078,29.980,63.505600
11,11.088,2.091,21.170,63.506400
13,13.092,3.104,23.360,63.507200
15,15.096,0.617,25.550,63.508000
9,9.100,1.130,30.740,63.508800
11,11.104,2.000,21.930,63.509600
13,13.108,3.013,22.300,63.510400
15,15.112,0.526,24.490,63.511200
9,9.084,1.039,29.280,63.536000
11,11.088,2.052,20.470,63.536800
13,13.092,3.065,22.660,63.537600
15,15.096,0.578,24.850,63.538400
9,9.100,1.091,30.040,63.539200
11,11.104,2.104,21.230,63.540000
13,13.108,3.117,23.420,63.540800
15,15.112,0.630,25.610,63.541600
9,9.084,1.000,30.400,63.566400
11,11.088,2.013,21.590,63.567200
13,13.092,3.026,23.780,63.568000
15,15.096,0.539,24.150,63.568800
9,9.100,1.052,29.340,63.569600
11,11.104,2.065,20.530,63.570400
13,13.108,3.078,22.720,63.571200
15,15.112,0.591,24.910,63.572000
9,9.084,1.104,29.700,63.596800
11,11.088,2.117,20.890,63.597600
13,13.092,3.130,23.080,63.598400
15,15.096,0.500,25.270,63.599200
9,9.100,1.013,30.460,63.600000
11,11.104,2.026,21.650,63.600800
13,13.108,3.039,23.840,63.601600
15,15.112,0.552,26.030,63.602400
9,9.084,1.065,29.000,63.627200
11,11.088,2.078,20.190,63.628000
13,13.092,3.091,22.380,63.628800
15,15.096,0.604,24.570,63.629600
9,9.100,1.117,29.760,63.630400
11,11.104,2.130,20.950,63.631200
13,13.108,3.000,23.140,63.632000
15,15.112,0.513,25.330,63.632800
9,9.084,1.026,30.120,63.657600
11,11.088,2.039,21.310,63.658400
13,13.092,3.052,23.500,63.659200
15,15.096,0.565,25.690,63.660000
9,9.100,1.078,30.880,63.660800
11,11.104,2.091,20.250,63.661600
13,13.108,3.104,22.440,63.662400
15,15.112,0.617,24.630,63.663200
9,9.084,1.130,29.420,63.688000
11,11.088,2.000,20.610,63.688800
13,13.092,3.013,22.800,63.689600
15,15.096,0.526,24.990,63.690400
9,9.100,1.039,30.180,63.691200
11,11.104,2.052,21.370,63.692000
13,13.108,3.065,23.560,63.692800
15,15.112,0.578,25.750,63.693600
17,17.105,1.500,26.000,63.718400
19,19.109,2.513,28.190,63.719200
21,21.113,0.026,30.380,63.720000
23,23.117,1.039,21.570,63.720800
17,17.121,1.552,26.760,63.721600
19,19.125,2.565,28.950,63.722400
21,21.129,0.078,31.140,63.723200
23,23.133,1.091,22.330,63.724000
17,17.105,1.604,27.120,63.748800
19,19.109,2.617,29.310,63.749600
21,21.113,0.130,31.500,63.750400
23,23.117,1.000,22.690,63.751200
17,17.121,1.513,27.880,63.752000
19,19.125,2.526,28.250,63.752800
21,21.129,0.039,30.440,63.753600
23,23.133,1.052,21.630,63.754400
17,17.105,1.565,26.420,63.779200
19,19.109,2.578,28.610,63.780000
21,21.113,0.091,30.800,63.780800
23,23.117,1.104,21.990,63.781600
17,17.121,1.617,27.180,63.782400
19,19.125,2.630,29.370,63.783200
21,21.129,0.000,31.560,63.784000
23,23.133,1.013,22.750,63.784800
17,17.105,1.526,27.540,63.809600
19,19.109,2.539,29.730,63.810400
21,21.113,0.052,30.100,63.811200
23,23.117,1.065,21.290,63.812000
17,17.121,1.578,26.480,63.812800
19,19.125,2.591,28.670,63.813600
21,21.129,0.104,30.860,63.814400
23,23.133,1.117,22.050,63.815200
17,17.105,1.630,26.840,63.840000
19,19.109,2.500,29.030,63.840800
21,21.113,0.013,31.220,63.841600
23,23.117,1.026,22.410,63.842400
17,17.121,1.539,27.600,63.843200
19,19.125,2.552,29.790,63.844000
21,21.129,0.065,31.980,63.844800
23,23.133,1.078,21.350,63.845600
17,17.105,1.591,26.140,63.870400
19,19.109,2.604,28.330,63.871200
21,21.113,0.117,30.520,63.872000
23,23.117,1.130,21.710,63.872800
17,17.121,1.500,26.900,63.873600
19,19.125,2.513,29.090,63.874400
21,21.129,0.026,31.280,63.875200
23,23.133,1.039,22.470,63.876000
17,17.105,1.552,27.260,63.900800
19,19.109,2.565,29.450,63.901600
21,21.113,0.078,31.640,63.902400
23,23.117,1.091,22.830,63.903200
17,17.121,1.604,26.200,63.904000
19,19.125,2.617,28.390,63.904800
21,21.129,0.130,30.580,63.905600
23,23.133,1.000,21.770,63.906400
17,17.105,1.513,26.560,63.931200
19,19.109,2.526,28.750,63.932000
21,21.113,0.039,30.940,63.932800
23,23.117,1.052,22.130,63.933600
17,17.121,1.565,27.320,63.934400
19,19.125,2.578,29.510,63.935200
21,21.129,0.091,31.700,63.936000
23,23.133,1.104,22.890,63.936800
17,17.105,1.617,27.680,63.961600
19,19.109,2.630,28.050,63.962400
21,21.113,0.000,30.240,63.963200
23,23.117,1.013,21.430,63.964000
17,17.121,1.526,26.620,63.964800
19,19.125,2.539,28.810,63.965600
21,21.129,0.052,31.000,63.966400
23,23.133,1.065,22.190,63.967200
17,17.105,1.578,26.980,63.992000
19,19.109,2.591,29.170,63.992800
21,21.113,0.104,31.360,63.993600
23,23.117,1.117,22.550,63.994400
17,17.121,1.630,27.740,63.995200
19,19.125,2.500,29.930,63.996000
21,21.129,0.013,30.300,63.996800
23,23.133,1.026,21.490,63.997600
17,17.105,1.539,26.280,64.022400
19,19.109,2.552,28.470,64.023200
21,21.113,0.065,30.660,64.024000
23,23.117,1.078,21.850,64.024800
17,17.121,1.591,27.040,64.025600
19,19.125,2.604,29.230,64.026400
21,21.129,0.117,31.420,64.027200
23,23.133,1.130,22.610,64.028000
17,17.105,1.500,27.400,64.052800
19,19.109,2.513,29.590,64.053600
21,21.113,0.026,31.780,64.054400
23,23.117,1.039,21.150,64.055200
17,17.121,1.552,26.340,64.056000
19,19.125,2.565,28.530,64.056800
21,21.129,0.078,30.720,64.057600
23,23.133,1.091,21.910,64.058400
17,17.105,1.604,26.700,64.083200
19,19.109,2.617,28.890,64.084000
21,21.113,0.130,31.080,64.084800
23,23.117,1.000,22.270,64.085600
17,17.121,1.513,27.460,64.086400
19,19.125,2.526,29.650,64.087200
21,21.129,0.039,31.840,64.088000
23,23.133,1.052,23.030,64.088800
17,17.105,1.565,26.000,64.113600
19,19.109,2.578,28.190,64.114400
21,21.113,0.091,30.380,64.115200
23,23.117,1.104,21.570,64.116000
17,17.121,1.617,26.760,64.116800
19,19.125,2.630,28.950,64.117600
21,21.129,0.000,31.140,64.118400
23,23.133,1.013,22.330,64.119200
17,17.105,1.526,27.120,64.144000
19,19.109,2.539,29.310,64.144800
21,21.113,0.052,31.500,64.145600
23,23.117,1.065,22.690,64.146400
17,17.121,1.578,27.880,64.147200
19,19.125,2.591,28.250,64.148000
21,21.129,0.104,30.440,64.148800
23,23.133,1.117,21.630,64.149600
17,17.105,1.630,26.420,64.174400
19,19.109,2.500,28.610,64.175200
21,21.113,0.013,30.800,64.176000
23,23.117,1.026,21.990,64.176800
17,17.121,1.539,27.180,64.177600
19,19.125,2.552,29.370,64.178400
21,21.129,0.065,31.560,64.179200
23,23.133,1.078,22.750,64.180000
1,1.126,0.500,21.000,64.204800
3,3.130,1.513,23.190,64.205600
5,5.134,2.526,25.380,64.206400
7,7.138,0.039,27.570,64.207200
1,1.142,0.552,21.760,64.208000
3,3.146,1.565,23.950,64.208800
5,5.150,2.578,26.140,64.209600
7,7.154,0.091,28.330,64.210400
1,1.126,0.604,22.120,64.235200
3,3.130,1.617,24.310,64.236000
5,5.134,2.630,26.500,64.236800
7,7.138,0.000,28.690,64.237600
1,1.142,0.513,22.880,64.238400
3,3.146,1.526,23.250,64.239200
5,5.150,2.539,25.440,64.240000
7,7.154,0.052,27.630,64.240800
1,1.126,0.565,21.420,64.265600
3,3.130,1.578,23.610,64.266400
5,5.134,2.591,25.800,64.267200
7,7.138,0.104,27.990,64.268000
1,1.142,0.617,22.180,64.268800
3,3.146,1.630,24.370,64.269600
5,5.150,2.500,26.560,64.270400
7,7.154,0.013,28.750,64.271200
1,1.126,0.526,22.540,64.296000
3,3.130,1.539,24.730,64.296800
5,5.134,2.552,25.100,64.297600
7,7.138,0.065,27.290,64.298400
1,1.142,0.578,21.480,64.299200
3,3.146,1.591,23.670,64.300000
5,5.150,2.604,25.860,64.300800
7,7.154,0.117,28.050,64.301600
1,1.126,0.630,21.840,64.326400
3,3.130,1.500,24.030,64.327200
5,5.134,2.513,26.220,64.328000
7,7.138,0.026,28.410,64.328800
1,1.142,0.539,22.600,64.329600
3,3.146,1.552,24.790,64.330400
5,5.150,2.565,26.980,64.331200
7,7.154,0.078,27.350,64.332000
1,1.126,0.591,21.140,64.356800
3,3.130,1.604,23.330,64.357600
5,5.134,2.617,25.520,64.358400
7,7.138,0.130,27.710,64.359200
1,1.142,0.500,21.900,64.360000
3,3.146,1.513,24.090,64.360800
5,5.150,2.526,26.280,64.361600
7,7.154,0.039,28.470,64.362400
1,1.126,0.552,22.260,64.387200
3,3.130,1.565,24.450,64.388000
5,5.134,2.578,26.640,64.388800
7,7.138,0.091,28.830,64.389600
1,1.142,0.604,21.200,64.390400
3,3.146,1.617,23.390,64.391200
5,5.150,2.630,25.580,64.392000
7,7.154,0.000,27.770,64.392800
1,1.126,0.513,21.560,64.417600
3,3.130,1.526,23.750,64.418400
5,5.134,2.539,25.940,64.419200
7,7.138,0.052,28.130,64.420000
1,1.142,0.565,22.320,64.420800
3,3.146,1.578,24.510,64.421600
5,5.150,2.591,26.700,64.422400
7,7.154,0.104,28.890,64.423200
1,1.126,0.617,22.680,64.448000
3,3.130,1.630,23.050,64.448800
5,5.134,2.500,25.240,64.449600
7,7.138,0.013,27.430,64.450400
1,1.142,0.526,21.620,64.451200
3,3.146,1.539,23.810,64.452000
5,5.150,2.552,26.000,64.452800
7,7.154,0.065,28.190,64.453600
1,1.126,0.578,21.980,64.478400
3,3.130,1.591,24.170,64.479200
5,5.134,2.604,26.360,64.480000
7,7.138,0.117,28.550,64.480800
1,1.142,0.630,22.740,64.481600
3,3.146,1.500,24.930,64.482400
5,5.150,2.513,25.300,64.483200
7,7.154,0.026,27.490,64.484000
1,1.126,0.539,21.280,64.508800
3,3.130,1.552,23.470,64.509600
5,5.134,2.565,25.660,64.510400
7,7.138,0.078,27.850,64.511200
1,1.142,0.591,22.040,64.512000
3,3.146,1.604,24.230,64.512800
5,5.150,2.617,26.420,64.513600
7,7.154,0.130,28.610,64.514400
1,1.126,0.500,22.400,64.539200
3,3.130,1.513,24.590,64.540000
5,5.134,2.526,26.780,64.540800
7,7.138,0.039,27.150,64.541600
1,1.142,0.552,21.340,64.542400
3,3.146,1.565,23.530,64.543200
5,5.150,2.578,25.720,64.544000
7,7.154,0.091,27.910,64.544800
1,1.126,0.604,21.700,64.569600
3,3.130,1.617,23.890,64.570400
5,5.134,2.630,26.080,64.571200
7,7.138,0.000,28.270,64.572000
1,1.142,0.513,22.460,64.572800
3,3.146,1.526,24.650,64.573600
5,5.150,2.539,26.840,64.574400
7,7.154,0.052,29.030,64.575200
1,1.126,0.565,21.000,64.600000
3,3.130,1.578,23.190,64.600800
5,5.134,2.591,25.380,64.601600
7,7.138,0.104,27.570,64.602400
1,1.142,0.617,21.760,64.603200
3,3.146,1.630,23.950,64.604000
5,5.150,2.500,26.140,64.604800
7,7.154,0.013,28.330,64.605600
1,1.126,0.526,22.120,64.630400
3,3.130,1.539,24.310,64.631200
5,5.134,2.552,26.500,64.632000
7,7.138,0.065,28.690,64.632800
1,1.142,0.578,22.880,64.633600
3,3.146,1.591,23.250,64.634400
5,5.150,2.604,25.440,64.635200
7,7.154,0.117,27.630,64.636000
1,1.126,0.630,21.420,64.660800
3,3.130,1.500,23.610,64.661600
5,5.134,2.513,25.800,64.662400
7,7.138,0.026,27.990,64.663200
1,1.142,0.539,22.180,64.664000
3,3.146,1.552,24.370,64.664800
5,5.150,2.565,26.560,64.665600
7,7.154,0.078,28.750,64.666400
9,9.147,1.000,29.000,64.691200
11,11.151,2.013,20.190,64.692000
13,13.155,3.026,22.380,64.692800
15,15.159,0.539,24.570,64.693600
9,9.163,1.052,29.760,64.694400
11,11.167,2.065,20.950,64.695200
13,13.171,3.078,23.140,64.696000
15,15.175,0.591,25.330,64.696800
9,9.147,1.104,30.120,64.721600
11,11.151,2.117,21.310,64.722400
13,13.155,3.130,23.500,64.723200
15,15.159,0.500,25.690,64.724000
9,9.163,1.013,30.880,64.724800
11,11.167,2.026,20.250,64.725600
13,13.171,3.039,22.440,64.726400
15,15.175,0.552,24.630,64.727200
9,9.147,1.065,29.420,64.752000
11,11.151,2.078,20.610,64.752800
13,13.155,3.091,22.800,64.753600
15,15.159,0.604,24.990,64.754400
9,9.163,1.117,30.180,64.755200
11,11.167,2.130,21.370,64.756000
13,13.171,3.000,23.560,64.756800
15,15.175,0.513,25.750,64.757600
9,9.147,1.026,30.540,64.782400
11,11.151,2.039,21.730,64.783200
13,13.155,3.052,22.100,64.784000
15,15.159,0.565,24.290,64.784800
9,9.163,1.078,29.480,64.785600
11,11.167,2.091,20.670,64.786400
13,13.171,3.104,22.860,64.787200
15,15.175,0.617,25.050,64.788000
9,9.147,1.130,29.840,64.812800
11,11.151,2.000,21.030,64.813600
13,13.155,3.013,23.220,64.814400
15,15.159,0.526,25.410,64.815200
9,9.163,1.039,30.600,64.816000
11,11.167,2.052,21.790,64.816800
13,13.171,3.065,23.980,64.817600
15,15.175,0.578,24.350,64.818400
9,9.147,1.091,29.140,64.843200
11,11.151,2.104,20.330,64.844000
13,13.155,3.117,22.520,64.844800
15,15.159,0.630,24.710,64.845600
9,9.163,1.000,29.900,64.846400
11,11.167,2.013,21.090,64.847200
13,13.171,3.026,23.280,64.848000
15,15.175,0.539,25.470,64.848800
9,9.147,1.052,30.260,64.873600
11,11.151,2.065,21.450,64.874400
13,13.155,3.078,23.640,64.875200
15,15.159,0.591,25.830,64.876000
9,9.163,1.104,29.200,64.876800
11,11.167,2.117,20.390,64.877600
13,13.171,3.130,22.580,64.878400
15,15.175,0.500,24.770,64.879200
9,9.147,1.013,29.560,64.904000
11,11.151,2.026,20.750,64.904800
13,13.155,3.039,22.940,64.905600
15,15.159,0.552,25.130,64.906400
9,9.163,1.065,30.320,64.907200
11,11.167,2.078,21.510,64.908000
13,13.171,3.091,23.700,64.908800
15,15.175,0.604,25.890,64.909600
9,9.147,1.117,30.680,64.934400
11,11.151,2.130,20.050,64.935200
13,13.155,3.000,22.240,64.936000
15,15.159,0.513,24.430,64.936800
9,9.163,1.026,29.620,64.937600
11,11.167,2.039,20.810,64.938400
13,13.171,3.052,23.000,64.939200
15,15.175,0.565,25.190,64.940000
9,9.147,1.078,29.980,64.964800
11,11.151,2.091,21.170,64.965600
13,13.155,3.104,23.360,64.966400
15,15.159,0.617,25.550,64.967200
9,9.163,1.130,30.740,64.968000
11,11.167,2.000,21.930,64.968800
13,13.171,3.013,22.300,64.969600
15,15.175,0.526,24.490,64.970400
9,9.147,1.039,29.280,64.995200
11,11.151,2.052,20.470,64.996000
13,13.155,3.065,22.660,64.996800
15,15.159,0.578,24.850,64.997600
9,9.163,1.091,30.040,64.998400
11,11.167,2.104,21.230,64.999200
13,13.171,3.117,23.420,65.000000
15,15.175,0.630,25.610,65.000800
9,9.147,1.000,30.400,65.025600
11,11.151,2.013,21.590,65.026400
13,13.155,3.026,23.780,65.027200
15,15.159,0.539,24.150,65.028000
9,9.163,1.052,29.340,65.028800
11,11.167,2.065,20.530,65.029600
13,13.171,3.078,22.720,65.030400
15,15.175,0.591,24.910,65.031200
9,9.147,1.104,29.700,65.056000
11,11.151,2.117,20.890,65.056800
13,13.155,3.130,23.080,65.057600
15,15.159,0.500,25.270,65.058400
9,9.163,1.013,30.460,65.059200
11,11.167,2.026,21.650,65.060000
13,13.171,3.039,23.840,65.060800
15,15.175,0.552,26.030,65.061600
9,9.147,1.065,29.000,65.086400
11,11.151,2.078,20.190,65.087200
13,13.155,3.091,22.380,65.088000
15,15.159,0.604,24.570,65.088800
9,9.163,1.117,29.760,65.089600
11,11.167,2.130,20.950,65.090400
13,13.171,3.000,23.140,65.091200
15,15.175,0.513,25.330,65.092000
9,9.147,1.026,30.120,65.116800
11,11.151,2.039,21.310,65.117600
13,13.155,3.052,23.500,65.118400
15,15.159,0.565,25.690,65.119200
9,9.163,1.078,30.880,65.120000
11,11.167,2.091,20.250,65.120800
13,13.171,3.104,22.440,65.121600
15,15.175,0.617,24.630,65.122400
9,9.147,1.130,29.420,65.147200
11,11.151,2.000,20.610,65.148000
13,13.155,3.013,22.800,65.148800
15,15.159,0.526,24.990,65.149600
9,9.163,1.039,30.180,65.150400
11,11.167,2.052,21.370,65.151200
13,13.171,3.065,23.560,65.152000
15,15.175,0.578,25.750,65.152800
17,17.168,1.500,26.000,65.177600
19,19.172,2.513,28.190,65.178400
21,21.176,0.026,30.380,65.179200
23,23.180,1.039,21.570,65.180000
17,17.184,1.552,26.760,65.180800
19,19.188,2.565,28.950,65.181600
21,21.192,0.078,31.140,65.182400
23,23.196,1.091,22.330,65.183200
17,17.168,1.604,27.120,65.208000
19,19.172,2.617,29.310,65.208800
21,21.176,0.130,31.500,65.209600
23,23.180,1.000,22.690,65.210400
17,17.184,1.513,27.880,65.211200
19,19.188,2.526,28.250,65.212000
21,21.192,0.039,30.440,65.212800
23,23.196,1.052,21.630,65.213600
17,17.168,1.565,26.420,65.238400
19,19.172,2.578,28.610,65.239200
21,21.176,0.091,30.800,65.240000
23,23.180,1.104,21.990,65.240800
17,17.184,1.617,27.180,65.241600
19,19.188,2.630,29.370,65.242400
21,21.192,0.000,31.560,65.243200
23,23.196,1.013,22.750,65.244000
17,17.168,1.526,27.540,65.268800
19,19.172,2.539,29.730,65.269600
21,21.176,0.052,30.100,65.270400
23,23.180,1.065,21.290,65.271200
17,17.184,1.578,26.480,65.272000
19,19.188,2.591,28.670,65.272800
21,21.192,0.104,30.860,65.273600
23,23.196,1.117,22.050,65.274400
17,17.168,1.630,26.840,65.299200
19,19.172,2.500,29.030,65.300000
21,21.176,0.013,31.220,65.300800
23,23.180,1.026,22.410,65.301600
17,17.184,1.539,27.600,65.302400
19,19.188,2.552,29.790,65.303200
21,21.192,0.065,31.980,65.304000
23,23.196,1.078,21.350,65.304800
17,17.168,1.591,26.140,65.329600
19,19.172,2.604,28.330,65.330400
21,21.176,0.117,30.520,65.331200
23,23.180,1.130,21.710,65.332000
17,17.184,1.500,26.900,65.332800
19,19.188,2.513,29.090,65.333600
21,21.192,0.026,31.280,65.334400
23,23.196,1.039,22.470,65.335200
17,17.168,1.552,27.260,65.360000
19,19.172,2.565,29.450,65.360800
21,21.176,0.078,31.640,65.361600
23,23.180,1.091,22.830,65.362400
17,17.184,1.604,26.200,65.363200
19,19.188,2.617,28.390,65.364000
21,21.192,0.130,30.580,65.364800
23,23.196,1.000,21.770,65.365600
17,17.168,1.513,26.560,65.390400
19,19.172,2.526,28.750,65.391200
21,21.176,0.039,30.940,65.392000
23,23.180,1.052,22.130,65.392800
17,17.184,1.565,27.320,65.393600
19,19.188,2.578,29.510,65.394400
21,21.192,0.091,31.700,65.395200
23,23.196,1.104,22.890,65.396000
17,17.168,1.617,27.680,65.420800
19,19.172,2.630,28.050,65.421600
21,21.176,0.000,30.240,65.422400
23,23.180,1.013,21.430,65.423200
17,17.184,1.526,26.620,65.424000
19,19.188,2.539,28.810,65.424800
21,21.192,0.052,31.000,65.425600
23,23.196,1.065,22.190,65.426400
17,17.168,1.578,26.980,65.451200
19,19.172,2.591,29.170,65.452000
21,21.176,0.104,31.360,65.452800
23,23.180,1.117,22.550,65.453600
17,17.184,1.630,27.740,65.454400
19,19.188,2.500,29.930,65.455200
21,21.192,0.013,30.300,65.456000
23,23.196,1.026,21.490,65.456800
17,17.168,1.539,26.280,65.481600
19,19.172,2.552,28.470,65.482400
21,21.176,0.065,30.660,65.483200
23,23.180,1.078,21.850,65.484000
17,17.184,1.591,27.040,65.484800
19,19.188,2.604,29.230,65.485600
21,21.192,0.117,31.420,65.486400
23,23.196,1.130,22.610,65.487200
17,17.168,1.500,27.400,65.512000
19,19.172,2.513,29.590,65.512800
21,21.176,0.026,31.780,65.513600
23,23.180,1.039,21.150,65.514400
17,17.184,1.552,26.340,65.515200
19,19.188,2.565,28.530,65.516000
21,21.192,0.078,30.720,65.516800
23,23.196,1.091,21.910,65.517600
17,17.168,1.604,26.700,65.542400
19,19.172,2.617,28.890,65.543200
21,21.176,0.130,31.080,65.544000
23,23.180,1.000,22.270,65.544800
17,17.184,1.513,27.460,65.545600
19,19.188,2.526,29.650,65.546400
21,21.192,0.039,31.840,65.547200
23,23.196,1.052,23.030,65.548000
17,17.168,1.565,26.000,65.572800
19,19.172,2.578,28.190,65.573600
21,21.176,0.091,30.380,65.574400
23,23.180,1.104,21.570,65.575200
17,17.184,1.617,26.760,65.576000
19,19.188,2.630,28.950,65.576800
21,21.192,0.000,31.140,65.577600
23,23.196,1.013,22.330,65.578400
17,17.168,1.526,27.120,65.603200
19,19.172,2.539,29.310,65.604000
21,21.176,0.052,31.500,65.604800
23,23.180,1.065,22.690,65.605600
17,17.184,1.578,27.880,65.606400
19,19.188,2.591,28.250,65.607200
21,21.192,0.104,30.440,65.608000
23,23.196,1.117,21.630,65.608800
17,17.168,1.630,26.420,65.633600
19,19.172,2.500,28.610,65.634400
21,21.176,0.013,30.800,65.635200
23,23.180,1.026,21.990,65.636000
17,17.184,1.539,27.180,65.636800
19,19.188,2.552,29.370,65.637600
21,21.192,0.065,31.560,65.638400
23,23.196,1.078,22.750,65.639200
1,1.000,0.500,21.000,65.664000
3,3.004,1.513,23.190,65.664800
5,5.008,2.526,25.380,65.665600
7,7.012,0.039,27.570,65.666400
1,1.016,0.552,21.760,65.667200
3,3.020,1.565,23.950,65.668000
5,5.024,2.578,26.140,65.668800
7,7.028,0.091,28.330,65.669600
1,1.000,0.604,22.120,65.694400
3,3.004,1.617,24.310,65.695200
5,5.008,2.630,26.500,65.696000
7,7.012,0.000,28.690,65.696800
1,1.016,0.513,22.880,65.697600
3,3.020,1.526,23.250,65.698400
5,5.024,2.539,25.440,65.699200
7,7.028,0.052,27.630,65.700000
1,1.000,0.565,21.420,65.724800
3,3.004,1.578,23.610,65.725600
5,5.008,2.591,25.800,65.726400
7,7.012,0.104,27.990,65.727200
1,1.016,0.617,22.180,65.728000
3,3.020,1.630,24.370,65.728800
5,5.024,2.500,26.560,65.729600
7,7.028,0.013,28.750,65.730400
1,1.000,0.526,22.540,65.755200
3,3.004,1.539,24.730,65.756000
5,5.008,2.552,25.100,65.756800
7,7.012,0.065,27.290,65.757600
1,1.016,0.578,21.480,65.758400
3,3.020,1.591,23.670,65.759200
5,5.024,2.604,25.860,65.760000
7,7.028,0.117,28.050,65.760800
1,1.000,0.630,21.840,65.785600
3,3.004,1.500,24.030,65.786400
5,5.008,2.513,26.220,65.787200
7,7.012,0.026,28.410,65.788000
1,1.016,0.539,22.600,65.788800
3,3.020,1.552,24.790,65.789600
5,5.024,2.565,26.980,65.790400
7,7.028,0.078,27.350,65.791200
1,1.000,0.591,21.140,65.816000
3,3.004,1.604,23.330,65.816800
5,5.008,2.617,25.520,65.817600
7,7.012,0.130,27.710,65.818400
1,1.016,0.500,21.900,65.819200
3,3.020,1.513,24.090,65.820000
5,5.024,2.526,26.280,65.820800
7,7.028,0.039,28.470,65.821600
1,1.000,0.552,22.260,65.846400
3,3.004,1.565,24.450,65.847200
5,5.008,2.578,26.640,65.848000
7,7.012,0.091,28.830,65.848800
1,1.016,0.604,21.200,65.849600
3,3.020,1.617,23.390,65.850400
5,5.024,2.630,25.580,65.851200
7,7.028,0.000,27.770,65.852000
1,1.000,0.513,21.560,65.876800
3,3.004,1.526,23.750,65.877600
5,5.008,2.539,25.940,65.878400
7,7.012,0.052,28.130,65.879200
1,1.016,0.565,22.320,65.880000
3,3.020,1.578,24.510,65.880800
5,5.024,2.591,26.700,65.881600
7,7.028,0.104,28.890,65.882400
1,1.000,0.617,22.680,65.907200
3,3.004,1.630,23.050,65.908000
5,5.008,2.500,25.240,65.908800
7,7.012,0.013,27.430,65.909600
1,1.016,0.526,21.620,65.910400
3,3.020,1.539,23.810,65.911200
5,5.024,2.552,26.000,65.912000
7,7.028,0.065,28.190,65.912800
1,1.000,0.578,21.980,65.937600
3,3.004,1.591,24.170,65.938400
5,5.008,2.604,26.360,65.939200
7,7.012,0.117,28.550,65.940000
1,1.016,0.630,22.740,65.940800
3,3.020,1.500,24.930,65.941600
5,5.024,2.513,25.300,65.942400
7,7.028,0.026,27.490,65.943200
1,1.000,0.539,21.280,65.968000
3,3.004,1.552,23.470,65.968800
5,5.008,2.565,25.660,65.969600
7,7.012,0.078,27.850,65.970400
1,1.016,0.591,22.040,65.971200
3,3.020,1.604,24.230,65.972000
5,5.024,2.617,26.420,65.972800
7,7.028,0.130,28.610,65.973600
1,1.000,0.500,22.400,65.998400
3,3.004,1.513,24.590,65.999200
5,5.008,2.526,26.780,66.000000
7,7.012,0.039,27.150,66.000800
1,1.016,0.552,21.340,66.001600
3,3.020,1.565,23.530,66.002400
5,5.024,2.578,25.720,66.003200
7,7.028,0.091,27.910,66.004000
1,1.000,0.604,21.700,66.028800
3,3.004,1.617,23.890,66.029600
5,5.008,2.630,26.080,66.030400
7,7.012,0.000,28.270,66.031200
1,1.016,0.513,22.460,66.032000
3,3.020,1.526,24.650,66.032800
5,5.024,2.539,26.840,66.033600
7,7.028,0.052,29.030,66.034400
1,1.000,0.565,21.000,66.059200
3,3.004,1.578,23.190,66.060000
5,5.008,2.591,25.380,66.060800
7,7.012,0.104,27.570,66.061600
1,1.016,0.617,21.760,66.062400
3,3.020,1.630,23.950,66.063200
5,5.024,2.500,26.140,66.064000
7,7.028,0.013,28.330,66.064800
1,1.000,0.526,22.120,66.089600
3,3.004,1.539,24.310,66.090400
5,5.008,2.552,26.500,66.091200
7,7.012,0.065,28.690,66.092000
1,1.016,0.578,22.880,66.092800
3,3.020,1.591,23.250,66.093600
5,5.024,2.604,25.440,66.094400
7,7.028,0.117,27.630,66.095200
1,1.000,0.630,21.420,66.120000
3,3.004,1.500,23.610,66.120800
5,5.008,2.513,25.800,66.121600
7,7.012,0.026,27.990,66.122400
1,1.016,0.539,22.180,66.123200
3,3.020,1.552,24.370,66.124000
5,5.024,2.565,26.560,66.124800
7,7.028,0.078,28.750,66.125600
9,9.021,1.000,29.000,66.150400
11,11.025,2.013,20.190,66.151200
13,13.029,3.026,22.380,66.152000
15,15.033,0.539,24.570,66.152800
9,9.037,1.052,29.760,66.153600
11,11.041,2.065,20.950,66.154400
13,13.045,3.078,23.140,66.155200
15,15.049,0.591,25.330,66.156000
9,9.021,1.104,30.120,66.180800
11,11.025,2.117,21.310,66.181600
13,13.029,3.130,23.500,66.182400
15,15.033,0.500,25.690,66.183200
9,9.037,1.013,30.880,66.184000
11,11.041,2.026,20.250,66.184800
13,13.045,3.039,22.440,66.185600
15,15.049,0.552,24.630,66.186400
9,9.021,1.065,29.420,66.211200
11,11.025,2.078,20.610,66.212000
13,13.029,3.091,22.800,66.212800
15,15.033,0.604,24.990,66.213600
9,9.037,1.117,30.180,66.214400
11,11.041,2.130,21.370,66.215200
13,13.045,3.000,23.560,66.216000
15,15.049,0.513,25.750,66.216800
9,9.021,1.026,30.540,66.241600
11,11.025,2.039,21.730,66.242400
13,13.029,3.052,22.100,66.243200
15,15.033,0.565,24.290,66.244000
9,9.037,1.078,29.480,66.244800
11,11.041,2.091,20.670,66.245600
13,13.045,3.104,22.860,66.246400
15,15.049,0.617,25.050,66.247200
9,9.021,1.130,29.840,66.272000
11,11.025,2.000,21.030,66.272800
13,13.029,3.013,23.220,66.273600
15,15.033,0.526,25.410,66.274400
9,9.037,1.039,30.600,66.275200
11,11.041,2.052,21.790,66.276000
13,13.045,3.065,23.980,66.276800
15,15.049,0.578,24.350,66.277600
9,9.021,1.091,29.140,66.302400
11,11.025,2.104,20.330,66.303200
13,13.029,3.117,22.520,66.304000
15,15.033,0.630,24.710,66.304800
9,9.037,1.000,29.900,66.305600
11,11.041,2.013,21.090,66.306400
13,13.045,3.026,23.280,66.307200
15,15.049,0.539,25.470,66.308000
9,9.021,1.052,30.260,66.332800
11,11.025,2.065,21.450,66.333600
13,13.029,3.078,23.640,66.334400
15,15.033,0.591,25.830,66.335200
9,9.037,1.104,29.200,66.336000
11,11.041,2.117,20.390,66.336800
13,13.045,3.130,22.580,66.337600
15,15.049,0.500,24.770,66.338400
9,9.021,1.013,29.560,66.363200
11,11.025,2.026,20.750,66.364000
13,13.029,3.039,22.940,66.364800
15,15.033,0.552,25.130,66.365600
9,9.037,1.065,30.320,66.366400
11,11.041,2.078,21.510,66.367200
13,13.045,3.091,23.700,66.368000
15,15.049,0.604,25.890,66.368800
9,9.021,1.117,30.680,66.393600
11,11.025,2.130,20.050,66.394400
13,13.029,3.000,22.240,66.395200
15,15.033,0.513,24.430,66.396000
9,9.037,1.026,29.620,66.396800
11,11.041,2.039,20.810,66.397600
13,13.045,3.052,23.000,66.398400
15,15.049,0.565,25.190,66.399200
9,9.021,1.078,29.980,66.424000
11,11.025,2.091,21.170,66.424800
13,13.029,3.104,23.360,66.425600
15,15.033,0.617,25.550,66.426400
9,9.037,1.130,30.740,66.427200
11,11.041,2.000,21.930,66.428000
13,13.045,3.013,22.300,66.428800
15,15.049,0.526,24.490,66.429600
9,9.021,1.039,29.280,66.454400
11,11.025,2.052,20.470,66.455200
13,13.029,3.065,22.660,66.456000
15,15.033,0.578,24.850,66.456800
9,9.037,1.091,30.040,66.457600
11,11.041,2.104,21.230,66.458400
13,13.045,3.117,23.420,66.459200
15,15.049,0.630,25.610,66.460000
9,9.021,1.000,30.400,66.484800
11,11.025,2.013,21.590,66.485600
13,13.029,3.026,23.780,66.486400
15,15.033,0.539,24.150,66.487200
9,9.037,1.052,29.340,66.488000
11,11.041,2.065,20.530,66.488800
13,13.045,3.078,22.720,66.489600
15,15.049,0.591,24.910,66.490400
9,9.021,1.104,29.700,66.515200
11,11.025,2.117,20.890,66.516000
13,13.029,3.130,23.080,66.516800
15,15.033,0.500,25.270,66.517600
9,9.037,1.013,30.460,66.518400
11,11.041,2.026,21.650,66.519200
13,13.045,3.039,23.840,66.520000
15,15.049,0.552,26.030,66.520800
9,9.021,1.065,29.000,66.545600
11,11.025,2.078,20.190,66.546400
13,13.029,3.091,22.380,66.547200
15,15.033,0.604,24.570,66.548000
9,9.037,1.117,29.760,66.548800
11,11.041,2.130,20.950,66.549600
13,13.045,3.000,23.140,66.550400
15,15.049,0.513,25.330,66.551200
9,9.021,1.026,30.120,66.576000
11,11.025,2.039,21.310,66.576800
13,13.029,3.052,23.500,66.577600
15,15.033,0.565,25.690,66.578400
9,9.037,1.078,30.880,66.579200
11,11.041,2.091,20.250,66.580000
13,13.045,3.104,22.440,66.580800
15,15.049,0.617,24.630,66.581600
9,9.021,1.130,29.420,66.606400
11,11.025,2.000,20.610,66.607200
13,13.029,3.013,22.800,66.608000
15,15.033,0.526,24.990,66.608800
9,9.037,1.039,30.180,66.609600
11,11.041,2.052,21.370,66.610400
13,13.045,3.065,23.560,66.611200
15,15.049,0.578,25.750,66.612000
17,17.042,1.500,26.000,66.636800
19,19.046,2.513,28.190,66.637600
21,21.050,0.026,30.380,66.638400
23,23.054,1.039,21.570,66.639200
17,17.058,1.552,26.760,66.640000
19,19.062,2.565,28.950,66.640800
21,21.066,0.078,31.140,66.641600
23,23.070,1.091,22.330,66.642400
17,17.042,1.604,27.120,66.667200
19,19.046,2.617,29.310,66.668000
21,21.050,0.130,31.500,66.668800
23,23.054,1.000,22.690,66.669600
17,17.058,1.513,27.880,66.670400
19,19.062,2.526,28.250,66.671200
21,21.066,0.039,30.440,66.672000
23,23.070,1.052,21.630,66.672800
17,17.042,1.565,26.420,66.697600
19,19.046,2.578,28.610,66.698400
21,21.050,0.091,30.800,66.699200
23,23.054,1.104,21.990,66.700000
17,17.058,1.617,27.180,66.700800
19,19.062,2.630,29.370,66.701600
21,21.066,0.000,31.560,66.702400
23,23.070,1.013,22.750,66.703200
17,17.042,1.526,27.540,66.728000
19,19.046,2.539,29.730,66.728800
21,21.050,0.052,30.100,66.729600
23,23.054,1.065,21.290,66.730400
17,17.058,1.578,26.480,66.731200
19,19.062,2.591,28.670,66.732000
21,21.066,0.104,30.860,66.732800
23,23.070,1.117,22.050,66.733600
17,17.042,1.630,26.840,66.758400
19,19.046,2.500,29.030,66.759200
21,21.050,0.013,31.220,66.760000
23,23.054,1.026,22.410,66.760800
17,17.058,1.539,27.600,66.761600
19,19.062,2.552,29.790,66.762400
21,21.066,0.065,31.980,66.763200
23,23.070,1.078,21.350,66.764000
17,17.042,1.591,26.140,66.788800
19,19.046,2.604,28.330,66.789600
21,21.050,0.117,30.520,66.790400
23,23.054,1.130,21.710,66.791200
17,17.058,1.500,26.900,66.792000
19,19.062,2.513,29.090,66.792800
21,21.066,0.026,31.280,66.793600
23,23.070,1.039,22.470,66.794400
17,17.042,1.552,27.260,66.819200
19,19.046,2.565,29.450,66.820000
21,21.050,0.078,31.640,66.820800
23,23.054,1.091,22.830,66.821600
17,17.058,1.604,26.200,66.822400
19,19.062,2.617,28.390,66.823200
21,21.066,0.130,30.580,66.824000
23,23.070,1.000,21.770,66.824800
17,17.042,1.513,26.560,66.849600
19,19.046,2.526,28.750,66.850400
21,21.050,0.039,30.940,66.851200
23,23.054,1.052,22.130,66.852000
17,17.058,1.565,27.320,66.852800
19,19.062,2.578,29.510,66.853600
21,21.066,0.091,31.700,66.854400
23,23.070,1.104,22.890,66.855200
17,17.042,1.617,27.680,66.880000
19,19.046,2.630,28.050,66.880800
21,21.050,0.000,30.240,66.881600
23,23.054,1.013,21.430,66.882400
17,17.058,1.526,26.620,66.883200
19,19.062,2.539,28.810,66.884000
21,21.066,0.052,31.000,66.884800
23,23.070,1.065,22.190,66.885600
17,17.042,1.578,26.980,66.910400
19,19.046,2.591,29.170,66.911200
21,21.050,0.104,31.360,66.912000
23,23.054,1.117,22.550,66.912800
17,17.058,1.630,27.740,66.913600
19,19.062,2.500,29.930,66.914400
21,21.066,0.013,30.300,66.915200
23,23.070,1.026,21.490,66.916000
17,17.042,1.539,26.280,66.940800
19,19.046,2.552,28.470,66.941600
21,21.050,0.065,30.660,66.942400
23,23.054,1.078,21.850,66.943200
17,17.058,1.591,27.040,66.944000
19,19.062,2.604,29.230,66.944800
21,21.066,0.117,31.420,66.945600
23,23.070,1.130,22.610,66.946400
17,17.042,1.500,27.400,66.971200
19,19.046,2.513,29.590,66.972000
21,21.050,0.026,31.780,66.972800
23,23.054,1.039,21.150,66.973600
17,17.058,1.552,26.340,66.974400
19,19.062,2.565,28.530,66.975200
21,21.066,0.078,30.720,66.976000
23,23.070,1.091,21.910,66.976800
17,17.042,1.604,26.700,67.001600
19,19.046,2.617,28.890,67.002400
21,21.050,0.130,31.080,67.003200
23,23.054,1.000,22.270,67.004000
17,17.058,1.513,27.460,67.004800
19,19.062,2.526,29.650,67.005600
21,21.066,0.039,31.840,67.006400
23,23.070,1.052,23.030,67.007200
17,17.042,1.565,26.000,67.032000
19,19.046,2.578,28.190,67.032800
21,21.050,0.091,30.380,67.033600
23,23.054,1.104,21.570,67.034400
17,17.058,1.617,26.760,67.035200
19,19.062,2.630,28.950,67.036000
21,21.066,0.000,31.140,67.036800
23,23.070,1.013,22.330,67.037600
17,17.042,1.526,27.120,67.062400
19,19.046,2.539,29.310,67.063200
21,21.050,0.052,31.500,67.064000
23,23.054,1.065,22.690,67.064800
17,17.058,1.578,27.880,67.065600
19,19.062,2.591,28.250,67.066400
21,21.066,0.104,30.440,67.067200
23,23.070,1.117,21.630,67.068000
17,17.042,1.630,26.420,67.092800
19,19.046,2.500,28.610,67.093600
21,21.050,0.013,30.800,67.094400
23,23.054,1.026,21.990,67.095200
17,17.058,1.539,27.180,67.096000
19,19.062,2.552,29.370,67.096800
21,21.066,0.065,31.560,67.097600
23,23.070,1.078,22.750,67.098400
1,1.063,0.500,21.000,67.123200
3,3.067,1.513,23.190,67.124000
5,5.071,2.526,25.380,67.124800
7,7.075,0.039,27.570,67.125600
1,1.079,0.552,21.760,67.126400
3,3.083,1.565,23.950,67.127200
5,5.087,2.578,26.140,67.128000
7,7.091,0.091,28.330,67.128800
1,1.063,0.604,22.120,67.153600
3,3.067,1.617,24.310,67.154400
5,5.071,2.630,26.500,67.155200
7,7.075,0.000,28.690,67.156000
1,1.079,0.513,22.880,67.156800
3,3.083,1.526,23.250,67.157600
5,5.087,2.539,25.440,67.158400
7,7.091,0.052,27.630,67.159200
1,1.063,0.565,21.420,67.184000
3,3.067,1.578,23.610,67.184800
5,5.071,2.591,25.800,67.185600
7,7.075,0.104,27.990,67.186400
1,1.079,0.617,22.180,67.187200
3,3.083,1.630,24.370,67.188000
5,5.087,2.500,26.560,67.188800
7,7.091,0.013,28.750,67.189600
1,1.063,0.526,22.540,67.214400
3,3.067,1.539,24.730,67.215200
5,5.071,2.552,25.100,67.216000
7,7.075,0.065,27.290,67.216800
1,1.079,0.578,21.480,67.217600
3,3.083,1.591,23.670,67.218400
5,5.087,2.604,25.860,67.219200
7,7.091,0.117,28.050,67.220000
1,1.063,0.630,21.840,67.244800
3,3.067,1.500,24.030,67.245600
5,5.071,2.513,26.220,67.246400
7,7.075,0.026,28.410,67.247200
1,1.079,0.539,22.600,67.248000
3,3.083,1.552,24.790,67.248800
5,5.087,2.565,26.980,67.249600
7,7.091,0.078,27.350,67.250400
1,1.063,0.591,21.140,67.275200
3,3.067,1.604,23.330,67.276000
5,5.071,2.617,25.520,67.276800
7,7.075,0.130,27.710,67.277600
1,1.079,0.500,21.900,67.278400
3,3.083,1.513,24.090,67.279200
5,5.087,2.526,26.280,67.280000
7,7.091,0.039,28.470,67.280800
1,1.063,0.552,22.260,67.305600
3,3.067,1.565,24.450,67.306400
5,5.071,2.578,26.640,67.307200
7,7.075,0.091,28.830,67.308000
1,1.079,0.604,21.200,67.308800
3,3.083,1.617,23.390,67.309600
5,5.087,2.630,25.580,67.310400
7,7.091,0.000,27.770,67.311200
1,1.063,0.513,21.560,67.336000
3,3.067,1.526,23.750,67.336800
5,5.071,2.539,25.940,67.337600
7,7.075,0.052,28.130,67.338400
1,1.079,0.565,22.320,67.339200
3,3.083,1.578,24.510,67.340000
5,5.087,2.591,26.700,67.340800
7,7.091,0.104,28.890,67.341600
1,1.063,0.617,22.680,67.366400
3,3.067,1.630,23.050,67.367200
5,5.071,2.500,25.240,67.368000
7,7.075,0.013,27.430,67.368800
1,1.079,0.526,21.620,67.369600
3,3.083,1.539,23.810,67.370400
5,5.087,2.552,26.000,67.371200
7,7.091,0.065,28.190,67.372000
1,1.063,0.578,21.980,67.396800
3,3.067,1.591,24.170,67.397600
5,5.071,2.604,26.360,67.398400
7,7.075,0.117,28.550,67.399200
1,1.079,0.630,22.740,67.400000
3,3.083,1.500,24.930,67.400800
5,5.087,2.513,25.300,67.401600
7,7.091,0.026,27.490,67.402400
1,1.063,0.539,21.280,67.427200
3,3.067,1.552,23.470,67.428000
5,5.071,2.565,25.660,67.428800
7,7.075,0.078,27.850,67.429600
1,1.079,0.591,22.040,67.430400
3,3.083,1.604,24.230,67.431200
5,5.087,2.617,26.420,67.432000
7,7.091,0.130,28.610,67.432800
1,1.063,0.500,22.400,67.457600
3,3.067,1.513,24.590,67.458400
5,5.071,2.526,26.780,67.459200
7,7.075,0.039,27.150,67.460000
1,1.079,0.552,21.340,67.460800
3,3.083,1.565,23.530,67.461600
5,5.087,2.578,25.720,67.462400
7,7.091,0.091,27.910,67.463200
1,1.063,0.604,21.700,67.488000
3,3.067,1.617,23.890,67.488800
5,5.071,2.630,26.080,67.489600
7,7.075,0.000,28.270,67.490400
1,1.079,0.513,22.460,67.491200
3,3.083,1.526,24.650,67.492000
5,5.087,2.539,26.840,67.492800
7,7.091,0.052,29.030,67.493600
1,1.063,0.565,21.000,67.518400
3,3.067,1.578,23.190,67.519200
5,5.071,2.591,25.380,67.520000
7,7.075,0.104,27.570,67.520800
1,1.079,0.617,21.760,67.521600
3,3.083,1.630,23.950,67.522400
5,5.087,2.500,26.140,67.523200
7,7.091,0.013,28.330,67.524000
1,1.063,0.526,22.120,67.548800
3,3.067,1.539,24.310,67.549600
5,5.071,2.552,26.500,67.550400
7,7.075,0.065,28.690,67.551200
1,1.079,0.578,22.880,67.552000
3,3.083,1.591,23.250,67.552800
5,5.087,2.604,25.440,67.553600
7,7.091,0.117,27.630,67.554400
1,1.063,0.630,21.420,67.579200
3,3.067,1.500,23.610,67.580000
5,5.071,2.513,25.800,67.580800
7,7.075,0.026,27.990,67.581600
1,1.079,0.539,22.180,67.582400
3,3.083,1.552,24.370,67.583200
5,5.087,2.565,26.560,67.584000
7,7.091,0.078,28.750,67.584800
9,9.084,1.000,29.000,67.609600
11,11.088,2.013,20.190,67.610400
13,13.092,3.026,22.380,67.611200
15,15.096,0.539,24.570,67.612000
9,9.100,1.052,29.760,67.612800
11,11.104,2.065,20.950,67.613600
13,13.108,3.078,23.140,67.614400
15,15.112,0.591,25.330,67.615200
9,9.084,1.104,30.120,67.640000
11,11.088,2.117,21.310,67.640800
13,13.092,3.130,23.500,67.641600
15,15.096,0.500,25.690,67.642400
9,9.100,1.013,30.880,67.643200
11,11.104,2.026,20.250,67.644000
13,13.108,3.039,22.440,67.644800
15,15.112,0.552,24.630,67.645600
9,9.084,1.065,29.420,67.670400
11,11.088,2.078,20.610,67.671200
13,13.092,3.091,22.800,67.672000
15,15.096,0.604,24.990,67.672800
9,9.100,1.117,30.180,67.673600
11,11.104,2.130,21.370,67.674400
13,13.108,3.000,23.560,67.675200
15,15.112,0.513,25.750,67.676000
9,9.084,1.026,30.540,67.700800
11,11.088,2.039,21.730,67.701600
13,13.092,3.052,22.100,67.702400
15,15.096,0.565,24.290,67.703200
9,9.100,1.078,29.480,67.704000
11,11.104,2.091,20.670,67.704800
13,13.108,3.104,22.860,67.705600
15,15.112,0.617,25.050,67.706400
9,9.084,1.130,29.840,67.731200
11,11.088,2.000,21.030,67.732000
13,13.092,3.013,23.220,67.732800
15,15.096,0.526,25.410,67.733600
9,9.100,1.039,30.600,67.734400
11,11.104,2.052,21.790,67.735200
13,13.108,3.065,23.980,67.736000
15,15.112,0.578,24.350,67.736800
9,9.084,1.091,29.140,67.761600
11,11.088,2.104,20.330,67.762400
13,13.092,3.117,22.520,67.763200
15,15.096,0.630,24.710,67.764000
9,9.100,1.000,29.900,67.764800
11,11.104,2.013,21.090,67.765600
13,13.108,3.026,23.280,67.766400
15,15.112,0.539,25.470,67.767200
9,9.084,1.052,30.260,67.792000
11,11.088,2.065,21.450,67.792800
13,13.092,3.078,23.640,67.793600
15,15.096,0.591,25.830,67.794400
9,9.100,1.104,29.200,67.795200
11,11.104,2.117,20.390,67.796000
13,13.108,3.130,22.580,67.796800
15,15.112,0.500,24.770,67.797600
9,9.084,1.013,29.560,67.822400
11,11.088,2.026,20.750,67.823200
13,13.092,3.039,22.940,67.824000
15,15.096,0.552,25.130,67.824800
9,9.100,1.065,30.320,67.825600
11,11.104,2.078,21.510,67.826400
13,13.108,3.091,23.700,67.827200
15,15.112,0.604,25.890,67.828000
9,9.084,1.117,30.680,67.852800
11,11.088,2.130,20.050,67.853600
13,13.092,3.000,22.240,67.854400
15,15.096,0.513,24.430,67.855200
9,9.100,1.026,29.620,67.856000
11,11.104,2.039,20.810,67.856800
13,13.108,3.052,23.000,67.857600
15,15.112,0.565,25.190,67.858400
9,9.084,1.078,29.980,67.883200
11,11.088,2.091,21.170,67.884000
13,13.092,3.104,23.360,67.884800
15,15.096,0.617,25.550,67.885600
9,9.100,1.130,30.740,67.886400
11,11.104,2.000,21.930,67.887200
13,13.108,3.013,22.300,67.888000
15,15.112,0.526,24.490,67.888800
9,9.084,1.039,29.280,67.913600
11,11.088,2.052,20.470,67.914400
13,13.092,3.065,22.660,67.915200
15,15.096,0.578,24.850,67.916000
9,9.100,1.091,30.040,67.916800
11,11.104,2.104,21.230,67.917600
13,13.108,3.117,23.420,67.918400
15,15.112,0.630,25.610,67.919200
9,9.084,1.000,30.400,67.944000
11,11.088,2.013,21.590,67.944800
13,13.092,3.026,23.780,67.945600
15,15.096,0.539,24.150,67.946400
9,9.100,1.052,29.340,67.947200
11,11.104,2.065,20.530,67.948000
13,13.108,3.078,22.720,67.948800
15,15.112,0.591,24.910,67.949600
9,9.084,1.104,29.700,67.974400
11,11.088,2.117,20.890,67.975200
13,13.092,3.130,23.080,67.976000
15,15.096,0.500,25.270,67.976800
9,9.100,1.013,30.460,67.977600
11,11.104,2.026,21.650,67.978400
13,13.108,3.039,23.840,67.979200
15,15.112,0.552,26.030,67.980000
9,9.084,1.065,29.000,68.004800
11,11.088,2.078,20.190,68.005600
13,13.092,3.091,22.380,68.006400
15,15.096,0.604,24.570,68.007200
9,9.100,1.117,29.760,68.008000
11,11.104,2.130,20.950,68.008800
13,13.108,3.000,23.140,68.009600
15,15.112,0.513,25.330,68.010400
9,9.084,1.026,30.120,68.035200
11,11.088,2.039,21.310,68.036000
13,13.092,3.052,23.500,68.036800
15,15.096,0.565,25.690,68.037600
9,9.100,1.078,30.880,68.038400
11,11.104,2.091,20.250,68.039200
13,13.108,3.104,22.440,68.040000
15,15.112,0.617,24.630,68.040800
9,9.084,1.130,29.420,68.065600
11,11.088,2.000,20.610,68.066400
13,13.092,3.013,22.800,68.067200
15,15.096,0.526,24.990,68.068000
9,9.100,1.039,30.180,68.068800
11,11.104,2.052,21.370,68.069600
13,13.108,3.065,23.560,68.070400
15,15.112,0.578,25.750,68.071200
17,17.105,1.500,26.000,68.096000
19,19.109,2.513,28.190,68.096800
21,21.113,0.026,30.380,68.097600
23,23.117,1.039,21.570,68.098400
17,17.121,1.552,26.760,68.099200
19,19.125,2.565,28.950,68.100000
21,21.129,0.078,31.140,68.100800
23,23.133,1.091,22.330,68.101600
17,17.105,1.604,27.120,68.126400
19,19.109,2.617,29.310,68.127200
21,21.113,0.130,31.500,68.128000
23,23.117,1.000,22.690,68.128800
17,17.121,1.513,27.880,68.129600
19,19.125,2.526,28.250,68.130400
21,21.129,0.039,30.440,68.131200
23,23.133,1.052,21.630,68.132000
17,17.105,1.565,26.420,68.156800
19,19.109,2.578,28.610,68.157600
21,21.113,0.091,30.800,68.158400
23,23.117,1.104,21.990,68.159200
17,17.121,1.617,27.180,68.160000
19,19.125,2.630,29.370,68.160800
21,21.129,0.000,31.560,68.161600
23,23.133,1.013,22.750,68.162400
17,17.105,1.526,27.540,68.187200
19,19.109,2.539,29.730,68.188000
21,21.113,0.052,30.100,68.188800
23,23.117,1.065,21.290,68.189600
17,17.121,1.578,26.480,68.190400
19,19.125,2.591,28.670,68.191200
21,21.129,0.104,30.860,68.192000
23,23.133,1.117,22.050,68.192800
17,17.105,1.630,26.840,68.217600
19,19.109,2.500,29.030,68.218400
21,21.113,0.013,31.220,68.219200
23,23.117,1.026,22.410,68.220000
17,17.121,1.539,27.600,68.220800
19,19.125,2.552,29.790,68.221600
21,21.129,0.065,31.980,68.222400
23,23.133,1.078,21.350,68.223200
17,17.105,1.591,26.140,68.248000
19,19.109,2.604,28.330,68.248800
21,21.113,0.117,30.520,68.249600
23,23.117,1.130,21.710,68.250400
17,17.121,1.500,26.900,68.251200
19,19.125,2.513,29.090,68.252000
21,21.129,0.026,31.280,68.252800
23,23.133,1.039,22.470,68.253600
17,17.105,1.552,27.260,68.278400
19,19.109,2.565,29.450,68.279200
21,21.113,0.078,31.640,68.280000
23,23.117,1.091,22.830,68.280800
17,17.121,1.604,26.200,68.281600
19,19.125,2.617,28.390,68.282400
21,21.129,0.130,30.580,68.283200
23,23.133,1.000,21.770,68.284000
17,17.105,1.513,26.560,68.308800
19,19.109,2.526,28.750,68.309600
21,21.113,0.039,30.940,68.310400
23,23.117,1.052,22.130,68.311200
17,17.121,1.565,27.320,68.312000
19,19.125,2.578,29.510,68.312800
21,21.129,0.091,31.700,68.313600
23,23.133,1.104,22.890,68.314400
17,17.105,1.617,27.680,68.339200
19,19.109,2.630,28.050,68.340000
21,21.113,0.000,30.240,68.340800
23,23.117,1.013,21.430,68.341600
17,17.121,1.526,26.620,68.342400
19,19.125,2.539,28.810,68.343200
21,21.129,0.052,31.000,68.344000
23,23.133,1.065,22.190,68.344800
17,17.105,1.578,26.980,68.369600
19,19.109,2.591,29.170,68.370400
21,21.113,0.104,31.360,68.371200
23,23.117,1.117,22.550,68.372000
17,17.121,1.630,27.740,68.372800
19,19.125,2.500,29.930,68.373600
21,21.129,0.013,30.300,68.374400
23,23.133,1.026,21.490,68.375200
17,17.105,1.539,26.280,68.400000
19,19.109,2.552,28.470,68.400800
21,21.113,0.065,30.660,68.401600
23,23.117,1.078,21.850,68.402400
17,17.121,1.591,27.040,68.403200
19,19.125,2.604,29.230,68.404000
21,21.129,0.117,31.420,68.404800
23,23.133,1.130,22.610,68.405600
17,17.105,1.500,27.400,68.430400
19,19.109,2.513,29.590,68.431200
21,21.113,0.026,31.780,68.432000
23,23.117,1.039,21.150,68.432800
17,17.121,1.552,26.340,68.433600
19,19.125,2.565,28.530,68.434400
21,21.129,0.078,30.720,68.435200
23,23.133,1.091,21.910,68.436000
17,17.105,1.604,26.700,68.460800
19,19.109,2.617,28.890,68.461600
21,21.113,0.130,31.080,68.462400
23,23.117,1.000,22.270,68.463200
17,17.121,1.513,27.460,68.464000
19,19.125,2.526,29.650,68.464800
21,21.129,0.039,31.840,68.465600
23,23.133,1.052,23.030,68.466400
17,17.105,1.565,26.000,68.491200
19,19.109,2.578,28.190,68.492000
21,21.113,0.091,30.380,68.492800
23,23.117,1.104,21.570,68.493600
17,17.121,1.617,26.760,68.494400
19,19.125,2.630,28.950,68.495200
21,21.129,0.000,31.140,68.496000
23,23.133,1.013,22.330,68.496800
17,17.105,1.526,27.120,68.521600
19,19.109,2.539,29.310,68.522400
21,21.113,0.052,31.500,68.523200
23,23.117,1.065,22.690,68.524000
17,17.121,1.578,27.880,68.524800
19,19.125,2.591,28.250,68.525600
21,21.129,0.104,30.440,68.526400
23,23.133,1.117,21.630,68.527200
17,17.105,1.630,26.420,68.552000
19,19.109,2.500,28.610,68.552800
21,21.113,0.013,30.800,68.553600
23,23.117,1.026,21.990,68.554400
17,17.121,1.539,27.180,68.555200
19,19.125,2.552,29.370,68.556000
21,21.129,0.065,31.560,68.556800
23,23.133,1.078,22.750,68.557600
1,1.126,0.500,21.000,68.582400
3,3.130,1.513,23.190,68.583200
5,5.134,2.526,25.380,68.584000
7,7.138,0.039,27.570,68.584800
1,1.142,0.552,21.760,68.585600
3,3.146,1.565,23.950,68.586400
5,5.150,2.578,26.140,68.587200
7,7.154,0.091,28.330,68.588000
1,1.126,0.604,22.120,68.612800
3,3.130,1.617,24.310,68.613600
5,5.134,2.630,26.500,68.614400
7,7.138,0.000,28.690,68.615200
1,1.142,0.513,22.880,68.616000
3,3.146,1.526,23.250,68.616800
5,5.150,2.539,25.440,68.617600
7,7.154,0.052,27.630,68.618400
1,1.126,0.565,21.420,68.643200
3,3.130,1.578,23.610,68.644000
5,5.134,2.591,25.800,68.644800
7,7.138,0.104,27.990,68.645600
1,1.142,0.617,22.180,68.646400
3,3.146,1.630,24.370,68.647200
5,5.150,2.500,26.560,68.648000
7,7.154,0.013,28.750,68.648800
1,1.126,0.526,22.540,68.673600
3,3.130,1.539,24.730,68.674400
5,5.134,2.552,25.100,68.675200
7,7.138,0.065,27.290,68.676000
1,1.142,0.578,21.480,68.676800
3,3.146,1.591,23.670,68.677600
5,5.150,2.604,25.860,68.678400
7,7.154,0.117,28.050,68.679200
1,1.126,0.630,21.840,68.704000
3,3.130,1.500,24.030,68.704800
5,5.134,2.513,26.220,68.705600
7,7.138,0.026,28.410,68.706400
1,1.142,0.539,22.600,68.707200
3,3.146,1.552,24.790,68.708000
5,5.150,2.565,26.980,68.708800
7,7.154,0.078,27.350,68.709600
1,1.126,0.591,21.140,68.734400
3,3.130,1.604,23.330,68.735200
5,5.134,2.617,25.520,68.736000
7,7.138,0.130,27.710,68.736800
1,1.142,0.500,21.900,68.737600
3,3.146,1.513,24.090,68.738400
5,5.150,2.526,26.280,68.739200
7,7.154,0.039,28.470,68.740000
1,1.126,0.552,22.260,68.764800
3,3.130,1.565,24.450,68.765600
5,5.134,2.578,26.640,68.766400
7,7.138,0.091,28.830,68.767200
1,1.142,0.604,21.200,68.768000
3,3.146,1.617,23.390,68.768800
5,5.150,2.630,25.580,68.769600
7,7.154,0.000,27.770,68.770400
1,1.126,0.513,21.560,68.795200
3,3.130,1.526,23.750,68.796000
5,5.134,2.539,25.940,68.796800
7,7.138,0.052,28.130,68.797600
1,1.142,0.565,22.320,68.798400
3,3.146,1.578,24.510,68.799200
5,5.150,2.591,26.700,68.800000
7,7.154,0.104,28.890,68.800800
1,1.126,0.617,22.680,68.825600
3,3.130,1.630,23.050,68.826400
5,5.134,2.500,25.240,68.827200
7,7.138,0.013,27.430,68.828000
1,1.142,0.526,21.620,68.828800
3,3.146,1.539,23.810,68.829600
5,5.150,2.552,26.000,68.830400
7,7.154,0.065,28.190,68.831200
1,1.126,0.578,21.980,68.856000
3,3.130,1.591,24.170,68.856800
5,5.134,2.604,26.360,68.857600
7,7.138,0.117,28.550,68.858400
1,1.142,0.630,22.740,68.859200
3,3.146,1.500,24.930,68.860000
5,5.150,2.513,25.300,68.860800
7,7.154,0.026,27.490,68.861600
1,1.126,0.539,21.280,68.886400
3,3.130,1.552,23.470,68.887200
5,5.134,2.565,25.660,68.888000
7,7.138,0.078,27.850,68.888800
1,1.142,0.591,22.040,68.889600
3,3.146,1.604,24.230,68.890400
5,5.150,2.617,26.420,68.891200
7,7.154,0.130,28.610,68.892000
1,1.126,0.500,22.400,68.916800
3,3.130,1.513,24.590,68.917600
5,5.134,2.526,26.780,68.918400
7,7.138,0.039,27.150,68.919200
1,1.142,0.552,21.340,68.920000
3,3.146,1.565,23.530,68.920800
5,5.150,2.578,25.720,68.921600
7,7.154,0.091,27.910,68.922400
1,1.126,0.604,21.700,68.947200
3,3.130,1.617,23.890,68.948000
5,5.134,2.630,26.080,68.948800
7,7.138,0.000,28.270,68.949600
1,1.142,0.513,22.460,68.950400
3,3.146,1.526,24.650,68.951200
5,5.150,2.539,26.840,68.952000
7,7.154,0.052,29.030,68.952800
1,1.126,0.565,21.000,68.977600
3,3.130,1.578,23.190,68.978400
5,5.134,2.591,25.380,68.979200
7,7.138,0.104,27.570,68.980000
1,1.142,0.617,21.760,68.980800
3,3.146,1.630,23.950,68.981600
5,5.150,2.500,26.140,68.982400
7,7.154,0.013,28.330,68.983200
1,1.126,0.526,22.120,69.008000
3,3.130,1.539,24.310,69.008800
5,5.134,2.552,26.500,69.009600
7,7.138,0.065,28.690,69.010400
1,1.142,0.578,22.880,69.011200
3,3.146,1.591,23.250,69.012000
5,5.150,2.604,25.440,69.012800
7,7.154,0.117,27.630,69.013600
1,1.126,0.630,21.420,69.038400
3,3.130,1.500,23.610,69.039200
5,5.134,2.513,25.800,69.040000
7,7.138,0.026,27.990,69.040800
1,1.142,0.539,22.180,69.041600
3,3.146,1.552,24.370,69.042400
5,5.150,2.565,26.560,69.043200
7,7.154,0.078,28.750,69.044000
9,9.147,1.000,29.000,69.068800
11,11.151,2.013,20.190,69.069600
13,13.155,3.026,22.380,69.070400
15,15.159,0.539,24.570,69.071200
9,9.163,1.052,29.760,69.072000
11,11.167,2.065,20.950,69.072800
13,13.171,3.078,23.140,69.073600
15,15.175,0.591,25.330,69.074400
9,9.147,1.104,30.120,69.099200
11,11.151,2.117,21.310,69.100000
13,13.155,3.130,23.500,69.100800
15,15.159,0.500,25.690,69.101600
9,9.163,1.013,30.880,69.102400
11,11.167,2.026,20.250,69.103200
13,13.171,3.039,22.440,69.104000
15,15.175,0.552,24.630,69.104800
9,9.147,1.065,29.420,69.129600
11,11.151,2.078,20.610,69.130400
13,13.155,3.091,22.800,69.131200
15,15.159,0.604,24.990,69.132000
9,9.163,1.117,30.180,69.132800
11,11.167,2.130,21.370,69.133600
13,13.171,3.000,23.560,69.134400
15,15.175,0.513,25.750,69.135200
9,9.147,1.026,30.540,69.160000
11,11.151,2.039,21.730,69.160800
13,13.155,3.052,22.100,69.161600
15,15.159,0.565,24.290,69.162400
9,9.163,1.078,29.480,69.163200
11,11.167,2.091,20.670,69.164000
13,13.171,3.104,22.860,69.164800
15,15.175,0.617,25.050,69.165600
9,9.147,1.130,29.840,69.190400
11,11.151,2.000,21.030,69.191200
13,13.155,3.013,23.220,69.192000
15,15.159,0.526,25.410,69.192800
9,9.163,1.039,30.600,69.193600
11,11.167,2.052,21.790,69.194400
13,13.171,3.065,23.980,69.195200
15,15.175,0.578,24.350,69.196000
9,9.147,1.091,29.140,69.220800
11,11.151,2.104,20.330,69.221600
13,13.155,3.117,22.520,69.222400
15,15.159,0.630,24.710,69.223200
9,9.163,1.000,29.900,69.224000
11,11.167,2.013,21.090,69.224800
13,13.171,3.026,23.280,69.225600
15,15.175,0.539,25.470,69.226400
9,9.147,1.052,30.260,69.251200
11,11.151,2.065,21.450,69.252000
13,13.155,3.078,23.640,69.252800
15,15.159,0.591,25.830,69.253600
9,9.163,1.104,29.200,69.254400
11,11.167,2.117,20.390,69.255200
13,13.171,3.130,22.580,69.256000
15,15.175,0.500,24.770,69.256800
9,9.147,1.013,29.560,69.281600
11,11.151,2.026,20.750,69.282400
13,13.155,3.039,22.940,69.283200
15,15.159,0.552,25.130,69.284000
9,9.163,1.065,30.320,69.284800
11,11.167,2.078,21.510,69.285600
13,13.171,3.091,23.700,69.286400
15,15.175,0.604,25.890,69.287200
9,9.147,1.117,30.680,69.312000
11,11.151,2.130,20.050,69.312800
13,13.155,3.000,22.240,69.313600
15,15.159,0.513,24.430,69.314400
9,9.163,1.026,29.620,69.315200
11,11.167,2.039,20.810,69.316000
13,13.171,3.052,23.000,69.316800
15,15.175,0.565,25.190,69.317600
9,9.147,1.078,29.980,69.342400
11,11.151,2.091,21.170,69.343200
13,13.155,3.104,23.360,69.344000
15,15.159,0.617,25.550,69.344800
9,9.163,1.130,30.740,69.345600
11,11.167,2.000,21.930,69.346400
13,13.171,3.013,22.300,69.347200
15,15.175,0.526,24.490,69.348000
9,9.147,1.039,29.280,69.372800
11,11.151,2.052,20.470,69.373600
13,13.155,3.065,22.660,69.374400
15,15.159,0.578,24.850,69.375200
9,9.163,1.091,30.040,69.376000
11,11.167,2.104,21.230,69.376800
13,13.171,3.117,23.420,69.377600
15,15.175,0.630,25.610,69.378400
9,9.147,1.000,30.400,69.403200
11,11.151,2.013,21.590,69.404000
13,13.155,3.026,23.780,69.404800
15,15.159,0.539,24.150,69.405600
9,9.163,1.052,29.340,69.406400
11,11.167,2.065,20.530,69.407200
13,13.171,3.078,22.720,69.408000
15,15.175,0.591,24.910,69.408800
9,9.147,1.104,29.700,69.433600
11,11.151,2.117,20.890,69.434400
13,13.155,3.130,23.080,69.435200
15,15.159,0.500,25.270,69.436000
9,9.163,1.013,30.460,69.436800
11,11.167,2.026,21.650,69.437600
13,13.171,3.039,23.840,69.438400
15,15.175,0.552,26.030,69.439200
9,9.147,1.065,29.000,69.464000
11,11.151,2.078,20.190,69.464800
13,13.155,3.091,22.380,69.465600
15,15.159,0.604,24.570,69.466400
9,9.163,1.117,29.760,69.467200
11,11.167,2.130,20.950,69.468000
13,13.171,3.000,23.140,69.468800
15,15.175,0.513,25.330,69.469600
9,9.147,1.026,30.120,69.494400
11,11.151,2.039,21.310,69.495200
13,13.155,3.052,23.500,69.496000
15,15.159,0.565,25.690,69.496800
9,9.163,1.078,30.880,69.497600
11,11.167,2.091,20.250,69.498400
13,13.171,3.104,22.440,69.499200
15,15.175,0.617,24.630,69.500000
9,9.147,1.130,29.420,69.524800
11,11.151,2.000,20.610,69.525600
13,13.155,3.013,22.800,69.526400
15,15.159,0.526,24.990,69.527200
9,9.163,1.039,30.180,69.528000
11,11.167,2.052,21.370,69.528800
13,13.171,3.065,23.560,69.529600
15,15.175,0.578,25.750,69.530400
17,17.168,1.500,26.000,69.555200
19,19.172,2.513,28.190,69.556000
21,21.176,0.026,30.380,69.556800
23,23.180,1.039,21.570,69.557600
17,17.184,1.552,26.760,69.558400
19,19.188,2.565,28.950,69.559200
21,21.192,0.078,31.140,69.560000
23,23.196,1.091,22.330,69.560800
17,17.168,1.604,27.120,69.585600
19,19.172,2.617,29.310,69.586400
21,21.176,0.130,31.500,69.587200
23,23.180,1.000,22.690,69.588000
17,17.184,1.513,27.880,69.588800
19,19.188,2.526,28.250,69.589600
21,21.192,0.039,30.440,69.590400
23,23.196,1.052,21.630,69.591200
17,17.168,1.565,26.420,69.616000
19,19.172,2.578,28.610,69.616800
21,21.176,0.091,30.800,69.617600
23,23.180,1.104,21.990,69.618400
17,17.184,1.617,27.180,69.619200
19,19.188,2.630,29.370,69.620000
21,21.192,0.000,31.560,69.620800
23,23.196,1.013,22.750,69.621600
17,17.168,1.526,27.540,69.646400
19,19.172,2.539,29.730,69.647200
21,21.176,0.052,30.100,69.648000
23,23.180,1.065,21.290,69.648800
17,17.184,1.578,26.480,69.649600
19,19.188,2.591,28.670,69.650400
21,21.192,0.104,30.860,69.651200
23,23.196,1.117,22.050,69.652000
17,17.168,1.630,26.840,69.676800
19,19.172,2.500,29.030,69.677600
21,21.176,0.013,31.220,69.678400
23,23.180,1.026,22.410,69.679200
17,17.184,1.539,27.600,69.680000
19,19.188,2.552,29.790,69.680800
21,21.192,0.065,31.980,69.681600
23,23.196,1.078,21.350,69.682400
17,17.168,1.591,26.140,69.707200
19,19.172,2.604,28.330,69.708000
21,21.176,0.117,30.520,69.708800
23,23.180,1.130,21.710,69.709600
17,17.184,1.500,26.900,69.710400
19,19.188,2.513,29.090,69.711200
21,21.192,0.026,31.280,69.712000
23,23.196,1.039,22.470,69.712800
17,17.168,1.552,27.260,69.737600
19,19.172,2.565,29.450,69.738400
21,21.176,0.078,31.640,69.739200
23,23.180,1.091,22.830,69.740000
17,17.184,1.604,26.200,69.740800
19,19.188,2.617,28.390,69.741600
21,21.192,0.130,30.580,69.742400
23,23.196,1.000,21.770,69.743200
17,17.168,1.513,26.560,69.768000
19,19.172,2.526,28.750,69.768800
21,21.176,0.039,30.940,69.769600
23,23.180,1.052,22.130,69.770400
17,17.184,1.565,27.320,69.771200
19,19.188,2.578,29.510,69.772000
21,21.192,0.091,31.700,69.772800
23,23.196,1.104,22.890,69.773600
17,17.168,1.617,27.680,69.798400
19,19.172,2.630,28.050,69.799200
21,21.176,0.000,30.240,69.800000
23,23.180,1.013,21.430,69.800800
17,17.184,1.526,26.620,69.801600
19,19.188,2.539,28.810,69.802400
21,21.192,0.052,31.000,69.803200
23,23.196,1.065,22.190,69.804000
17,17.168,1.578,26.980,69.828800
19,19.172,2.591,29.170,69.829600
21,21.176,0.104,31.360,69.830400
23,23.180,1.117,22.550,69.831200
17,17.184,1.630,27.740,69.832000
19,19.188,2.500,29.930,69.832800
21,21.192,0.013,30.300,69.833600
23,23.196,1.026,21.490,69.834400
17,17.168,1.539,26.280,69.859200
19,19.172,2.552,28.470,69.860000
21,21.176,0.065,30.660,69.860800
23,23.180,1.078,21.850,69.861600
17,17.184,1.591,27.040,69.862400
19,19.188,2.604,29.230,69.863200
21,21.192,0.117,31.420,69.864000
23,23.196,1.130,22.610,69.864800
17,17.168,1.500,27.400,69.889600
19,19.172,2.513,29.590,69.890400
21,21.176,0.026,31.780,69.891200
23,23.180,1.039,21.150,69.892000
17,17.184,1.552,26.340,69.892800
19,19.188,2.565,28.530,69.893600
21,21.192,0.078,30.720,69.894400
23,23.196,1.091,21.910,69.895200
17,17.168,1.604,26.700,69.920000
19,19.172,2.617,28.890,69.920800
21,21.176,0.130,31.080,69.921600
23,23.180,1.000,22.270,69.922400
17,17.184,1.513,27.460,69.923200
19,19.188,2.526,29.650,69.924000
21,21.192,0.039,31.840,69.924800
23,23.196,1.052,23.030,69.925600
17,17.168,1.565,26.000,69.950400
19,19.172,2.578,28.190,69.951200
21,21.176,0.091,30.380,69.952000
23,23.180,1.104,21.570,69.952800
17,17.184,1.617,26.760,69.953600
19,19.188,2.630,28.950,69.954400
21,21.192,0.000,31.140,69.955200
23,23.196,1.013,22.330,69.956000
17,17.168,1.526,27.120,69.980800
19,19.172,2.539,29.310,69.981600
21,21.176,0.052,31.500,69.982400
23,23.180,1.065,22.690,69.983200
17,17.184,1.578,27.880,69.984000
19,19.188,2.591,28.250,69.984800
21,21.192,0.104,30.440,69.985600
23,23.196,1.117,21.630,69.986400
17,17.168,1.630,26.420,70.011200
19,19.172,2.500,28.610,70.012000
21,21.176,0.013,30.800,70.012800
23,23.180,1.026,21.990,70.013600
17,17.184,1.539,27.180,70.014400
19,19.188,2.552,29.370,70.015200
21,21.192,0.065,31.560,70.016000
23,23.196,1.078,22.750,70.016800
1,1.000,0.500,21.000,70.041600
3,3.004,1.513,23.190,70.042400
5,5.008,2.526,25.380,70.043200
7,7.012,0.039,27.570,70.044000
1,1.016,0.552,21.760,70.044800
3,3.020,1.565,23.950,70.045600
5,5.024,2.578,26.140,70.046400
7,7.028,0.091,28.330,70.047200
1,1.000,0.604,22.120,70.072000
3,3.004,1.617,24.310,70.072800
5,5.008,2.630,26.500,70.073600
7,7.012,0.000,28.690,70.074400
1,1.016,0.513,22.880,70.075200
3,3.020,1.526,23.250,70.076000
5,5.024,2.539,25.440,70.076800
7,7.028,0.052,27.630,70.077600
1,1.000,0.565,21.420,70.102400
3,3.004,1.578,23.610,70.103200
5,5.008,2.591,25.800,70.104000
7,7.012,0.104,27.990,70.104800
1,1.016,0.617,22.180,70.105600
3,3.020,1.630,24.370,70.106400
5,5.024,2.500,26.560,70.107200
7,7.028,0.013,28.750,70.108000
1,1.000,0.526,22.540,70.132800
3,3.004,1.539,24.730,70.133600
5,5.008,2.552,25.100,70.134400
7,7.012,0.065,27.290,70.135200
1,1.016,0.578,21.480,70.136000
3,3.020,1.591,23.670,70.136800
5,5.024,2.604,25.860,70.137600
7,7.028,0.117,28.050,70.138400
1,1.000,0.630,21.840,70.163200
3,3.004,1.500,24.030,70.164000
5,5.008,2.513,26.220,70.164800
7,7.012,0.026,28.410,70.165600
1,1.016,0.539,22.600,70.166400
3,3.020,1.552,24.790,70.167200
5,5.024,2.565,26.980,70.168000
7,7.028,0.078,27.350,70.168800
1,1.000,0.591,21.140,70.193600
3,3.004,1.604,23.330,70.194400
5,5.008,2.617,25.520,70.195200
7,7.012,0.130,27.710,70.196000
1,1.016,0.500,21.900,70.196800
3,3.020,1.513,24.090,70.197600
5,5.024,2.526,26.280,70.198400
7,7.028,0.039,28.470,70.199200
1,1.000,0.552,22.260,70.224000
3,3.004,1.565,24.450,70.224800
5,5.008,2.578,26.640,70.225600
7,7.012,0.091,28.830,70.226400
1,1.016,0.604,21.200,70.227200
3,3.020,1.617,23.390,70.228000
5,5.024,2.630,25.580,70.228800
7,7.028,0.000,27.770,70.229600
1,1.000,0.513,21.560,70.254400
3,3.004,1.526,23.750,70.255200
5,5.008,2.539,25.940,70.256000
7,7.012,0.052,28.130,70.256800
1,1.016,0.565,22.320,70.257600
3,3.020,1.578,24.510,70.258400
5,5.024,2.591,26.700,70.259200
7,7.028,0.104,28.890,70.260000
1,1.000,0.617,22.680,70.284800
3,3.004,1.630,23.050,70.285600
5,5.008,2.500,25.240,70.286400
7,7.012,0.013,27.430,70.287200
1,1.016,0.526,21.620,70.288000
3,3.020,1.539,23.810,70.288800
5,5.024,2.552,26.000,70.289600
7,7.028,0.065,28.190,70.290400
1,1.000,0.578,21.980,70.315200
3,3.004,1.591,24.170,70.316000
5,5.008,2.604,26.360,70.316800
7,7.012,0.117,28.550,70.317600
1,1.016,0.630,22.740,70.318400
3,3.020,1.500,24.930,70.319200
5,5.024,2.513,25.300,70.320000
7,7.028,0.026,27.490,70.320800
1,1.000,0.539,21.280,70.345600
3,3.004,1.552,23.470,70.346400
5,5.008,2.565,25.660,70.347200
7,7.012,0.078,27.850,70.348000
1,1.016,0.591,22.040,70.348800
3,3.020,1.604,24.230,70.349600
5,5.024,2.617,26.420,70.350400
7,7.028,0.130,28.610,70.351200
1,1.000,0.500,22.400,70.376000
3,3.004,1.513,24.590,70.376800
5,5.008,2.526,26.780,70.377600
7,7.012,0.039,27.150,70.378400
1,1.016,0.552,21.340,70.379200
3,3.020,1.565,23.530,70.380000
5,5.024,2.578,25.720,70.380800
7,7.028,0.091,27.910,70.381600
1,1.000,0.604,21.700,70.406400
3,3.004,1.617,23.890,70.407200
5,5.008,2.630,26.080,70.408000
7,7.012,0.000,28.270,70.408800
1,1.016,0.513,22.460,70.409600
3,3.020,1.526,24.650,70.410400
5,5.024,2.539,26.840,70.411200
7,7.028,0.052,29.030,70.412000
1,1.000,0.565,21.000,70.436800
3,3.004,1.578,23.190,70.437600
5,5.008,2.591,25.380,70.438400
7,7.012,0.104,27.570,70.439200
1,1.016,0.617,21.760,70.440000
3,3.020,1.630,23.950,70.440800
5,5.024,2.500,26.140,70.441600
7,7.028,0.013,28.330,70.442400
1,1.000,0.526,22.120,70.467200
3,3.004,1.539,24.310,70.468000
5,5.008,2.552,26.500,70.468800
7,7.012,0.065,28.690,70.469600
1,1.016,0.578,22.880,70.470400
3,3.020,1.591,23.250,70.471200
5,5.024,2.604,25.440,70.472000
7,7.028,0.117,27.630,70.472800
1,1.000,0.630,21.420,70.497600
3,3.004,1.500,23.610,70.498400
5,5.008,2.513,25.800,70.499200
7,7.012,0.026,27.990,70.500000
1,1.016,0.539,22.180,70.500800
3,3.020,1.552,24.370,70.501600
5,5.024,2.565,26.560,70.502400
7,7.028,0.078,28.750,70.503200
9,9.021,1.000,29.000,70.528000
11,11.025,2.013,20.190,70.528800
13,13.029,3.026,22.380,70.529600
15,15.033,0.539,24.570,70.530400
9,9.037,1.052,29.760,70.531200
11,11.041,2.065,20.950,70.532000
13,13.045,3.078,23.140,70.532800
15,15.049,0.591,25.330,70.533600
9,9.021,1.104,30.120,70.558400
11,11.025,2.117,21.310,70.559200
13,13.029,3.130,23.500,70.560000
15,15.033,0.500,25.690,70.560800
9,9.037,1.013,30.880,70.561600
11,11.041,2.026,20.250,70.562400
13,13.045,3.039,22.440,70.563200
15,15.049,0.552,24.630,70.564000
9,9.021,1.065,29.420,70.588800
11,11.025,2.078,20.610,70.589600
13,13.029,3.091,22.800,70.590400
15,15.033,0.604,24.990,70.591200
9,9.037,1.117,30.180,70.592000
11,11.041,2.130,21.370,70.592800
13,13.045,3.000,23.560,70.593600
15,15.049,0.513,25.750,70.594400
9,9.021,1.026,30.540,70.619200
11,11.025,2.039,21.730,70.620000
13,13.029,3.052,22.100,70.620800
15,15.033,0.565,24.290,70.621600
9,9.037,1.078,29.480,70.622400
11,11.041,2.091,20.670,70.623200
13,13.045,3.104,22.860,70.624000
15,15.049,0.617,25.050,70.624800
9,9.021,1.130,29.840,70.649600
11,11.025,2.000,21.030,70.650400
13,13.029,3.013,23.220,70.651200
15,15.033,0.526,25.410,70.652000
9,9.037,1.039,30.600,70.652800
11,11.041,2.052,21.790,70.653600
13,13.045,3.065,23.980,70.654400
15,15.049,0.578,24.350,70.655200
9,9.021,1.091,29.140,70.680000
11,11.025,2.104,20.330,70.680800
13,13.029,3.117,22.520,70.681600
15,15.033,0.630,24.710,70.682400
9,9.037,1.000,29.900,70.683200
11,11.041,2.013,21.090,70.684000
13,13.045,3.026,23.280,70.684800
15,15.049,0.539,25.470,70.685600
9,9.021,1.052,30.260,70.710400
11,11.025,2.065,21.450,70.711200
13,13.029,3.078,23.640,70.712000
15,15.033,0.591,25.830,70.712800
9,9.037,1.104,29.200,70.713600
11,11.041,2.117,20.390,70.714400
13,13.045,3.130,22.580,70.715200
15,15.049,0.500,24.770,70.716000
9,9.021,1.013,29.560,70.740800
11,11.025,2.026,20.750,70.741600
13,13.029,3.039,22.940,70.742400
15,15.033,0.552,25.130,70.743200
9,9.037,1.065,30.320,70.744000
11,11.041,2.078,21.510,70.744800
13,13.045,3.091,23.700,70.745600
15,15.049,0.604,25.890,70.746400
9,9.021,1.117,30.680,70.771200
11,11.025,2.130,20.050,70.772000
13,13.029,3.000,22.240,70.772800
15,15.033,0.513,24.430,70.773600
9,9.037,1.026,29.620,70.774400
11,11.041,2.039,20.810,70.775200
13,13.045,3.052,23.000,70.776000
15,15.049,0.565,25.190,70.776800
9,9.021,1.078,29.980,70.801600
11,11.025,2.091,21.170,70.802400
13,13.029,3.104,23.360,70.803200
15,15.033,0.617,25.550,70.804000
9,9.037,1.130,30.740,70.804800
11,11.041,2.000,21.930,70.805600
13,13.045,3.013,22.300,70.806400
15,15.049,0.526,24.490,70.807200
9,9.021,1.039,29.280,70.832000
11,11.025,2.052,20.470,70.832800
13,13.029,3.065,22.660,70.833600
15,15.033,0.578,24.850,70.834400
9,9.037,1.091,30.040,70.835200
11,11.041,2.104,21.230,70.836000
13,13.045,3.117,23.420,70.836800
15,15.049,0.630,25.610,70.837600
9,9.021,1.000,30.400,70.862400
11,11.025,2.013,21.590,70.863200
13,13.029,3.026,23.780,70.864000
15,15.033,0.539,24.150,70.864800
9,9.037,1.052,29.340,70.865600
11,11.041,2.065,20.530,70.866400
13,13.045,3.078,22.720,70.867200
15,15.049,0.591,24.910,70.868000
9,9.021,1.104,29.700,70.892800
11,11.025,2.117,20.890,70.893600
13,13.029,3.130,23.080,70.894400
15,15.033,0.500,25.270,70.895200
9,9.037,1.013,30.460,70.896000
11,11.041,2.026,21.650,70.896800
13,13.045,3.039,23.840,70.897600
15,15.049,0.552,26.030,70.898400
9,9.021,1.065,29.000,70.923200
11,11.025,2.078,20.190,70.924000
13,13.029,3.091,22.380,70.924800
15,15.033,0.604,24.570,70.925600
9,9.037,1.117,29.760,70.926400
11,11.041,2.130,20.950,70.927200
13,13.045,3.000,23.140,70.928000
15,15.049,0.513,25.330,70.928800
9,9.021,1.026,30.120,70.953600
11,11.025,2.039,21.310,70.954400
13,13.029,3.052,23.500,70.955200
15,15.033,0.565,25.690,70.956000
9,9.037,1.078,30.880,70.956800
11,11.041,2.091,20.250,70.957600
13,13.045,3.104,22.440,70.958400
15,15.049,0.617,24.630,70.959200
9,9.021,1.130,29.420,70.984000
11,11.025,2.000,20.610,70.984800
13,13.029,3.013,22.800,70.985600
15,15.033,0.526,24.990,70.986400
9,9.037,1.039,30.180,70.987200
11,11.041,2.052,21.370,70.988000
13,13.045,3.065,23.560,70.988800
15,15.049,0.578,25.750,70.989600
17,17.042,1.500,26.000,71.014400
19,19.046,2.513,28.190,71.015200
21,21.050,0.026,30.380,71.016000
23,23.054,1.039,21.570,71.016800
17,17.058,1.552,26.760,71.017600
19,19.062,2.565,28.950,71.018400
21,21.066,0.078,31.140,71.019200
23,23.070,1.091,22.330,71.020000
17,17.042,1.604,27.120,71.044800
19,19.046,2.617,29.310,71.045600
21,21.050,0.130,31.500,71.046400
23,23.054,1.000,22.690,71.047200
17,17.058,1.513,27.880,71.048000
19,19.062,2.526,28.250,71.048800
21,21.066,0.039,30.440,71.049600
23,23.070,1.052,21.630,71.050400
17,17.042,1.565,26.420,71.075200
19,19.046,2.578,28.610,71.076000
21,21.050,0.091,30.800,71.076800
23,23.054,1.104,21.990,71.077600
17,17.058,1.617,27.180,71.078400
19,19.062,2.630,29.370,71.079200
21,21.066,0.000,31.560,71.080000
23,23.070,1.013,22.750,71.080800
17,17.042,1.526,27.540,71.105600
19,19.046,2.539,29.730,71.106400
21,21.050,0.052,30.100,71.107200
23,23.054,1.065,21.290,71.108000
17,17.058,1.578,26.480,71.108800
19,19.062,2.591,28.670,71.109600
21,21.066,0.104,30.860,71.110400
23,23.070,1.117,22.050,71.111200
17,17.042,1.630,26.840,71.136000
19,19.046,2.500,29.030,71.136800
21,21.050,0.013,31.220,71.137600
23,23.054,1.026,22.410,71.138400
17,17.058,1.539,27.600,71.139200
19,19.062,2.552,29.790,71.140000
21,21.066,0.065,31.980,71.140800
23,23.070,1.078,21.350,71.141600
17,17.042,1.591,26.140,71.166400
19,19.046,2.604,28.330,71.167200
21,21.050,0.117,30.520,71.168000
23,23.054,1.130,21.710,71.168800
17,17.058,1.500,26.900,71.169600
19,19.062,2.513,29.090,71.170400
21,21.066,0.026,31.280,71.171200
23,23.070,1.039,22.470,71.172000
17,17.042,1.552,27.260,71.196800
19,19.046,2.565,29.450,71.197600
21,21.050,0.078,31.640,71.198400
23,23.054,1.091,22.830,71.199200
17,17.058,1.604,26.200,71.200000
19,19.062,2.617,28.390,71.200800
21,21.066,0.130,30.580,71.201600
23,23.070,1.000,21.770,71.202400
17,17.042,1.513,26.560,71.227200
19,19.046,2.526,28.750,71.228000
21,21.050,0.039,30.940,71.228800
23,23.054,1.052,22.130,71.229600
17,17.058,1.565,27.320,71.230400
19,19.062,2.578,29.510,71.231200
21,21.066,0.091,31.700,71.232000
23,23.070,1.104,22.890,71.232800
17,17.042,1.617,27.680,71.257600
19,19.046,2.630,28.050,71.258400
21,21.050,0.000,30.240,71.259200
23,23.054,1.013,21.430,71.260000
17,17.058,1.526,26.620,71.260800
19,19.062,2.539,28.810,71.261600
21,21.066,0.052,31.000,71.262400
23,23.070,1.065,22.190,71.263200
17,17.042,1.578,26.980,71.288000
19,19.046,2.591,29.170,71.288800
21,21.050,0.104,31.360,71.289600
23,23.054,1.117,22.550,71.290400
17,17.058,1.630,27.740,71.291200
19,19.062,2.500,29.930,71.292000
21,21.066,0.013,30.300,71.292800
23,23.070,1.026,21.490,71.293600
17,17.042,1.539,26.280,71.318400
19,19.046,2.552,28.470,71.319200
21,21.050,0.065,30.660,71.320000
23,23.054,1.078,21.850,71.320800
17,17.058,1.591,27.040,71.321600
19,19.062,2.604,29.230,71.322400
21,21.066,0.117,31.420,71.323200
23,23.070,1.130,22.610,71.324000
17,17.042,1.500,27.400,71.348800
19,19.046,2.513,29.590,71.349600
21,21.050,0.026,31.780,71.350400
23,23.054,1.039,21.150,71.351200
17,17.058,1.552,26.340,71.352000
19,19.062,2.565,28.530,71.352800
21,21.066,0.078,30.720,71.353600
23,23.070,1.091,21.910,71.354400
17,17.042,1.604,26.700,71.379200
19,19.046,2.617,28.890,71.380000
21,21.050,0.130,31.080,71.380800
23,23.054,1.000,22.270,71.381600
17,17.058,1.513,27.460,71.382400
19,19.062,2.526,29.650,71.383200
21,21.066,0.039,31.840,71.384000
23,23.070,1.052,23.030,71.384800
17,17.042,1.565,26.000,71.409600
19,19.046,2.578,28.190,71.410400
21,21.050,0.091,30.380,71.411200
23,23.054,1.104,21.570,71.412000
17,17.058,1.617,26.760,71.412800
19,19.062,2.630,28.950,71.413600
21,21.066,0.000,31.140,71.414400
23,23.070,1.013,22.330,71.415200
17,17.042,1.526,27.120,71.440000
19,19.046,2.539,29.310,71.440800
21,21.050,0.052,31.500,71.441600
23,23.054,1.065,22.690,71.442400
17,17.058,1.578,27.880,71.443200
19,19.062,2.591,28.250,71.444000
21,21.066,0.104,30.440,71.444800
23,23.070,1.117,21.630,71.445600
17,17.042,1.630,26.420,71.470400
19,19.046,2.500,28.610,71.471200
21,21.050,0.013,30.800,71.472000
23,23.054,1.026,21.990,71.472800
17,17.058,1.539,27.180,71.473600
19,19.062,2.552,29.370,71.474400
21,21.066,0.065,31.560,71.475200
23,23.070,1.078,22.750,71.476000
1,1.063,0.500,21.000,71.500800
3,3.067,1.513,23.190,71.501600
5,5.071,2.526,25.380,71.502400
7,7.075,0.039,27.570,71.503200
1,1.079,0.552,21.760,71.504000
3,3.083,1.565,23.950,71.504800
5,5.087,2.578,26.140,71.505600
7,7.091,0.091,28.330,71.506400
1,1.063,0.604,22.120,71.531200
3,3.067,1.617,24.310,71.532000
5,5.071,2.630,26.500,71.532800
7,7.075,0.000,28.690,71.533600
1,1.079,0.513,22.880,71.534400
3,3.083,1.526,23.250,71.535200
5,5.087,2.539,25.440,71.536000
7,7.091,0.052,27.630,71.536800
1,1.063,0.565,21.420,71.561600
3,3.067,1.578,23.610,71.562400
5,5.071,2.591,25.800,71.563200
7,7.075,0.104,27.990,71.564000
1,1.079,0.617,22.180,71.564800
3,3.083,1.630,24.370,71.565600
5,5.087,2.500,26.560,71.566400
7,7.091,0.013,28.750,71.567200
1,1.063,0.526,22.540,71.592000
3,3.067,1.539,24.730,71.592800
5,5.071,2.552,25.100,71.593600
7,7.075,0.065,27.290,71.594400
1,1.079,0.578,21.480,71.595200
3,3.083,1.591,23.670,71.596000
5,5.087,2.604,25.860,71.596800
7,7.091,0.117,28.050,71.597600
1,1.063,0.630,21.840,71.622400
3,3.067,1.500,24.030,71.623200
5,5.071,2.513,26.220,71.624000
7,7.075,0.026,28.410,71.624800
1,1.079,0.539,22.600,71.625600
3,3.083,1.552,24.790,71.626400
5,5.087,2.565,26.980,71.627200
7,7.091,0.078,27.350,71.628000
1,1.063,0.591,21.140,71.652800
3,3.067,1.604,23.330,71.653600
5,5.071,2.617,25.520,71.654400
7,7.075,0.130,27.710,71.655200
1,1.079,0.500,21.900,71.656000
3,3.083,1.513,24.090,71.656800
5,5.087,2.526,26.280,71.657600
7,7.091,0.039,28.470,71.658400
1,1.063,0.552,22.260,71.683200
3,3.067,1.565,24.450,71.684000
5,5.071,2.578,26.640,71.684800
7,7.075,0.091,28.830,71.685600
1,1.079,0.604,21.200,71.686400
3,3.083,1.617,23.390,71.687200
5,5.087,2.630,25.580,71.688000
7,7.091,0.000,27.770,71.688800
1,1.063,0.513,21.560,71.713600
3,3.067,1.526,23.750,71.714400
5,5.071,2.539,25.940,71.715200
7,7.075,0.052,28.130,71.716000
1,1.079,0.565,22.320,71.716800
3,3.083,1.578,24.510,71.717600
5,5.087,2.591,26.700,71.718400
7,7.091,0.104,28.890,71.719200
1,1.063,0.617,22.680,71.744000
3,3.067,1.630,23.050,71.744800
5,5.071,2.500,25.240,71.745600
7,7.075,0.013,27.430,71.746400
1,1.079,0.526,21.620,71.747200
3,3.083,1.539,23.810,71.748000
5,5.087,2.552,26.000,71.748800
7,7.091,0.065,28.190,71.749600
1,1.063,0.578,21.980,71.774400
3,3.067,1.591,24.170,71.775200
5,5.071,2.604,26.360,71.776000
7,7.075,0.117,28.550,71.776800
1,1.079,0.630,22.740,71.777600
3,3.083,1.500,24.930,71.778400
5,5.087,2.513,25.300,71.779200
7,7.091,0.026,27.490,71.780000
1,1.063,0.539,21.280,71.804800
3,3.067,1.552,23.470,71.805600
5,5.071,2.565,25.660,71.806400
7,7.075,0.078,27.850,71.807200
1,1.079,0.591,22.040,71.808000
3,3.083,1.604,24.230,71.808800
5,5.087,2.617,26.420,71.809600
7,7.091,0.130,28.610,71.810400
1,1.063,0.500,22.400,71.835200
3,3.067,1.513,24.590,71.836000
5,5.071,2.526,26.780,71.836800
7,7.075,0.039,27.150,71.837600
1,1.079,0.552,21.340,71.838400
3,3.083,1.565,23.530,71.839200
5,5.087,2.578,25.720,71.840000
7,7.091,0.091,27.910,71.840800
1,1.063,0.604,21.700,71.865600
3,3.067,1.617,23.890,71.866400
5,5.071,2.630,26.080,71.867200
7,7.075,0.000,28.270,71.868000
1,1.079,0.513,22.460,71.868800
3,3.083,1.526,24.650,71.869600
5,5.087,2.539,26.840,71.870400
7,7.091,0.052,29.030,71.871200
1,1.063,0.565,21.000,71.896000
3,3.067,1.578,23.190,71.896800
5,5.071,2.591,25.380,71.897600
7,7.075,0.104,27.570,71.898400
1,1.079,0.617,21.760,71.899200
3,3.083,1.630,23.950,71.900000
5,5.087,2.500,26.140,71.900800
7,7.091,0.013,28.330,71.901600
1,1.063,0.526,22.120,71.926400
3,3.067,1.539,24.310,71.927200
5,5.071,2.552,26.500,71.928000
7,7.075,0.065,28.690,71.928800
1,1.079,0.578,22.880,71.929600
3,3.083,1.591,23.250,71.930400
5,5.087,2.604,25.440,71.931200
7,7.091,0.117,27.630,71.932000
1,1.063,0.630,21.420,71.956800
3,3.067,1.500,23.610,71.957600
5,5.071,2.513,25.800,71.958400
7,7.075,0.026,27.990,71.959200
1,1.079,0.539,22.180,71.960000
3,3.083,1.552,24.370,71.960800
5,5.087,2.565,26.560,71.961600
7,7.091,0.078,28.750,71.962400
9,9.084,1.000,29.000,71.987200
11,11.088,2.013,20.190,71.988000
13,13.092,3.026,22.380,71.988800
15,15.096,0.539,24.570,71.989600
9,9.100,1.052,29.760,71.990400
11,11.104,2.065,20.950,71.991200
13,13.108,3.078,23.140,71.992000
15,15.112,0.591,25.330,71.992800
9,9.084,1.104,30.120,72.017600
11,11.088,2.117,21.310,72.018400
13,13.092,3.130,23.500,72.019200
15,15.096,0.500,25.690,72.020000
9,9.100,1.013,30.880,72.020800
11,11.104,2.026,20.250,72.021600
13,13.108,3.039,22.440,72.022400
15,15.112,0.552,24.630,72.023200
9,9.084,1.065,29.420,72.048000
11,11.088,2.078,20.610,72.048800
13,13.092,3.091,22.800,72.049600
15,15.096,0.604,24.990,72.050400
9,9.100,1.117,30.180,72.051200
11,11.104,2.130,21.370,72.052000
13,13.108,3.000,23.560,72.052800
15,15.112,0.513,25.750,72.053600
9,9.084,1.026,30.540,72.078400
11,11.088,2.039,21.730,72.079200
13,13.092,3.052,22.100,72.080000
15,15.096,0.565,24.290,72.080800
9,9.100,1.078,29.480,72.081600
11,11.104,2.091,20.670,72.082400
13,13.108,3.104,22.860,72.083200
15,15.112,0.617,25.050,72.084000
9,9.084,1.130,29.840,72.108800
11,11.088,2.000,21.030,72.109600
13,13.092,3.013,23.220,72.110400
15,15.096,0.526,25.410,72.111200
9,9.100,1.039,30.600,72.112000
11,11.104,2.052,21.790,72.112800
13,13.108,3.065,23.980,72.113600
15,15.112,0.578,24.350,72.114400
9,9.084,1.091,29.140,72.139200
11,11.088,2.104,20.330,72.140000
13,13.092,3.117,22.520,72.140800
15,15.096,0.630,24.710,72.141600
9,9.100,1.000,29.900,72.142400
11,11.104,2.013,21.090,72.143200
13,13.108,3.026,23.280,72.144000
15,15.112,0.539,25.470,72.144800
9,9.084,1.052,30.260,72.169600
11,11.088,2.065,21.450,72.170400
13,13.092,3.078,23.640,72.171200
15,15.096,0.591,25.830,72.172000
9,9.100,1.104,29.200,72.172800
11,11.104,2.117,20.390,72.173600
13,13.108,3.130,22.580,72.174400
15,15.112,0.500,24.770,72.175200
9,9.084,1.013,29.560,72.200000
11,11.088,2.026,20.750,72.200800
13,13.092,3.039,22.940,72.201600
15,15.096,0.552,25.130,72.202400
9,9.100,1.065,30.320,72.203200
11,11.104,2.078,21.510,72.204000
13,13.108,3.091,23.700,72.204800
15,15.112,0.604,25.890,72.205600
9,9.084,1.117,30.680,72.230400
11,11.088,2.130,20.050,72.231200
13,13.092,3.000,22.240,72.232000
15,15.096,0.513,24.430,72.232800
9,9.100,1.026,29.620,72.233600
11,11.104,2.039,20.810,72.234400
13,13.108,3.052,23.000,72.235200
15,15.112,0.565,25.190,72.236000
9,9.084,1.078,29.980,72.260800
11,11.088,2.091,21.170,72.261600
13,13.092,3.104,23.360,72.262400
15,15.096,0.617,25.550,72.263200
9,9.100,1.130,30.740,72.264000
11,11.104,2.000,21.930,72.264800
13,13.108,3.013,22.300,72.265600
15,15.112,0.526,24.490,72.266400
9,9.084,1.039,29.280,72.291200
11,11.088,2.052,20.470,72.292000
13,13.092,3.065,22.660,72.292800
15,15.096,0.578,24.850,72.293600
9,9.100,1.091,30.040,72.294400
11,11.104,2.104,21.230,72.295200
13,13.108,3.117,23.420,72.296000
15,15.112,0.630,25.610,72.296800
9,9.084,1.000,30.400,72.321600
11,11.088,2.013,21.590,72.322400
13,13.092,3.026,23.780,72.323200
15,15.096,0.539,24.150,72.324000
9,9.100,1.052,29.340,72.324800
11,11.104,2.065,20.530,72.325600
13,13.108,3.078,22.720,72.326400
15,15.112,0.591,24.910,72.327200
9,9.084,1.104,29.700,72.352000
11,11.088,2.117,20.890,72.352800
13,13.092,3.130,23.080,72.353600
15,15.096,0.500,25.270,72.354400
9,9.100,1.013,30.460,72.355200
11,11.104,2.026,21.650,72.356000
13,13.108,3.039,23.840,72.356800
15,15.112,0.552,26.030,72.357600
9,9.084,1.065,29.000,72.382400
11,11.088,2.078,20.190,72.383200
13,13.092,3.091,22.380,72.384000
15,15.096,0.604,24.570,72.384800
9,9.100,1.117,29.760,72.385600
11,11.104,2.130,20.950,72.386400
13,13.108,3.000,23.140,72.387200
15,15.112,0.513,25.330,72.388000
9,9.084,1.026,30.120,72.412800
11,11.088,2.039,21.310,72.413600
13,13.092,3.052,23.500,72.414400
15,15.096,0.565,25.690,72.415200
9,9.100,1.078,30.880,72.416000
11,11.104,2.091,20.250,72.416800
13,13.108,3.104,22.440,72.417600
15,15.112,0.617,24.630,72.418400
9,9.084,1.130,29.420,72.443200
11,11.088,2.000,20.610,72.444000
13,13.092,3.013,22.800,72.444800
15,15.096,0.526,24.990,72.445600
9,9.100,1.039,30.180,72.446400
11,11.104,2.052,21.370,72.447200
13,13.108,3.065,23.560,72.448000
15,15.112,0.578,25.750,72.448800
17,17.105,1.500,26.000,72.473600
19,19.109,2.513,28.190,72.474400
21,21.113,0.026,30.380,72.475200
23,23.117,1.039,21.570,72.476000
17,17.121,1.552,26.760,72.476800
19,19.125,2.565,28.950,72.477600
21,21.129,0.078,31.140,72.478400
23,23.133,1.091,22.330,72.479200
17,17.105,1.604,27.120,72.504000
19,19.109,2.617,29.310,72.504800
21,21.113,0.130,31.500,72.505600
23,23.117,1.000,22.690,72.506400
17,17.121,1.513,27.880,72.507200
19,19.125,2.526,28.250,72.508000
21,21.129,0.039,30.440,72.508800
23,23.133,1.052,21.630,72.509600
17,17.105,1.565,26.420,72.534400
19,19.109,2.578,28.610,72.535200
21,21.113,0.091,30.800,72.536000
23,23.117,1.104,21.990,72.536800
17,17.121,1.617,27.180,72.537600
19,19.125,2.630,29.370,72.538400
21,21.129,0.000,31.560,72.539200
23,23.133,1.013,22.750,72.540000
17,17.105,1.526,27.540,72.564800
19,19.109,2.539,29.730,72.565600
21,21.113,0.052,30.100,72.566400
23,23.117,1.065,21.290,72.567200
17,17.121,1.578,26.480,72.568000
19,19.125,2.591,28.670,72.568800
21,21.129,0.104,30.860,72.569600
23,23.133,1.117,22.050,72.570400
17,17.105,1.630,26.840,72.595200
19,19.109,2.500,29.030,72.596000
21,21.113,0.013,31.220,72.596800
23,23.117,1.026,22.410,72.597600
17,17.121,1.539,27.600,72.598400
19,19.125,2.552,29.790,72.599200
21,21.129,0.065,31.980,72.600000
23,23.133,1.078,21.350,72.600800
17,17.105,1.591,26.140,72.625600
19,19.109,2.604,28.330,72.626400
21,21.113,0.117,30.520,72.627200
23,23.117,1.130,21.710,72.628000
17,17.121,1.500,26.900,72.628800
19,19.125,2.513,29.090,72.629600
21,21.129,0.026,31.280,72.630400
23,23.133,1.039,22.470,72.631200
17,17.105,1.552,27.260,72.656000
19,19.109,2.565,29.450,72.656800
21,21.113,0.078,31.640,72.657600
23,23.117,1.091,22.830,72.658400
17,17.121,1.604,26.200,72.659200
19,19.125,2.617,28.390,72.660000
21,21.129,0.130,30.580,72.660800
23,23.133,1.000,21.770,72.661600
17,17.105,1.513,26.560,72.686400
19,19.109,2.526,28.750,72.687200
21,21.113,0.039,30.940,72.688000
23,23.117,1.052,22.130,72.688800
17,17.121,1.565,27.320,72.689600
19,19.125,2.578,29.510,72.690400
21,21.129,0.091,31.700,72.691200
23,23.133,1.104,22.890,72.692000
17,17.105,1.617,27.680,72.716800
19,19.109,2.630,28.050,72.717600
21,21.113,0.000,30.240,72.718400
23,23.117,1.013,21.430,72.719200
17,17.121,1.526,26.620,72.720000
19,19.125,2.539,28.810,72.720800
21,21.129,0.052,31.000,72.721600
23,23.133,1.065,22.190,72.722400
17,17.105,1.578,26.980,72.747200
19,19.109,2.591,29.170,72.748000
21,21.113,0.104,31.360,72.748800
23,23.117,1.117,22.550,72.749600
17,17.121,1.630,27.740,72.750400
19,19.125,2.500,29.930,72.751200
21,21.129,0.013,30.300,72.752000
23,23.133,1.026,21.490,72.752800
17,17.105,1.539,26.280,72.777600
19,19.109,2.552,28.470,72.778400
21,21.113,0.065,30.660,72.779200
23,23.117,1.078,21.850,72.780000
17,17.121,1.591,27.040,72.780800
19,19.125,2.604,29.230,72.781600
21,21.129,0.117,31.420,72.782400
23,23.133,1.130,22.610,72.783200
17,17.105,1.500,27.400,72.808000
19,19.109,2.513,29.590,72.808800
21,21.113,0.026,31.780,72.809600
23,23.117,1.039,21.150,72.810400
17,17.121,1.552,26.340,72.811200
19,19.125,2.565,28.530,72.812000
21,21.129,0.078,30.720,72.812800
23,23.133,1.091,21.910,72.813600
17,17.105,1.604,26.700,72.838400
19,19.109,2.617,28.890,72.839200
21,21.113,0.130,31.080,72.840000
23,23.117,1.000,22.270,72.840800
17,17.121,1.513,27.460,72.841600
19,19.125,2.526,29.650,72.842400
21,21.129,0.039,31.840,72.843200
23,23.133,1.052,23.030,72.844000
17,17.105,1.565,26.000,72.868800
19,19.109,2.578,28.190,72.869600
21,21.113,0.091,30.380,72.870400
23,23.117,1.104,21.570,72.871200
17,17.121,1.617,26.760,72.872000
19,19.125,2.630,28.950,72.872800
21,21.129,0.000,31.140,72.873600
23,23.133,1.013,22.330,72.874400
17,17.105,1.526,27.120,72.899200
19,19.109,2.539,29.310,72.900000
21,21.113,0.052,31.500,72.900800
23,23.117,1.065,22.690,72.901600
17,17.121,1.578,27.880,72.902400
19,19.125,2.591,28.250,72.903200
21,21.129,0.104,30.440,72.904000
23,23.133,1.117,21.630,72.904800
17,17.105,1.630,26.420,72.929600
19,19.109,2.500,28.610,72.930400
21,21.113,0.013,30.800,72.931200
23,23.117,1.026,21.990,72.932000
17,17.121,1.539,27.180,72.932800
19,19.125,2.552,29.370,72.933600
21,21.129,0.065,31.560,72.934400
23,23.133,1.078,22.750,72.935200
1,1.126,0.500,21.000,72.960000
3,3.130,1.513,23.190,72.960800
5,5.134,2.526,25.380,72.961600
7,7.138,0.039,27.570,72.962400
1,1.142,0.552,21.760,72.963200
3,3.146,1.565,23.950,72.964000
5,5.150,2.578,26.140,72.964800
7,7.154,0.091,28.330,72.965600
1,1.126,0.604,22.120,72.990400
3,3.130,1.617,24.310,72.991200
5,5.134,2.630,26.500,72.992000
7,7.138,0.000,28.690,72.992800
1,1.142,0.513,22.880,72.993600
3,3.146,1.526,23.250,72.994400
5,5.150,2.539,25.440,72.995200
7,7.154,0.052,27.630,72.996000
1,1.126,0.565,21.420,73.020800
3,3.130,1.578,23.610,73.021600
5,5.134,2.591,25.800,73.022400
7,7.138,0.104,27.990,73.023200
1,1.142,0.617,22.180,73.024000
3,3.146,1.630,24.370,73.024800
5,5.150,2.500,26.560,73.025600
7,7.154,0.013,28.750,73.026400
1,1.126,0.526,22.540,73.051200
3,3.130,1.539,24.730,73.052000
5,5.134,2.552,25.100,73.052800
7,7.138,0.065,27.290,73.053600
1,1.142,0.578,21.480,73.054400
3,3.146,1.591,23.670,73.055200
5,5.150,2.604,25.860,73.056000
7,7.154,0.117,28.050,73.056800
1,1.126,0.630,21.840,73.081600
3,3.130,1.500,24.030,73.082400
5,5.134,2.513,26.220,73.083200
7,7.138,0.026,28.410,73.084000
1,1.142,0.539,22.600,73.084800
3,3.146,1.552,24.790,73.085600
5,5.150,2.565,26.980,73.086400
7,7.154,0.078,27.350,73.087200
1,1.126,0.591,21.140,73.112000
3,3.130,1.604,23.330,73.112800
5,5.134,2.617,25.520,73.113600
7,7.138,0.130,27.710,73.114400
1,1.142,0.500,21.900,73.115200
3,3.146,1.513,24.090,73.116000
5,5.150,2.526,26.280,73.116800
7,7.154,0.039,28.470,73.117600
1,1.126,0.552,22.260,73.142400
3,3.130,1.565,24.450,73.143200
5,5.134,2.578,26.640,73.144000
7,7.138,0.091,28.830,73.144800
1,1.142,0.604,21.200,73.145600
3,3.146,1.617,23.390,73.146400
5,5.150,2.630,25.580,73.147200
7,7.154,0.000,27.770,73.148000
1,1.126,0.513,21.560,73.172800
3,3.130,1.526,23.750,73.173600
5,5.134,2.539,25.940,73.174400
7,7.138,0.052,28.130,73.175200
1,1.142,0.565,22.320,73.176000
3,3.146,1.578,24.510,73.176800
5,5.150,2.591,26.700,73.177600
7,7.154,0.104,28.890,73.178400
1,1.126,0.617,22.680,73.203200
3,3.130,1.630,23.050,73.204000
5,5.134,2.500,25.240,73.204800
7,7.138,0.013,27.430,73.205600
1,1.142,0.526,21.620,73.206400
3,3.146,1.539,23.810,73.207200
5,5.150,2.552,26.000,73.208000
7,7.154,0.065,28.190,73.208800
1,1.126,0.578,21.980,73.233600
3,3.130,1.591,24.170,73.234400
5,5.134,2.604,26.360,73.235200
7,7.138,0.117,28.550,73.236000
1,1.142,0.630,22.740,73.236800
3,3.146,1.500,24.930,73.237600
5,5.150,2.513,25.300,73.238400
7,7.154,0.026,27.490,73.239200
1,1.126,0.539,21.280,73.264000
3,3.130,1.552,23.470,73.264800
5,5.134,2.565,25.660,73.265600
7,7.138,0.078,27.850,73.266400
1,1.142,0.591,22.040,73.267200
3,3.146,1.604,24.230,73.268000
5,5.150,2.617,26.420,73.268800
7,7.154,0.130,28.610,73.269600
1,1.126,0.500,22.400,73.294400
3,3.130,1.513,24.590,73.295200
5,5.134,2.526,26.780,73.296000
7,7.138,0.039,27.150,73.296800
1,1.142,0.552,21.340,73.297600
3,3.146,1.565,23.530,73.298400
5,5.150,2.578,25.720,73.299200
7,7.154,0.091,27.910,73.300000
1,1.126,0.604,21.700,73.324800
3,3.130,1.617,23.890,73.325600
5,5.134,2.630,26.080,73.326400
7,7.138,0.000,28.270,73.327200
1,1.142,0.513,22.460,73.328000
3,3.146,1.526,24.650,73.328800
5,5.150,2.539,26.840,73.329600
7,7.154,0.052,29.030,73.330400
1,1.126,0.565,21.000,73.355200
3,3.130,1.578,23.190,73.356000
5,5.134,2.591,25.380,73.356800
7,7.138,0.104,27.570,73.357600
1,1.142,0.617,21.760,73.358400
3,3.146,1.630,23.950,73.359200
5,5.150,2.500,26.140,73.360000
7,7.154,0.013,28.330,73.360800
1,1.126,0.526,22.120,73.385600
3,3.130,1.539,24.310,73.386400
5,5.134,2.552,26.500,73.387200
7,7.138,0.065,28.690,73.388000
1,1.142,0.578,22.880,73.388800
3,3.146,1.591,23.250,73.389600
5,5.150,2.604,25.440,73.390400
7,7.154,0.117,27.630,73.391200
1,1.126,0.630,21.420,73.416000
3,3.130,1.500,23.610,73.416800
5,5.134,2.513,25.800,73.417600
7,7.138,0.026,27.990,73.418400
1,1.142,0.539,22.180,73.419200
3,3.146,1.552,24.370,73.420000
5,5.150,2.565,26.560,73.420800
7,7.154,0.078,28.750,73.421600
9,9.147,1.000,29.000,73.446400
11,11.151,2.013,20.190,73.447200
13,13.155,3.026,22.380,73.448000
15,15.159,0.539,24.570,73.448800
9,9.163,1.052,29.760,73.449600
11,11.167,2.065,20.950,73.450400
13,13.171,3.078,23.140,73.451200
15,15.175,0.591,25.330,73.452000
9,9.147,1.104,30.120,73.476800
11,11.151,2.117,21.310,73.477600
13,13.155,3.130,23.500,73.478400
15,15.159,0.500,25.690,73.479200
9,9.163,1.013,30.880,73.480000
11,11.167,2.026,20.250,73.480800
13,13.171,3.039,22.440,73.481600
15,15.175,0.552,24.630,73.482400
9,9.147,1.065,29.420,73.507200
11,11.151,2.078,20.610,73.508000
13,13.155,3.091,22.800,73.508800
15,15.159,0.604,24.990,73.509600
9,9.163,1.117,30.180,73.510400
11,11.167,2.130,21.370,73.511200
13,13.171,3.000,23.560,73.512000
15,15.175,0.513,25.750,73.512800
9,9.147,1.026,30.540,73.537600
11,11.151,2.039,21.730,73.538400
13,13.155,3.052,22.100,73.539200
15,15.159,0.565,24.290,73.540000
9,9.163,1.078,29.480,73.540800
11,11.167,2.091,20.670,73.541600
13,13.171,3.104,22.860,73.542400
15,15.175,0.617,25.050,73.543200
9,9.147,1.130,29.840,73.568000
11,11.151,2.000,21.030,73.568800
13,13.155,3.013,23.220,73.569600
15,15.159,0.526,25.410,73.570400
9,9.163,1.039,30.600,73.571200
11,11.167,2.052,21.790,73.572000
13,13.171,3.065,23.980,73.572800
15,15.175,0.578,24.350,73.573600
9,9.147,1.091,29.140,73.598400
11,11.151,2.104,20.330,73.599200
13,13.155,3.117,22.520,73.600000
15,15.159,0.630,24.710,73.600800
9,9.163,1.000,29.900,73.601600
11,11.167,2.013,21.090,73.602400
13,13.171,3.026,23.280,73.603200
15,15.175,0.539,25.470,73.604000
9,9.147,1.052,30.260,73.628800
11,11.151,2.065,21.450,73.629600
13,13.155,3.078,23.640,73.630400
15,15.159,0.591,25.830,73.631200
9,9.163,1.104,29.200,73.632000
11,11.167,2.117,20.390,73.632800
13,13.171,3.130,22.580,73.633600
15,15.175,0.500,24.770,73.634400
9,9.147,1.013,29.560,73.659200
11,11.151,2.026,20.750,73.660000
13,13.155,3.039,22.940,73.660800
15,15.159,0.552,25.130,73.661600
9,9.163,1.065,30.320,73.662400
11,11.167,2.078,21.510,73.663200
13,13.171,3.091,23.700,73.664000
15,15.175,0.604,25.890,73.664800
9,9.147,1.117,30.680,73.689600
11,11.151,2.130,20.050,73.690400
13,13.155,3.000,22.240,73.691200
15,15.159,0.513,24.430,73.692000
9,9.163,1.026,29.620,73.692800
11,11.167,2.039,20.810,73.693600
13,13.171,3.052,23.000,73.694400
15,15.175,0.565,25.190,73.695200
9,9.147,1.078,29.980,73.720000
11,11.151,2.091,21.170,73.720800
13,13.155,3.104,23.360,73.721600
15,15.159,0.617,25.550,73.722400
9,9.163,1.130,30.740,73.723200
11,11.167,2.000,21.930,73.724000
13,13.171,3.013,22.300,73.724800
15,15.175,0.526,24.490,73.725600
9,9.147,1.039,29.280,73.750400
11,11.151,2.052,20.470,73.751200
13,13.155,3.065,22.660,73.752000
15,15.159,0.578,24.850,73.752800
9,9.163,1.091,30.040,73.753600
11,11.167,2.104,21.230,73.754400
13,13.171,3.117,23.420,73.755200
15,15.175,0.630,25.610,73.756000
9,9.147,1.000,30.400,73.780800
11,11.151,2.013,21.590,73.781600
13,13.155,3.026,23.780,73.782400
15,15.159,0.539,24.150,73.783200
9,9.163,1.052,29.340,73.784000
11,11.167,2.065,20.530,73.784800
13,13.171,3.078,22.720,73.785600
15,15.175,0.591,24.910,73.786400
9,9.147,1.104,29.700,73.811200
11,11.151,2.117,20.890,73.812000
13,13.155,3.130,23.080,73.812800
15,15.159,0.500,25.270,73.813600
9,9.163,1.013,30.460,73.814400
11,11.167,2.026,21.650,73.815200
13,13.171,3.039,23.840,73.816000
15,15.175,0.552,26.030,73.816800
9,9.147,1.065,29.000,73.841600
11,11.151,2.078,20.190,73.842400
13,13.155,3.091,22.380,73.843200
15,15.159,0.604,24.570,73.844000
9,9.163,1.117,29.760,73.844800
11,11.167,2.130,20.950,73.845600
13,13.171,3.000,23.140,73.846400
15,15.175,0.513,25.330,73.847200
9,9.147,1.026,30.120,73.872000
11,11.151,2.039,21.310,73.872800
13,13.155,3.052,23.500,73.873600
15,15.159,0.565,25.690,73.874400
9,9.163,1.078,30.880,73.875200
11,11.167,2.091,20.250,73.876000
13,13.171,3.104,22.440,73.876800
15,15.175,0.617,24.630,73.877600
9,9.147,1.130,29.420,73.902400
11,11.151,2.000,20.610,73.903200
13,13.155,3.013,22.800,73.904000
15,15.159,0.526,24.990,73.904800
9,9.163,1.039,30.180,73.905600
11,11.167,2.052,21.370,73.906400
13,13.171,3.065,23.560,73.907200
15,15.175,0.578,25.750,73.908000
17,17.168,1.500,26.000,73.932800
19,19.172,2.513,28.190,73.933600
21,21.176,0.026,30.380,73.934400
23,23.180,1.039,21.570,73.935200
17,17.184,1.552,26.760,73.936000
19,19.188,2.565,28.950,73.936800
21,21.192,0.078,31.140,73.937600
23,23.196,1.091,22.330,73.938400
17,17.168,1.604,27.120,73.963200
19,19.172,2.617,29.310,73.964000
21,21.176,0.130,31.500,73.964800
23,23.180,1.000,22.690,73.965600
17,17.184,1.513,27.880,73.966400
19,19.188,2.526,28.250,73.967200
21,21.192,0.039,30.440,73.968000
23,23.196,1.052,21.630,73.968800
17,17.168,1.565,26.420,73.993600
19,19.172,2.578,28.610,73.994400
21,21.176,0.091,30.800,73.995200
23,23.180,1.104,21.990,73.996000
17,17.184,1.617,27.180,73.996800
19,19.188,2.630,29.370,73.997600
21,21.192,0.000,31.560,73.998400
23,23.196,1.013,22.750,73.999200
17,17.168,1.526,27.540,74.024000
19,19.172,2.539,29.730,74.024800
21,21.176,0.052,30.100,74.025600
23,23.180,1.065,21.290,74.026400
17,17.184,1.578,26.480,74.027200
19,19.188,2.591,28.670,74.028000
21,21.192,0.104,30.860,74.028800
23,23.196,1.117,22.050,74.029600
17,17.168,1.630,26.840,74.054400
19,19.172,2.500,29.030,74.055200
21,21.176,0.013,31.220,74.056000
23,23.180,1.026,22.410,74.056800
17,17.184,1.539,27.600,74.057600
19,19.188,2.552,29.790,74.058400
21,21.192,0.065,31.980,74.059200
23,23.196,1.078,21.350,74.060000
17,17.168,1.591,26.140,74.084800
19,19.172,2.604,28.330,74.085600
21,21.176,0.117,30.520,74.086400
23,23.180,1.130,21.710,74.087200
17,17.184,1.500,26.900,74.088000
19,19.188,2.513,29.090,74.088800
21,21.192,0.026,31.280,74.089600
23,23.196,1.039,22.470,74.090400
17,17.168,1.552,27.260,74.115200
19,19.172,2.565,29.450,74.116000
21,21.176,0.078,31.640,74.116800
23,23.180,1.091,22.830,74.117600
17,17.184,1.604,26.200,74.118400
19,19.188,2.617,28.390,74.119200
21,21.192,0.130,30.580,74.120000
23,23.196,1.000,21.770,74.120800
17,17.168,1.513,26.560,74.145600
19,19.172,2.526,28.750,74.146400
21,21.176,0.039,30.940,74.147200
23,23.180,1.052,22.130,74.148000
17,17.184,1.565,27.320,74.148800
19,19.188,2.578,29.510,74.149600
21,21.192,0.091,31.700,74.150400
23,23.196,1.104,22.890,74.151200
17,17.168,1.617,27.680,74.176000
19,19.172,2.630,28.050,74.176800
21,21.176,0.000,30.240,74.177600
23,23.180,1.013,21.430,74.178400
17,17.184,1.526,26.620,74.179200
19,19.188,2.539,28.810,74.180000
21,21.192,0.052,31.000,74.180800
23,23.196,1.065,22.190,74.181600
17,17.168,1.578,26.980,74.206400
19,19.172,2.591,29.170,74.207200
21,21.176,0.104,31.360,74.208000
23,23.180,1.117,22.550,74.208800
17,17.184,1.630,27.740,74.209600
19,19.188,2.500,29.930,74.210400
21,21.192,0.013,30.300,74.211200
23,23.196,1.026,21.490,74.212000
17,17.168,1.539,26.280,74.236800
19,19.172,2.552,28.470,74.237600
21,21.176,0.065,30.660,74.238400
23,23.180,1.078,21.850,74.239200
17,17.184,1.591,27.040,74.240000
19,19.188,2.604,29.230,74.240800
21,21.192,0.117,31.420,74.241600
23,23.196,1.130,22.610,74.242400
17,17.168,1.500,27.400,74.267200
19,19.172,2.513,29.590,74.268000
21,21.176,0.026,31.780,74.268800
23,23.180,1.039,21.150,74.269600
17,17.184,1.552,26.340,74.270400
19,19.188,2.565,28.530,74.271200
21,21.192,0.078,30.720,74.272000
23,23.196,1.091,21.910,74.272800
17,17.168,1.604,26.700,74.297600
19,19.172,2.617,28.890,74.298400
21,21.176,0.130,31.080,74.299200
23,23.180,1.000,22.270,74.300000
17,17.184,1.513,27.460,74.300800
19,19.188,2.526,29.650,74.301600
21,21.192,0.039,31.840,74.302400
23,23.196,1.052,23.030,74.303200
17,17.168,1.565,26.000,74.328000
19,19.172,2.578,28.190,74.328800
21,21.176,0.091,30.380,74.329600
23,23.180,1.104,21.570,74.330400
17,17.184,1.617,26.760,74.331200
19,19.188,2.630,28.950,74.332000
21,21.192,0.000,31.140,74.332800
23,23.196,1.013,22.330,74.333600
17,17.168,1.526,27.120,74.358400
19,19.172,2.539,29.310,74.359200
21,21.176,0.052,31.500,74.360000
23,23.180,1.065,22.690,74.360800
17,17.184,1.578,27.880,74.361600
19,19.188,2.591,28.250,74.362400
21,21.192,0.104,30.440,74.363200
23,23.196,1.117,21.630,74.364000
17,17.168,1.630,26.420,74.388800
19,19.172,2.500,28.610,74.389600
21,21.176,0.013,30.800,74.390400
23,23.180,1.026,21.990,74.391200
17,17.184,1.539,27.180,74.392000
19,19.188,2.552,29.370,74.392800
21,21.192,0.065,31.560,74.393600
23,23.196,1.078,22.750,74.394400
1,1.000,0.500,21.000,74.419200
3,3.004,1.513,23.190,74.420000
5,5.008,2.526,25.380,74.420800
7,7.012,0.039,27.570,74.421600
1,1.016,0.552,21.760,74.422400
3,3.020,1.565,23.950,74.423200
5,5.024,2.578,26.140,74.424000
7,7.028,0.091,28.330,74.424800
1,1.000,0.604,22.120,74.449600
3,3.004,1.617,24.310,74.450400
5,5.008,2.630,26.500,74.451200
7,7.012,0.000,28.690,74.452000
1,1.016,0.513,22.880,74.452800
3,3.020,1.526,23.250,74.453600
5,5.024,2.539,25.440,74.454400
7,7.028,0.052,27.630,74.455200
1,1.000,0.565,21.420,74.480000
3,3.004,1.578,23.610,74.480800
5,5.008,2.591,25.800,74.481600
7,7.012,0.104,27.990,74.482400
1,1.016,0.617,22.180,74.483200
3,3.020,1.630,24.370,74.484000
5,5.024,2.500,26.560,74.484800
7,7.028,0.013,28.750,74.485600
1,1.000,0.526,22.540,74.510400
3,3.004,1.539,24.730,74.511200
5,5.008,2.552,25.100,74.512000
7,7.012,0.065,27.290,74.512800
1,1.016,0.578,21.480,74.513600
3,3.020,1.591,23.670,74.514400
5,5.024,2.604,25.860,74.515200
7,7.028,0.117,28.050,74.516000
1,1.000,0.630,21.840,74.540800
3,3.004,1.500,24.030,74.541600
5,5.008,2.513,26.220,74.542400
7,7.012,0.026,28.410,74.543200
1,1.016,0.539,22.600,74.544000
3,3.020,1.552,24.790,74.544800
5,5.024,2.565,26.980,74.545600
7,7.028,0.078,27.350,74.546400
1,1.000,0.591,21.140,74.571200
3,3.004,1.604,23.330,74.572000
5,5.008,2.617,25.520,74.572800
7,7.012,0.130,27.710,74.573600
1,1.016,0.500,21.900,74.574400
3,3.020,1.513,24.090,74.575200
5,5.024,2.526,26.280,74.576000
7,7.028,0.039,28.470,74.576800
1,1.000,0.552,22.260,74.601600
3,3.004,1.565,24.450,74.602400
5,5.008,2.578,26.640,74.603200
7,7.012,0.091,28.830,74.604000
1,1.016,0.604,21.200,74.604800
3,3.020,1.617,23.390,74.605600
5,5.024,2.630,25.580,74.606400
7,7.028,0.000,27.770,74.607200
1,1.000,0.513,21.560,74.632000
3,3.004,1.526,23.750,74.632800
5,5.008,2.539,25.940,74.633600
7,7.012,0.052,28.130,74.634400
1,1.016,0.565,22.320,74.635200
3,3.020,1.578,24.510,74.636000
5,5.024,2.591,26.700,74.636800
7,7.028,0.104,28.890,74.637600
1,1.000,0.617,22.680,74.662400
3,3.004,1.630,23.050,74.663200
5,5.008,2.500,25.240,74.664000
7,7.012,0.013,27.430,74.664800
1,1.016,0.526,21.620,74.665600
3,3.020,1.539,23.810,74.666400
5,5.024,2.552,26.000,74.667200
7,7.028,0.065,28.190,74.668000
1,1.000,0.578,21.980,74.692800
3,3.004,1.591,24.170,74.693600
5,5.008,2.604,26.360,74.694400
7,7.012,0.117,28.550,74.695200
1,1.016,0.630,22.740,74.696000
3,3.020,1.500,24.930,74.696800
5,5.024,2.513,25.300,74.697600
7,7.028,0.026,27.490,74.698400
1,1.000,0.539,21.280,74.723200
3,3.004,1.552,23.470,74.724000
5,5.008,2.565,25.660,74.724800
7,7.012,0.078,27.850,74.725600
1,1.016,0.591,22.040,74.726400
3,3.020,1.604,24.230,74.727200
5,5.024,2.617,26.420,74.728000
7,7.028,0.130,28.610,74.728800
1,1.000,0.500,22.400,74.753600
3,3.004,1.513,24.590,74.754400
5,5.008,2.526,26.780,74.755200
7,7.012,0.039,27.150,74.756000
1,1.016,0.552,21.340,74.756800
3,3.020,1.565,23.530,74.757600
5,5.024,2.578,25.720,74.758400
7,7.028,0.091,27.910,74.759200
1,1.000,0.604,21.700,74.784000
3,3.004,1.617,23.890,74.784800
5,5.008,2.630,26.080,74.785600
7,7.012,0.000,28.270,74.786400
1,1.016,0.513,22.460,74.787200
3,3.020,1.526,24.650,74.788000
5,5.024,2.539,26.840,74.788800
7,7.028,0.052,29.030,74.789600
1,1.000,0.565,21.000,74.814400
3,3.004,1.578,23.190,74.815200
5,5.008,2.591,25.380,74.816000
7,7.012,0.104,27.570,74.816800
1,1.016,0.617,21.760,74.817600
3,3.020,1.630,23.950,74.818400
5,5.024,2.500,26.140,74.819200
7,7.028,0.013,28.330,74.820000
1,1.000,0.526,22.120,74.844800
3,3.004,1.539,24.310,74.845600
5,5.008,2.552,26.500,74.846400
7,7.012,0.065,28.690,74.847200
1,1.016,0.578,22.880,74.848000
3,3.020,1.591,23.250,74.848800
5,5.024,2.604,25.440,74.849600
7,7.028,0.117,27.630,74.850400
1,1.000,0.630,21.420,74.875200
3,3.004,1.500,23.610,74.876000
5,5.008,2.513,25.800,74.876800
7,7.012,0.026,27.990,74.877600
1,1.016,0.539,22.180,74.878400
3,3.020,1.552,24.370,74.879200
5,5.024,2.565,26.560,74.880000
7,7.028,0.078,28.750,74.880800
9,9.021,1.000,29.000,74.905600
11,11.025,2.013,20.190,74.906400
13,13.029,3.026,22.380,74.907200
15,15.033,0.539,24.570,74.908000
9,9.037,1.052,29.760,74.908800
11,11.041,2.065,20.950,74.909600
13,13.045,3.078,23.140,74.910400
15,15.049,0.591,25.330,74.911200
9,9.021,1.104,30.120,74.936000
11,11.025,2.117,21.310,74.936800
13,13.029,3.130,23.500,74.937600
15,15.033,0.500,25.690,74.938400
9,9.037,1.013,30.880,74.939200
11,11.041,2.026,20.250,74.940000
13,13.045,3.039,22.440,74.940800
15,15.049,0.552,24.630,74.941600
9,9.021,1.065,29.420,74.966400
11,11.025,2.078,20.610,74.967200
13,13.029,3.091,22.800,74.968000
15,15.033,0.604,24.990,74.968800
9,9.037,1.117,30.180,74.969600
11,11.041,2.130,21.370,74.970400
13,13.045,3.000,23.560,74.971200
15,15.049,0.513,25.750,74.972000
9,9.021,1.026,30.540,74.996800
11,11.025,2.039,21.730,74.997600
13,13.029,3.052,22.100,74.998400
15,15.033,0.565,24.290,74.999200
9,9.037,1.078,29.480,75.000000
11,11.041,2.091,20.670,75.000800
13,13.045,3.104,22.860,75.001600
15,15.049,0.617,25.050,75.002400
9,9.021,1.130,29.840,75.027200
11,11.025,2.000,21.030,75.028000
13,13.029,3.013,23.220,75.028800
15,15.033,0.526,25.410,75.029600
9,9.037,1.039,30.600,75.030400
11,11.041,2.052,21.790,75.031200
13,13.045,3.065,23.980,75.032000
15,15.049,0.578,24.350,75.032800
9,9.021,1.091,29.140,75.057600
11,11.025,2.104,20.330,75.058400
13,13.029,3.117,22.520,75.059200
15,15.033,0.630,24.710,75.060000
9,9.037,1.000,29.900,75.060800
11,11.041,2.013,21.090,75.061600
13,13.045,3.026,23.280,75.062400
15,15.049,0.539,25.470,75.063200
9,9.021,1.052,30.260,75.088000
11,11.025,2.065,21.450,75.088800
13,13.029,3.078,23.640,75.089600
15,15.033,0.591,25.830,75.090400
9,9.037,1.104,29.200,75.091200
11,11.041,2.117,20.390,75.092000
13,13.045,3.130,22.580,75.092800
15,15.049,0.500,24.770,75.093600
9,9.021,1.013,29.560,75.118400
11,11.025,2.026,20.750,75.119200
13,13.029,3.039,22.940,75.120000
15,15.033,0.552,25.130,75.120800
9,9.037,1.065,30.320,75.121600
11,11.041,2.078,21.510,75.122400
13,13.045,3.091,23.700,75.123200
15,15.049,0.604,25.890,75.124000
9,9.021,1.117,30.680,75.148800
11,11.025,2.130,20.050,75.149600
13,13.029,3.000,22.240,75.150400
15,15.033,0.513,24.430,75.151200
9,9.037,1.026,29.620,75.152000
11,11.041,2.039,20.810,75.152800
13,13.045,3.052,23.000,75.153600
15,15.049,0.565,25.190,75.154400
9,9.021,1.078,29.980,75.179200
11,11.025,2.091,21.170,75.180000
13,13.029,3.104,23.360,75.180800
15,15.033,0.617,25.550,75.181600
9,9.037,1.130,30.740,75.182400
11,11.041,2.000,21.930,75.183200
13,13.045,3.013,22.300,75.184000
15,15.049,0.526,24.490,75.184800
9,9.021,1.039,29.280,75.209600
11,11.025,2.052,20.470,75.210400
13,13.029,3.065,22.660,75.211200
15,15.033,0.578,24.850,75.212000
9,9.037,1.091,30.040,75.212800
11,11.041,2.104,21.230,75.213600
13,13.045,3.117,23.420,75.214400
15,15.049,0.630,25.610,75.215200
9,9.021,1.000,30.400,75.240000
11,11.025,2.013,21.590,75.240800
13,13.029,3.026,23.780,75.241600
15,15.033,0.539,24.150,75.242400
9,9.037,1.052,29.340,75.243200
11,11.041,2.065,20.530,75.244000
13,13.045,3.078,22.720,75.244800
15,15.049,0.591,24.910,75.245600
9,9.021,1.104,29.700,75.270400
11,11.025,2.117,20.890,75.271200
13,13.029,3.130,23.080,75.272000
15,15.033,0.500,25.270,75.272800
9,9.037,1.013,30.460,75.273600
11,11.041,2.026,21.650,75.274400
13,13.045,3.039,23.840,75.275200
15,15.049,0.552,26.030,75.276000
9,9.021,1.065,29.000,75.300800
11,11.025,2.078,20.190,75.301600
13,13.029,3.091,22.380,75.302400
15,15.033,0.604,24.570,75.303200
9,9.037,1.117,29.760,75.304000
11,11.041,2.130,20.950,75.304800
13,13.045,3.000,23.140,75.305600
15,15.049,0.513,25.330,75.306400
9,9.021,1.026,30.120,75.331200
11,11.025,2.039,21.310,75.332000
13,13.029,3.052,23.500,75.332800
15,15.033,0.565,25.690,75.333600
9,9.037,1.078,30.880,75.334400
11,11.041,2.091,20.250,75.335200
13,13.045,3.104,22.440,75.336000
15,15.049,0.617,24.630,75.336800
9,9.021,1.130,29.420,75.361600
11,11.025,2.000,20.610,75.362400
13,13.029,3.013,22.800,75.363200
15,15.033,0.526,24.990,75.364000
9,9.037,1.039,30.180,75.364800
11,11.041,2.052,21.370,75.365600
13,13.045,3.065,23.560,75.366400
15,15.049,0.578,25.750,75.367200
17,17.042,1.500,26.000,75.392000
19,19.046,2.513,28.190,75.392800
21,21.050,0.026,30.380,75.393600
23,23.054,1.039,21.570,75.394400
17,17.058,1.552,26.760,75.395200
19,19.062,2.565,28.950,75.396000
21,21.066,0.078,31.140,75.396800
23,23.070,1.091,22.330,75.397600
17,17.042,1.604,27.120,75.422400
19,19.046,2.617,29.310,75.423200
21,21.050,0.130,31.500,75.424000
23,23.054,1.000,22.690,75.424800
17,17.058,1.513,27.880,75.425600
19,19.062,2.526,28.250,75.426400
21,21.066,0.039,30.440,75.427200
23,23.070,1.052,21.630,75.428000
17,17.042,1.565,26.420,75.452800
19,19.046,2.578,28.610,75.453600
21,21.050,0.091,30.800,75.454400
23,23.054,1.104,21.990,75.455200
17,17.058,1.617,27.180,75.456000
19,19.062,2.630,29.370,75.456800
21,21.066,0.000,31.560,75.457600
23,23.070,1.013,22.750,75.458400
17,17.042,1.526,27.540,75.483200
19,19.046,2.539,29.730,75.484000
21,21.050,0.052,30.100,75.484800
23,23.054,1.065,21.290,75.485600
17,17.058,1.578,26.480,75.486400
19,19.062,2.591,28.670,75.487200
21,21.066,0.104,30.860,75.488000
23,23.070,1.117,22.050,75.488800
17,17.042,1.630,26.840,75.513600
19,19.046,2.500,29.030,75.514400
21,21.050,0.013,31.220,75.515200
23,23.054,1.026,22.410,75.516000
17,17.058,1.539,27.600,75.516800
19,19.062,2.552,29.790,75.517600
21,21.066,0.065,31.980,75.518400
23,23.070,1.078,21.350,75.519200
17,17.042,1.591,26.140,75.544000
19,19.046,2.604,28.330,75.544800
21,21.050,0.117,30.520,75.545600
23,23.054,1.130,21.710,75.546400
17,17.058,1.500,26.900,75.547200
19,19.062,2.513,29.090,75.548000
21,21.066,0.026,31.280,75.548800
23,23.070,1.039,22.470,75.549600
17,17.042,1.552,27.260,75.574400
19,19.046,2.565,29.450,75.575200
21,21.050,0.078,31.640,75.576000
23,23.054,1.091,22.830,75.576800
17,17.058,1.604,26.200,75.577600
19,19.062,2.617,28.390,75.578400
21,21.066,0.130,30.580,75.579200
23,23.070,1.000,21.770,75.580000
17,17.042,1.513,26.560,75.604800
19,19.046,2.526,28.750,75.605600
21,21.050,0.039,30.940,75.606400
23,23.054,1.052,22.130,75.607200
17,17.058,1.565,27.320,75.608000
19,19.062,2.578,29.510,75.608800
21,21.066,0.091,31.700,75.609600
23,23.070,1.104,22.890,75.610400
17,17.042,1.617,27.680,75.635200
19,19.046,2.630,28.050,75.636000
21,21.050,0.000,30.240,75.636800
23,23.054,1.013,21.430,75.637600
17,17.058,1.526,26.620,75.638400
19,19.062,2.539,28.810,75.639200
21,21.066,0.052,31.000,75.640000
23,23.070,1.065,22.190,75.640800
17,17.042,1.578,26.980,75.665600
19,19.046,2.591,29.170,75.666400
21,21.050,0.104,31.360,75.667200
23,23.054,1.117,22.550,75.668000
17,17.058,1.630,27.740,75.668800
19,19.062,2.500,29.930,75.669600
21,21.066,0.013,30.300,75.670400
23,23.070,1.026,21.490,75.671200
17,17.042,1.539,26.280,75.696000
19,19.046,2.552,28.470,75.696800
21,21.050,0.065,30.660,75.697600
23,23.054,1.078,21.850,75.698400
17,17.058,1.591,27.040,75.699200
19,19.062,2.604,29.230,75.700000
21,21.066,0.117,31.420,75.700800
23,23.070,1.130,22.610,75.701600
17,17.042,1.500,27.400,75.726400
19,19.046,2.513,29.590,75.727200
21,21.050,0.026,31.780,75.728000
23,23.054,1.039,21.150,75.728800
17,17.058,1.552,26.340,75.729600
19,19.062,2.565,28.530,75.730400
21,21.066,0.078,30.720,75.731200
23,23.070,1.091,21.910,75.732000
17,17.042,1.604,26.700,75.756800
19,19.046,2.617,28.890,75.757600
21,21.050,0.130,31.080,75.758400
23,23.054,1.000,22.270,75.759200
17,17.058,1.513,27.460,75.760000
19,19.062,2.526,29.650,75.760800
21,21.066,0.039,31.840,75.761600
23,23.070,1.052,23.030,75.762400
17,17.042,1.565,26.000,75.787200
19,19.046,2.578,28.190,75.788000
21,21.050,0.091,30.380,75.788800
23,23.054,1.104,21.570,75.789600
17,17.058,1.617,26.760,75.790400
19,19.062,2.630,28.950,75.791200
21,21.066,0.000,31.140,75.792000
23,23.070,1.013,22.330,75.792800
17,17.042,1.526,27.120,75.817600
19,19.046,2.539,29.310,75.818400
21,21.050,0.052,31.500,75.819200
23,23.054,1.065,22.690,75.820000
17,17.058,1.578,27.880,75.820800
19,19.062,2.591,28.250,75.821600
21,21.066,0.104,30.440,75.822400
23,23.070,1.117,21.630,75.823200
17,17.042,1.630,26.420,75.848000
19,19.046,2.500,28.610,75.848800
21,21.050,0.013,30.800,75.849600
23,23.054,1.026,21.990,75.850400
17,17.058,1.539,27.180,75.851200
19,19.062,2.552,29.370,75.852000
21,21.066,0.065,31.560,75.852800
23,23.070,1.078,22.750,75.853600
1,1.063,0.500,21.000,75.878400
3,3.067,1.513,23.190,75.879200
5,5.071,2.526,25.380,75.880000
7,7.075,0.039,27.570,75.880800
1,1.079,0.552,21.760,75.881600
3,3.083,1.565,23.950,75.882400
5,5.087,2.578,26.140,75.883200
7,7.091,0.091,28.330,75.884000
1,1.063,0.604,22.120,75.908800
3,3.067,1.617,24.310,75.909600
5,5.071,2.630,26.500,75.910400
7,7.075,0.000,28.690,75.911200
1,1.079,0.513,22.880,75.912000
3,3.083,1.526,23.250,75.912800
5,5.087,2.539,25.440,75.913600
7,7.091,0.052,27.630,75.914400
1,1.063,0.565,21.420,75.939200
3,3.067,1.578,23.610,75.940000
5,5.071,2.591,25.800,75.940800
7,7.075,0.104,27.990,75.941600
1,1.079,0.617,22.180,75.942400
3,3.083,1.630,24.370,75.943200
5,5.087,2.500,26.560,75.944000
7,7.091,0.013,28.750,75.944800
1,1.063,0.526,22.540,75.969600
3,3.067,1.539,24.730,75.970400
5,5.071,2.552,25.100,75.971200
7,7.075,0.065,27.290,75.972000
1,1.079,0.578,21.480,75.972800
3,3.083,1.591,23.670,75.973600
5,5.087,2.604,25.860,75.974400
7,7.091,0.117,28.050,75.975200
1,1.063,0.630,21.840,76.000000
3,3.067,1.500,24.030,76.000800
5,5.071,2.513,26.220,76.001600
7,7.075,0.026,28.410,76.002400
1,1.079,0.539,22.600,76.003200
3,3.083,1.552,24.790,76.004000
5,5.087,2.565,26.980,76.004800
7,7.091,0.078,27.350,76.005600
1,1.063,0.591,21.140,76.030400
3,3.067,1.604,23.330,76.031200
5,5.071,2.617,25.520,76.032000
7,7.075,0.130,27.710,76.032800
1,1.079,0.500,21.900,76.033600
3,3.083,1.513,24.090,76.034400
5,5.087,2.526,26.280,76.035200
7,7.091,0.039,28.470,76.036000
1,1.063,0.552,22.260,76.060800
3,3.067,1.565,24.450,76.061600
5,5.071,2.578,26.640,76.062400
7,7.075,0.091,28.830,76.063200
1,1.079,0.604,21.200,76.064000
3,3.083,1.617,23.390,76.064800
5,5.087,2.630,25.580,76.065600
7,7.091,0.000,27.770,76.066400
1,1.063,0.513,21.560,76.091200
3,3.067,1.526,23.750,76.092000
5,5.071,2.539,25.940,76.092800
7,7.075,0.052,28.130,76.093600
1,1.079,0.565,22.320,76.094400
3,3.083,1.578,24.510,76.095200
5,5.087,2.591,26.700,76.096000
7,7.091,0.104,28.890,76.096800
1,1.063,0.617,22.680,76.121600
3,3.067,1.630,23.050,76.122400
5,5.071,2.500,25.240,76.123200
7,7.075,0.013,27.430,76.124000
1,1.079,0.526,21.620,76.124800
3,3.083,1.539,23.810,76.125600
5,5.087,2.552,26.000,76.126400
7,7.091,0.065,28.190,76.127200
1,1.063,0.578,21.980,76.152000
3,3.067,1.591,24.170,76.152800
5,5.071,2.604,26.360,76.153600
7,7.075,0.117,28.550,76.154400
1,1.079,0.630,22.740,76.155200
3,3.083,1.500,24.930,76.156000
5,5.087,2.513,25.300,76.156800
7,7.091,0.026,27.490,76.157600
1,1.063,0.539,21.280,76.182400
3,3.067,1.552,23.470,76.183200
5,5.071,2.565,25.660,76.184000
7,7.075,0.078,27.850,76.184800
1,1.079,0.591,22.040,76.185600
3,3.083,1.604,24.230,76.186400
5,5.087,2.617,26.420,76.187200
7,7.091,0.130,28.610,76.188000
1,1.063,0.500,22.400,76.212800
3,3.067,1.513,24.590,76.213600
5,5.071,2.526,26.780,76.214400
7,7.075,0.039,27.150,76.215200
1,1.079,0.552,21.340,76.216000
3,3.083,1.565,23.530,76.216800
5,5.087,2.578,25.720,76.217600
7,7.091,0.091,27.910,76.218400
1,1.063,0.604,21.700,76.243200
3,3.067,1.617,23.890,76.244000
5,5.071,2.630,26.080,76.244800
7,7.075,0.000,28.270,76.245600
1,1.079,0.513,22.460,76.246400
3,3.083,1.526,24.650,76.247200
5,5.087,2.539,26.840,76.248000
7,7.091,0.052,29.030,76.248800
1,1.063,0.565,21.000,76.273600
3,3.067,1.578,23.190,76.274400
5,5.071,2.591,25.380,76.275200
7,7.075,0.104,27.570,76.276000
1,1.079,0.617,21.760,76.276800
3,3.083,1.630,23.950,76.277600
5,5.087,2.500,26.140,76.278400
7,7.091,0.013,28.330,76.279200
1,1.063,0.526,22.120,76.304000
3,3.067,1.539,24.310,76.304800
5,5.071,2.552,26.500,76.305600
7,7.075,0.065,28.690,76.306400
1,1.079,0.578,22.880,76.307200
3,3.083,1.591,23.250,76.308000
5,5.087,2.604,25.440,76.308800
7,7.091,0.117,27.630,76.309600
1,1.063,0.630,21.420,76.334400
3,3.067,1.500,23.610,76.335200
5,5.071,2.513,25.800,76.336000
7,7.075,0.026,27.990,76.336800
1,1.079,0.539,22.180,76.337600
3,3.083,1.552,24.370,76.338400
5,5.087,2.565,26.560,76.339200
7,7.091,0.078,28.750,76.340000
9,9.084,1.000,29.000,76.364800
11,11.088,2.013,20.190,76.365600
13,13.092,3.026,22.380,76.366400
15,15.096,0.539,24.570,76.367200
9,9.100,1.052,29.760,76.368000
11,11.104,2.065,20.950,76.368800
13,13.108,3.078,23.140,76.369600
15,15.112,0.591,25.330,76.370400
9,9.084,1.104,30.120,76.395200
11,11.088,2.117,21.310,76.396000
13,13.092,3.130,23.500,76.396800
15,15.096,0.500,25.690,76.397600
9,9.100,1.013,30.880,76.398400
11,11.104,2.026,20.250,76.399200
13,13.108,3.039,22.440,76.400000
15,15.112,0.552,24.630,76.400800
9,9.084,1.065,29.420,76.425600
11,11.088,2.078,20.610,76.426400
13,13.092,3.091,22.800,76.427200
15,15.096,0.604,24.990,76.428000
9,9.100,1.117,30.180,76.428800
11,11.104,2.130,21.370,76.429600
13,13.108,3.000,23.560,76.430400
15,15.112,0.513,25.750,76.431200
9,9.084,1.026,30.540,76.456000
11,11.088,2.039,21.730,76.456800
13,13.092,3.052,22.100,76.457600
15,15.096,0.565,24.290,76.458400
9,9.100,1.078,29.480,76.459200
11,11.104,2.091,20.670,76.460000
13,13.108,3.104,22.860,76.460800
15,15.112,0.617,25.050,76.461600
9,9.084,1.130,29.840,76.486400
11,11.088,2.000,21.030,76.487200
13,13.092,3.013,23.220,76.488000
15,15.096,0.526,25.410,76.488800
9,9.100,1.039,30.600,76.489600
11,11.104,2.052,21.790,76.490400
13,13.108,3.065,23.980,76.491200
15,15.112,0.578,24.350,76.492000
9,9.084,1.091,29.140,76.516800
11,11.088,2.104,20.330,76.517600
13,13.092,3.117,22.520,76.518400
15,15.096,0.630,24.710,76.519200
9,9.100,1.000,29.900,76.520000
11,11.104,2.013,21.090,76.520800
13,13.108,3.026,23.280,76.521600
15,15.112,0.539,25.470,76.522400
9,9.084,1.052,30.260,76.547200
11,11.088,2.065,21.450,76.548000
13,13.092,3.078,23.640,76.548800
15,15.096,0.591,25.830,76.549600
9,9.100,1.104,29.200,76.550400
11,11.104,2.117,20.390,76.551200
13,13.108,3.130,22.580,76.552000
15,15.112,0.500,24.770,76.552800
9,9.084,1.013,29.560,76.577600
11,11.088,2.026,20.750,76.578400
13,13.092,3.039,22.940,76.579200
15,15.096,0.552,25.130,76.580000
9,9.100,1.065,30.320,76.580800
11,11.104,2.078,21.510,76.581600
13,13.108,3.091,23.700,76.582400
15,15.112,0.604,25.890,76.583200
9,9.084,1.117,30.680,76.608000
11,11.088,2.130,20.050,76.608800
13,13.092,3.000,22.240,76.609600
15,15.096,0.513,24.430,76.610400
9,9.100,1.026,29.620,76.611200
11,11.104,2.039,20.810,76.612000
13,13.108,3.052,23.000,76.612800
15,15.112,0.565,25.190,76.613600
9,9.084,1.078,29.980,76.638400
11,11.088,2.091,21.170,76.639200
13,13.092,3.104,23.360,76.640000
15,15.096,0.617,25.550,76.640800
9,9.100,1.130,30.740,76.641600
11,11.104,2.000,21.930,76.642400
13,13.108,3.013,22.300,76.643200
15,15.112,0.526,24.490,76.644000
9,9.084,1.039,29.280,76.668800
11,11.088,2.052,20.470,76.669600
13,13.092,3.065,22.660,76.670400
15,15.096,0.578,24.850,76.671200
9,9.100,1.091,30.040,76.672000
11,11.104,2.104,21.230,76.672800
13,13.108,3.117,23.420,76.673600
15,15.112,0.630,25.610,76.674400
9,9.084,1.000,30.400,76.699200
11,11.088,2.013,21.590,76.700000
13,13.092,3.026,23.780,76.700800
15,15.096,0.539,24.150,76.701600
9,9.100,1.052,29.340,76.702400
11,11.104,2.065,20.530,76.703200
13,13.108,3.078,22.720,76.704000
15,15.112,0.591,24.910,76.704800
9,9.084,1.104,29.700,76.729600
11,11.088,2.117,20.890,76.730400
13,13.092,3.130,23.080,76.731200
15,15.096,0.500,25.270,76.732000
9,9.100,1.013,30.460,76.732800
11,11.104,2.026,21.650,76.733600
13,13.108,3.039,23.840,76.734400
15,15.112,0.552,26.030,76.735200
9,9.084,1.065,29.000,76.760000
11,11.088,2.078,20.190,76.760800
13,13.092,3.091,22.380,76.761600
15,15.096,0.604,24.570,76.762400
9,9.100,1.117,29.760,76.763200
11,11.104,2.130,20.950,76.764000
13,13.108,3.000,23.140,76.764800
15,15.112,0.513,25.330,76.765600
9,9.084,1.026,30.120,76.790400
11,11.088,2.039,21.310,76.791200
13,13.092,3.052,23.500,76.792000
15,15.096,0.565,25.690,76.792800
9,9.100,1.078,30.880,76.793600
11,11.104,2.091,20.250,76.794400
13,13.108,3.104,22.440,76.795200
15,15.112,0.617,24.630,76.796000
9,9.084,1.130,29.420,76.820800
11,11.088,2.000,20.610,76.821600
13,13.092,3.013,22.800,76.822400
15,15.096,0.526,24.990,76.823200
9,9.100,1.039,30.180,76.824000
11,11.104,2.052,21.370,76.824800
13,13.108,3.065,23.560,76.825600
15,15.112,0.578,25.750,76.826400
17,17.105,1.500,26.000,76.851200
19,19.109,2.513,28.190,76.852000
21,21.113,0.026,30.380,76.852800
23,23.117,1.039,21.570,76.853600
17,17.121,1.552,26.760,76.854400
19,19.125,2.565,28.950,76.855200
21,21.129,0.078,31.140,76.856000
23,23.133,1.091,22.330,76.856800
17,17.105,1.604,27.120,76.881600
19,19.109,2.617,29.310,76.882400
21,21.113,0.130,31.500,76.883200
23,23.117,1.000,22.690,76.884000
17,17.121,1.513,27.880,76.884800
19,19.125,2.526,28.250,76.885600
21,21.129,0.039,30.440,76.886400
23,23.133,1.052,21.630,76.887200
17,17.105,1.565,26.420,76.912000
19,19.109,2.578,28.610,76.912800
21,21.113,0.091,30.800,76.913600
23,23.117,1.104,21.990,76.914400
17,17.121,1.617,27.180,76.915200
19,19.125,2.630,29.370,76.916000
21,21.129,0.000,31.560,76.916800
23,23.133,1.013,22.750,76.917600
17,17.105,1.526,27.540,76.942400
19,19.109,2.539,29.730,76.943200
21,21.113,0.052,30.100,76.944000
23,23.117,1.065,21.290,76.944800
17,17.121,1.578,26.480,76.945600
19,19.125,2.591,28.670,76.946400
21,21.129,0.104,30.860,76.947200
23,23.133,1.117,22.050,76.948000
17,17.105,1.630,26.840,76.972800
19,19.109,2.500,29.030,76.973600
21,21.113,0.013,31.220,76.974400
23,23.117,1.026,22.410,76.975200
17,17.121,1.539,27.600,76.976000
19,19.125,2.552,29.790,76.976800
21,21.129,0.065,31.980,76.977600
23,23.133,1.078,21.350,76.978400
17,17.105,1.591,26.140,77.003200
19,19.109,2.604,28.330,77.004000
21,21.113,0.117,30.520,77.004800
23,23.117,1.130,21.710,77.005600
17,17.121,1.500,26.900,77.006400
19,19.125,2.513,29.090,77.007200
21,21.129,0.026,31.280,77.008000
23,23.133,1.039,22.470,77.008800
17,17.105,1.552,27.260,77.033600
19,19.109,2.565,29.450,77.034400
21,21.113,0.078,31.640,77.035200
23,23.117,1.091,22.830,77.036000
17,17.121,1.604,26.200,77.036800
19,19.125,2.617,28.390,77.037600
21,21.129,0.130,30.580,77.038400
23,23.133,1.000,21.770,77.039200
17,17.105,1.513,26.560,77.064000
19,19.109,2.526,28.750,77.064800
21,21.113,0.039,30.940,77.065600
23,23.117,1.052,22.130,77.066400
17,17.121,1.565,27.320,77.067200
19,19.125,2.578,29.510,77.068000
21,21.129,0.091,31.700,77.068800
23,23.133,1.104,22.890,77.069600
17,17.105,1.617,27.680,77.094400
19,19.109,2.630,28.050,77.095200
21,21.113,0.000,30.240,77.096000
23,23.117,1.013,21.430,77.096800
17,17.121,1.526,26.620,77.097600
19,19.125,2.539,28.810,77.098400
21,21.129,0.052,31.000,77.099200
23,23.133,1.065,22.190,77.100000
17,17.105,1.578,26.980,77.124800
19,19.109,2.591,29.170,77.125600
21,21.113,0.104,31.360,77.126400
23,23.117,1.117,22.550,77.127200
17,17.121,1.630,27.740,77.128000
19,19.125,2.500,29.930,77.128800
21,21.129,0.013,30.300,77.129600
23,23.133,1.026,21.490,77.130400
17,17.105,1.539,26.280,77.155200
19,19.109,2.552,28.470,77.156000
21,21.113,0.065,30.660,77.156800
23,23.117,1.078,21.850,77.157600
17,17.121,1.591,27.040,77.158400
19,19.125,2.604,29.230,77.159200
21,21.129,0.117,31.420,77.160000
23,23.133,1.130,22.610,77.160800
17,17.105,1.500,27.400,77.185600
19,19.109,2.513,29.590,77.186400
21,21.113,0.026,31.780,77.187200
23,23.117,1.039,21.150,77.188000
17,17.121,1.552,26.340,77.188800
19,19.125,2.565,28.530,77.189600
21,21.129,0.078,30.720,77.190400
23,23.133,1.091,21.910,77.191200
17,17.105,1.604,26.700,77.216000
19,19.109,2.617,28.890,77.216800
21,21.113,0.130,31.080,77.217600
23,23.117,1.000,22.270,77.218400
17,17.121,1.513,27.460,77.219200
19,19.125,2.526,29.650,77.220000
21,21.129,0.039,31.840,77.220800
23,23.133,1.052,23.030,77.221600
17,17.105,1.565,26.000,77.246400
19,19.109,2.578,28.190,77.247200
21,21.113,0.091,30.380,77.248000
23,23.117,1.104,21.570,77.248800
17,17.121,1.617,26.760,77.249600
19,19.125,2.630,28.950,77.250400
21,21.129,0.000,31.140,77.251200
23,23.133,1.013,22.330,77.252000
17,17.105,1.526,27.120,77.276800
19,19.109,2.539,29.310,77.277600
21,21.113,0.052,31.500,77.278400
23,23.117,1.065,22.690,77.279200
17,17.121,1.578,27.880,77.280000
19,19.125,2.591,28.250,77.280800
21,21.129,0.104,30.440,77.281600
23,23.133,1.117,21.630,77.282400
17,17.105,1.630,26.420,77.307200
19,19.109,2.500,28.610,77.308000
21,21.113,0.013,30.800,77.308800
23,23.117,1.026,21.990,77.309600
17,17.121,1.539,27.180,77.310400
19,19.125,2.552,29.370,77.311200
21,21.129,0.065,31.560,77.312000
23,23.133,1.078,22.750,77.312800
1,1.126,0.500,21.000,77.337600
3,3.130,1.513,23.190,77.338400
5,5.134,2.526,25.380,77.339200
7,7.138,0.039,27.570,77.340000
1,1.142,0.552,21.760,77.340800
3,3.146,1.565,23.950,77.341600
5,5.150,2.578,26.140,77.342400
7,7.154,0.091,28.330,77.343200
1,1.126,0.604,22.120,77.368000
3,3.130,1.617,24.310,77.368800
5,5.134,2.630,26.500,77.369600
7,7.138,0.000,28.690,77.370400
1,1.142,0.513,22.880,77.371200
3,3.146,1.526,23.250,77.372000
5,5.150,2.539,25.440,77.372800
7,7.154,0.052,27.630,77.373600
1,1.126,0.565,21.420,77.398400
3,3.130,1.578,23.610,77.399200
5,5.134,2.591,25.800,77.400000
7,7.138,0.104,27.990,77.400800
1,1.142,0.617,22.180,77.401600
3,3.146,1.630,24.370,77.402400
5,5.150,2.500,26.560,77.403200
7,7.154,0.013,28.750,77.404000
1,1.126,0.526,22.540,77.428800
3,3.130,1.539,24.730,77.429600
5,5.134,2.552,25.100,77.430400
7,7.138,0.065,27.290,77.431200
1,1.142,0.578,21.480,77.432000
3,3.146,1.591,23.670,77.432800
5,5.150,2.604,25.860,77.433600
7,7.154,0.117,28.050,77.434400
1,1.126,0.630,21.840,77.459200
3,3.130,1.500,24.030,77.460000
5,5.134,2.513,26.220,77.460800
7,7.138,0.026,28.410,77.461600
1,1.142,0.539,22.600,77.462400
3,3.146,1.552,24.790,77.463200
5,5.150,2.565,26.980,77.464000
7,7.154,0.078,27.350,77.464800
1,1.126,0.591,21.140,77.489600
3,3.130,1.604,23.330,77.490400
5,5.134,2.617,25.520,77.491200
7,7.138,0.130,27.710,77.492000
1,1.142,0.500,21.900,77.492800
3,3.146,1.513,24.090,77.493600
5,5.150,2.526,26.280,77.494400
7,7.154,0.039,28.470,77.495200
1,1.126,0.552,22.260,77.520000
3,3.130,1.565,24.450,77.520800
5,5.134,2.578,26.640,77.521600
7,7.138,0.091,28.830,77.522400
1,1.142,0.604,21.200,77.523200
3,3.146,1.617,23.390,77.524000
5,5.150,2.630,25.580,77.524800
7,7.154,0.000,27.770,77.525600
1,1.126,0.513,21.560,77.550400
3,3.130,1.526,23.750,77.551200
5,5.134,2.539,25.940,77.552000
7,7.138,0.052,28.130,77.552800
1,1.142,0.565,22.320,77.553600
3,3.146,1.578,24.510,77.554400
5,5.150,2.591,26.700,77.555200
7,7.154,0.104,28.890,77.556000
1,1.126,0.617,22.680,77.580800
3,3.130,1.630,23.050,77.581600
5,5.134,2.500,25.240,77.582400
7,7.138,0.013,27.430,77.583200
1,1.142,0.526,21.620,77.584000
3,3.146,1.539,23.810,77.584800
5,5.150,2.552,26.000,77.585600
7,7.154,0.065,28.190,77.586400
1,1.126,0.578,21.980,77.611200
3,3.130,1.591,24.170,77.612000
5,5.134,2.604,26.360,77.612800
7,7.138,0.117,28.550,77.613600
1,1.142,0.630,22.740,77.614400
3,3.146,1.500,24.930,77.615200
5,5.150,2.513,25.300,77.616000
7,7.154,0.026,27.490,77.616800
1,1.126,0.539,21.280,77.641600
3,3.130,1.552,23.470,77.642400
5,5.134,2.565,25.660,77.643200
7,7.138,0.078,27.850,77.644000
1,1.142,0.591,22.040,77.644800
3,3.146,1.604,24.230,77.645600
5,5.150,2.617,26.420,77.646400
7,7.154,0.130,28.610,77.647200
1,1.126,0.500,22.400,77.672000
3,3.130,1.513,24.590,77.672800
5,5.134,2.526,26.780,77.673600
7,7.138,0.039,27.150,77.674400
1,1.142,0.552,21.340,77.675200
3,3.146,1.565,23.530,77.676000
5,5.150,2.578,25.720,77.676800
7,7.154,0.091,27.910,77.677600
1,1.126,0.604,21.700,77.702400
3,3.130,1.617,23.890,77.703200
5,5.134,2.630,26.080,77.704000
7,7.138,0.000,28.270,77.704800
1,1.142,0.513,22.460,77.705600
3,3.146,1.526,24.650,77.706400
5,5.150,2.539,26.840,77.707200
7,7.154,0.052,29.030,77.708000
1,1.126,0.565,21.000,77.732800
3,3.130,1.578,23.190,77.733600
5,5.134,2.591,25.380,77.734400
7,7.138,0.104,27.570,77.735200
1,1.142,0.617,21.760,77.736000
3,3.146,1.630,23.950,77.736800
5,5.150,2.500,26.140,77.737600
7,7.154,0.013,28.330,77.738400
1,1.126,0.526,22.120,77.763200
3,3.130,1.539,24.310,77.764000
5,5.134,2.552,26.500,77.764800
7,7.138,0.065,28.690,77.765600
1,1.142,0.578,22.880,77.766400
3,3.146,1.591,23.250,77.767200
5,5.150,2.604,25.440,77.768000
7,7.154,0.117,27.630,77.768800
1,1.126,0.630,21.420,77.793600
3,3.130,1.500,23.610,77.794400
5,5.134,2.513,25.800,77.795200
7,7.138,0.026,27.990,77.796000
1,1.142,0.539,22.180,77.796800
3,3.146,1.552,24.370,77.797600
5,5.150,2.565,26.560,77.798400
7,7.154,0.078,28.750,77.799200
9,9.147,1.000,29.000,77.824000
11,11.151,2.013,20.190,77.824800
13,13.155,3.026,22.380,77.825600
15,15.159,0.539,24.570,77.826400
9,9.163,1.052,29.760,77.827200
11,11.167,2.065,20.950,77.828000
13,13.171,3.078,23.140,77.828800
15,15.175,0.591,25.330,77.829600
9,9.147,1.104,30.120,77.854400
11,11.151,2.117,21.310,77.855200
13,13.155,3.130,23.500,77.856000
15,15.159,0.500,25.690,77.856800
9,9.163,1.013,30.880,77.857600
11,11.167,2.026,20.250,77.858400
13,13.171,3.039,22.440,77.859200
15,15.175,0.552,24.630,77.860000
9,9.147,1.065,29.420,77.884800
11,11.151,2.078,20.610,77.885600
13,13.155,3.091,22.800,77.886400
15,15.159,0.604,24.990,77.887200
9,9.163,1.117,30.180,77.888000
11,11.167,2.130,21.370,77.888800
13,13.171,3.000,23.560,77.889600
15,15.175,0.513,25.750,77.890400
9,9.147,1.026,30.540,77.915200
11,11.151,2.039,21.730,77.916000
13,13.155,3.052,22.100,77.916800
15,15.159,0.565,24.290,77.917600
9,9.163,1.078,29.480,77.918400
11,11.167,2.091,20.670,77.919200
13,13.171,3.104,22.860,77.920000
15,15.175,0.617,25.050,77.920800
9,9.147,1.130,29.840,77.945600
11,11.151,2.000,21.030,77.946400
13,13.155,3.013,23.220,77.947200
15,15.159,0.526,25.410,77.948000
9,9.163,1.039,30.600,77.948800
11,11.167,2.052,21.790,77.949600
13,13.171,3.065,23.980,77.950400
15,15.175,0.578,24.350,77.951200
9,9.147,1.091,29.140,77.976000
11,11.151,2.104,20.330,77.976800
13,13.155,3.117,22.520,77.977600
15,15.159,0.630,24.710,77.978400
9,9.163,1.000,29.900,77.979200
11,11.167,2.013,21.090,77.980000
13,13.171,3.026,23.280,77.980800
15,15.175,0.539,25.470,77.981600
9,9.147,1.052,30.260,78.006400
11,11.151,2.065,21.450,78.007200
13,13.155,3.078,23.640,78.008000
15,15.159,0.591,25.830,78.008800
9,9.163,1.104,29.200,78.009600
11,11.167,2.117,20.390,78.010400
13,13.171,3.130,22.580,78.011200
15,15.175,0.500,24.770,78.012000
9,9.147,1.013,29.560,78.036800
11,11.151,2.026,20.750,78.037600
13,13.155,3.039,22.940,78.038400
15,15.159,0.552,25.130,78.039200
9,9.163,1.065,30.320,78.040000
11,11.167,2.078,21.510,78.040800
13,13.171,3.091,23.700,78.041600
15,15.175,0.604,25.890,78.042400
9,9.147,1.117,30.680,78.067200
11,11.151,2.130,20.050,78.068000
13,13.155,3.000,22.240,78.068800
15,15.159,0.513,24.430,78.069600
9,9.163,1.026,29.620,78.070400
11,11.167,2.039,20.810,78.071200
13,13.171,3.052,23.000,78.072000
15,15.175,0.565,25.190,78.072800
9,9.147,1.078,29.980,78.097600
11,11.151,2.091,21.170,78.098400
13,13.155,3.104,23.360,78.099200
15,15.159,0.617,25.550,78.100000
9,9.163,1.130,30.740,78.100800
11,11.167,2.000,21.930,78.101600
13,13.171,3.013,22.300,78.102400
15,15.175,0.526,24.490,78.103200
9,9.147,1.039,29.280,78.128000
11,11.151,2.052,20.470,78.128800
13,13.155,3.065,22.660,78.129600
15,15.159,0.578,24.850,78.130400
9,9.163,1.091,30.040,78.131200
11,11.167,2.104,21.230,78.132000
13,13.171,3.117,23.420,78.132800
15,15.175,0.630,25.610,78.133600
9,9.147,1.000,30.400,78.158400
11,11.151,2.013,21.590,78.159200
13,13.155,3.026,23.780,78.160000
15,15.159,0.539,24.150,78.160800
9,9.163,1.052,29.340,78.161600
11,11.167,2.065,20.530,78.162400
13,13.171,3.078,22.720,78.163200
15,15.175,0.591,24.910,78.164000
9,9.147,1.104,29.700,78.188800
11,11.151,2.117,20.890,78.189600
13,13.155,3.130,23.080,78.190400
15,15.159,0.500,25.270,78.191200
9,9.163,1.013,30.460,78.192000
11,11.167,2.026,21.650,78.192800
13,13.171,3.039,23.840,78.193600
15,15.175,0.552,26.030,78.194400
9,9.147,1.065,29.000,78.219200
11,11.151,2.078,20.190,78.220000
13,13.155,3.091,22.380,78.220800
15,15.159,0.604,24.570,78.221600
9,9.163,1.117,29.760,78.222400
11,11.167,2.130,20.950,78.223200
13,13.171,3.000,23.140,78.224000
15,15.175,0.513,25.330,78.224800
9,9.147,1.026,30.120,78.249600
11,11.151,2.039,21.310,78.250400
13,13.155,3.052,23.500,78.251200
15,15.159,0.565,25.690,78.252000
9,9.163,1.078,30.880,78.252800
11,11.167,2.091,20.250,78.253600
13,13.171,3.104,22.440,78.254400
15,15.175,0.617,24.630,78.255200
9,9.147,1.130,29.420,78.280000
11,11.151,2.000,20.610,78.280800
13,13.155,3.013,22.800,78.281600
15,15.159,0.526,24.990,78.282400
9,9.163,1.039,30.180,78.283200
11,11.167,2.052,21.370,78.284000
13,13.171,3.065,23.560,78.284800
15,15.175,0.578,25.750,78.285600
17,17.168,1.500,26.000,78.310400
19,19.172,2.513,28.190,78.311200
21,21.176,0.026,30.380,78.312000
23,23.180,1.039,21.570,78.312800
17,17.184,1.552,26.760,78.313600
19,19.188,2.565,28.950,78.314400
21,21.192,0.078,31.140,78.315200
23,23.196,1.091,22.330,78.316000
17,17.168,1.604,27.120,78.340800
19,19.172,2.617,29.310,78.341600
21,21.176,0.130,31.500,78.342400
23,23.180,1.000,22.690,78.343200
17,17.184,1.513,27.880,78.344000
19,19.188,2.526,28.250,78.344800
21,21.192,0.039,30.440,78.345600
23,23.196,1.052,21.630,78.346400
17,17.168,1.565,26.420,78.371200
19,19.172,2.578,28.610,78.372000
21,21.176,0.091,30.800,78.372800
23,23.180,1.104,21.990,78.373600
17,17.184,1.617,27.180,78.374400
19,19.188,2.630,29.370,78.375200
21,21.192,0.000,31.560,78.376000
23,23.196,1.013,22.750,78.376800
17,17.168,1.526,27.540,78.401600
19,19.172,2.539,29.730,78.402400
21,21.176,0.052,30.100,78.403200
23,23.180,1.065,21.290,78.404000
17,17.184,1.578,26.480,78.404800
19,19.188,2.591,28.670,78.405600
21,21.192,0.104,30.860,78.406400
23,23.196,1.117,22.050,78.407200
17,17.168,1.630,26.840,78.432000
19,19.172,2.500,29.030,78.432800
21,21.176,0.013,31.220,78.433600
23,23.180,1.026,22.410,78.434400
17,17.184,1.539,27.600,78.435200
19,19.188,2.552,29.790,78.436000
21,21.192,0.065,31.980,78.436800
23,23.196,1.078,21.350,78.437600
17,17.168,1.591,26.140,78.462400
19,19.172,2.604,28.330,78.463200
21,21.176,0.117,30.520,78.464000
23,23.180,1.130,21.710,78.464800
17,17.184,1.500,26.900,78.465600
19,19.188,2.513,29.090,78.466400
21,21.192,0.026,31.280,78.467200
23,23.196,1.039,22.470,78.468000
17,17.168,1.552,27.260,78.492800
19,19.172,2.565,29.450,78.493600
21,21.176,0.078,31.640,78.494400
23,23.180,1.091,22.830,78.495200
17,17.184,1.604,26.200,78.496000
19,19.188,2.617,28.390,78.496800
21,21.192,0.130,30.580,78.497600
23,23.196,1.000,21.770,78.498400
17,17.168,1.513,26.560,78.523200
19,19.172,2.526,28.750,78.524000
21,21.176,0.039,30.940,78.524800
23,23.180,1.052,22.130,78.525600
17,17.184,1.565,27.320,78.526400
19,19.188,2.578,29.510,78.527200
21,21.192,0.091,31.700,78.528000
23,23.196,1.104,22.890,78.528800
17,17.168,1.617,27.680,78.553600
19,19.172,2.630,28.050,78.554400
21,21.176,0.000,30.240,78.555200
23,23.180,1.013,21.430,78.556000
17,17.184,1.526,26.620,78.556800
19,19.188,2.539,28.810,78.557600
21,21.192,0.052,31.000,78.558400
23,23.196,1.065,22.190,78.559200
17,17.168,1.578,26.980,78.584000
19,19.172,2.591,29.170,78.584800
21,21.176,0.104,31.360,78.585600
23,23.180,1.117,22.550,78.586400
17,17.184,1.630,27.740,78.587200
19,19.188,2.500,29.930,78.588000
21,21.192,0.013,30.300,78.588800
23,23.196,1.026,21.490,78.589600
17,17.168,1.539,26.280,78.614400
19,19.172,2.552,28.470,78.615200
21,21.176,0.065,30.660,78.616000
23,23.180,1.078,21.850,78.616800
17,17.184,1.591,27.040,78.617600
19,19.188,2.604,29.230,78.618400
21,21.192,0.117,31.420,78.619200
23,23.196,1.130,22.610,78.620000
17,17.168,1.500,27.400,78.644800
19,19.172,2.513,29.590,78.645600
21,21.176,0.026,31.780,78.646400
23,23.180,1.039,21.150,78.647200
17,17.184,1.552,26.340,78.648000
19,19.188,2.565,28.530,78.648800
21,21.192,0.078,30.720,78.649600
23,23.196,1.091,21.910,78.650400
17,17.168,1.604,26.700,78.675200
19,19.172,2.617,28.890,78.676000
21,21.176,0.130,31.080,78.676800
23,23.180,1.000,22.270,78.677600
17,17.184,1.513,27.460,78.678400
19,19.188,2.526,29.650,78.679200
21,21.192,0.039,31.840,78.680000
23,23.196,1.052,23.030,78.680800
17,17.168,1.565,26.000,78.705600
19,19.172,2.578,28.190,78.706400
21,21.176,0.091,30.380,78.707200
23,23.180,1.104,21.570,78.708000
17,17.184,1.617,26.760,78.708800
19,19.188,2.630,28.950,78.709600
21,21.192,0.000,31.140,78.710400
23,23.196,1.013,22.330,78.711200
17,17.168,1.526,27.120,78.736000
19,19.172,2.539,29.310,78.736800
21,21.176,0.052,31.500,78.737600
23,23.180,1.065,22.690,78.738400
17,17.184,1.578,27.880,78.739200
19,19.188,2.591,28.250,78.740000
21,21.192,0.104,30.440,78.740800
23,23.196,1.117,21.630,78.741600
17,17.168,1.630,26.420,78.766400
19,19.172,2.500,28.610,78.767200
21,21.176,0.013,30.800,78.768000
23,23.180,1.026,21.990,78.768800
17,17.184,1.539,27.180,78.769600
19,19.188,2.552,29.370,78.770400
21,21.192,0.065,31.560,78.771200
23,23.196,1.078,22.750,78.772000
1,1.000,0.500,21.000,78.796800
3,3.004,1.513,23.190,78.797600
5,5.008,2.526,25.380,78.798400
7,7.012,0.039,27.570,78.799200
1,1.016,0.552,21.760,78.800000
3,3.020,1.565,23.950,78.800800
5,5.024,2.578,26.140,78.801600
7,7.028,0.091,28.330,78.802400
1,1.000,0.604,22.120,78.827200
3,3.004,1.617,24.310,78.828000
5,5.008,2.630,26.500,78.828800
7,7.012,0.000,28.690,78.829600
1,1.016,0.513,22.880,78.830400
3,3.020,1.526,23.250,78.831200
5,5.024,2.539,25.440,78.832000
7,7.028,0.052,27.630,78.832800
1,1.000,0.565,21.420,78.857600
3,3.004,1.578,23.610,78.858400
5,5.008,2.591,25.800,78.859200
7,7.012,0.104,27.990,78.860000
1,1.016,0.617,22.180,78.860800
3,3.020,1.630,24.370,78.861600
5,5.024,2.500,26.560,78.862400
7,7.028,0.013,28.750,78.863200
1,1.000,0.526,22.540,78.888000
3,3.004,1.539,24.730,78.888800
5,5.008,2.552,25.100,78.889600
7,7.012,0.065,27.290,78.890400
1,1.016,0.578,21.480,78.891200
3,3.020,1.591,23.670,78.892000
5,5.024,2.604,25.860,78.892800
7,7.028,0.117,28.050,78.893600
1,1.000,0.630,21.840,78.918400
3,3.004,1.500,24.030,78.919200
5,5.008,2.513,26.220,78.920000
7,7.012,0.026,28.410,78.920800
1,1.016,0.539,22.600,78.921600
3,3.020,1.552,24.790,78.922400
5,5.024,2.565,26.980,78.923200
7,7.028,0.078,27.350,78.924000
1,1.000,0.591,21.140,78.948800
3,3.004,1.604,23.330,78.949600
5,5.008,2.617,25.520,78.950400
7,7.012,0.130,27.710,78.951200
1,1.016,0.500,21.900,78.952000
3,3.020,1.513,24.090,78.952800
5,5.024,2.526,26.280,78.953600
7,7.028,0.039,28.470,78.954400
1,1.000,0.552,22.260,78.979200
3,3.004,1.565,24.450,78.980000
5,5.008,2.578,26.640,78.980800
7,7.012,0.091,28.830,78.981600
1,1.016,0.604,21.200,78.982400
3,3.020,1.617,23.390,78.983200
5,5.024,2.630,25.580,78.984000
7,7.028,0.000,27.770,78.984800
1,1.000,0.513,21.560,79.009600
3,3.004,1.526,23.750,79.010400
5,5.008,2.539,25.940,79.011200
7,7.012,0.052,28.130,79.012000
1,1.016,0.565,22.320,79.012800
3,3.020,1.578,24.510,79.013600
5,5.024,2.591,26.700,79.014400
7,7.028,0.104,28.890,79.015200
1,1.000,0.617,22.680,79.040000
3,3.004,1.630,23.050,79.040800
5,5.008,2.500,25.240,79.041600
7,7.012,0.013,27.430,79.042400
1,1.016,0.526,21.620,79.043200
3,3.020,1.539,23.810,79.044000
5,5.024,2.552,26.000,79.044800
7,7.028,0.065,28.190,79.045600
1,1.000,0.578,21.980,79.070400
3,3.004,1.591,24.170,79.071200
5,5.008,2.604,26.360,79.072000
7,7.012,0.117,28.550,79.072800
1,1.016,0.630,22.740,79.073600
3,3.020,1.500,24.930,79.074400
5,5.024,2.513,25.300,79.075200
7,7.028,0.026,27.490,79.076000
1,1.000,0.539,21.280,79.100800
3,3.004,1.552,23.470,79.101600
5,5.008,2.565,25.660,79.102400
7,7.012,0.078,27.850,79.103200
1,1.016,0.591,22.040,79.104000
3,3.020,1.604,24.230,79.104800
5,5.024,2.617,26.420,79.105600
7,7.028,0.130,28.610,79.106400
1,1.000,0.500,22.400,79.131200
3,3.004,1.513,24.590,79.132000
5,5.008,2.526,26.780,79.132800
7,7.012,0.039,27.150,79.133600
1,1.016,0.552,21.340,79.134400
3,3.020,1.565,23.530,79.135200
5,5.024,2.578,25.720,79.136000
7,7.028,0.091,27.910,79.136800
1,1.000,0.604,21.700,79.161600
3,3.004,1.617,23.890,79.162400
5,5.008,2.630,26.080,79.163200
7,7.012,0.000,28.270,79.164000
1,1.016,0.513,22.460,79.164800
3,3.020,1.526,24.650,79.165600
5,5.024,2.539,26.840,79.166400
7,7.028,0.052,29.030,79.167200
1,1.000,0.565,21.000,79.192000
3,3.004,1.578,23.190,79.192800
5,5.008,2.591,25.380,79.193600
7,7.012,0.104,27.570,79.194400
1,1.016,0.617,21.760,79.195200
3,3.020,1.630,23.950,79.196000
5,5.024,2.500,26.140,79.196800
7,7.028,0.013,28.330,79.197600
1,1.000,0.526,22.120,79.222400
3,3.004,1.539,24.310,79.223200
5,5.008,2.552,26.500,79.224000
7,7.012,0.065,28.690,79.224800
1,1.016,0.578,22.880,79.225600
3,3.020,1.591,23.250,79.226400
5,5.024,2.604,25.440,79.227200
7,7.028,0.117,27.630,79.228000
1,1.000,0.630,21.420,79.252800
3,3.004,1.500,23.610,79.253600
5,5.008,2.513,25.800,79.254400
7,7.012,0.026,27.990,79.255200
1,1.016,0.539,22.180,79.256000
3,3.020,1.552,24.370,79.256800
5,5.024,2.565,26.560,79.257600
7,7.028,0.078,28.750,79.258400
9,9.021,1.000,29.000,79.283200
11,11.025,2.013,20.190,79.284000
13,13.029,3.026,22.380,79.284800
15,15.033,0.539,24.570,79.285600
9,9.037,1.052,29.760,79.286400
11,11.041,2.065,20.950,79.287200
13,13.045,3.078,23.140,79.288000
15,15.049,0.591,25.330,79.288800
9,9.021,1.104,30.120,79.313600
11,11.025,2.117,21.310,79.314400
13,13.029,3.130,23.500,79.315200
15,15.033,0.500,25.690,79.316000
9,9.037,1.013,30.880,79.316800
11,11.041,2.026,20.250,79.317600
13,13.045,3.039,22.440,79.318400
15,15.049,0.552,24.630,79.319200
9,9.021,1.065,29.420,79.344000
11,11.025,2.078,20.610,79.344800
13,13.029,3.091,22.800,79.345600
15,15.033,0.604,24.990,79.346400
9,9.037,1.117,30.180,79.347200
11,11.041,2.130,21.370,79.348000
13,13.045,3.000,23.560,79.348800
15,15.049,0.513,25.750,79.349600
9,9.021,1.026,30.540,79.374400
11,11.025,2.039,21.730,79.375200
13,13.029,3.052,22.100,79.376000
15,15.033,0.565,24.290,79.376800
9,9.037,1.078,29.480,79.377600
11,11.041,2.091,20.670,79.378400
13,13.045,3.104,22.860,79.379200
15,15.049,0.617,25.050,79.380000
9,9.021,1.130,29.840,79.404800
11,11.025,2.000,21.030,79.405600
13,13.029,3.013,23.220,79.406400
15,15.033,0.526,25.410,79.407200
9,9.037,1.039,30.600,79.408000
11,11.041,2.052,21.790,79.408800
13,13.045,3.065,23.980,79.409600
15,15.049,0.578,24.350,79.410400
9,9.021,1.091,29.140,79.435200
11,11.025,2.104,20.330,79.436000
13,13.029,3.117,22.520,79.436800
15,15.033,0.630,24.710,79.437600
9,9.037,1.000,29.900,79.438400
11,11.041,2.013,21.090,79.439200
13,13.045,3.026,23.280,79.440000
15,15.049,0.539,25.470,79.440800
9,9.021,1.052,30.260,79.465600
11,11.025,2.065,21.450,79.466400
13,13.029,3.078,23.640,79.467200
15,15.033,0.591,25.830,79.468000
9,9.037,1.104,29.200,79.468800
11,11.041,2.117,20.390,79.469600
13,13.045,3.130,22.580,79.470400
15,15.049,0.500,24.770,79.471200
9,9.021,1.013,29.560,79.496000
11,11.025,2.026,20.750,79.496800
13,13.029,3.039,22.940,79.497600
15,15.033,0.552,25.130,79.498400
9,9.037,1.065,30.320,79.499200
11,11.041,2.078,21.510,79.500000
13,13.045,3.091,23.700,79.500800
15,15.049,0.604,25.890,79.501600
9,9.021,1.117,30.680,79.526400
11,11.025,2.130,20.050,79.527200
13,13.029,3.000,22.240,79.528000
15,15.033,0.513,24.430,79.528800
9,9.037,1.026,29.620,79.529600
11,11.041,2.039,20.810,79.530400
13,13.045,3.052,23.000,79.531200
15,15.049,0.565,25.190,79.532000
9,9.021,1.078,29.980,79.556800
11,11.025,2.091,21.170,79.557600
13,13.029,3.104,23.360,79.558400
15,15.033,0.617,25.550,79.559200
9,9.037,1.130,30.740,79.560000
11,11.041,2.000,21.930,79.560800
13,13.045,3.013,22.300,79.561600
15,15.049,0.526,24.490,79.562400
9,9.021,1.039,29.280,79.587200
11,11.025,2.052,20.470,79.588000
13,13.029,3.065,22.660,79.588800
15,15.033,0.578,24.850,79.589600
9,9.037,1.091,30.040,79.590400
11,11.041,2.104,21.230,79.591200
13,13.045,3.117,23.420,79.592000
15,15.049,0.630,25.610,79.592800
9,9.021,1.000,30.400,79.617600
11,11.025,2.013,21.590,79.618400
13,13.029,3.026,23.780,79.619200
15,15.033,0.539,24.150,79.620000
9,9.037,1.052,29.340,79.620800
11,11.041,2.065,20.530,79.621600
13,13.045,3.078,22.720,79.622400
15,15.049,0.591,24.910,79.623200
9,9.021,1.104,29.700,79.648000
11,11.025,2.117,20.890,79.648800
13,13.029,3.130,23.080,79.649600
15,15.033,0.500,25.270,79.650400
9,9.037,1.013,30.460,79.651200
11,11.041,2.026,21.650,79.652000
13,13.045,3.039,23.840,79.652800
15,15.049,0.552,26.030,79.653600
9,9.021,1.065,29.000,79.678400
11,11.025,2.078,20.190,79.679200
13,13.029,3.091,22.380,79.680000
15,15.033,0.604,24.570,79.680800
9,9.037,1.117,29.760,79.681600
11,11.041,2.130,20.950,79.682400
13,13.045,3.000,23.140,79.683200
15,15.049,0.513,25.330,79.684000
9,9.021,1.026,30.120,79.708800
11,11.025,2.039,21.310,79.709600
13,13.029,3.052,23.500,79.710400
15,15.033,0.565,25.690,79.711200
9,9.037,1.078,30.880,79.712000
11,11.041,2.091,20.250,79.712800
13,13.045,3.104,22.440,79.713600
15,15.049,0.617,24.630,79.714400
9,9.021,1.130,29.420,79.739200
11,11.025,2.000,20.610,79.740000
13,13.029,3.013,22.800,79.740800
15,15.033,0.526,24.990,79.741600
9,9.037,1.039,30.180,79.742400
11,11.041,2.052,21.370,79.743200
13,13.045,3.065,23.560,79.744000
15,15.049,0.578,25.750,79.744800
17,17.042,1.500,26.000,79.769600
19,19.046,2.513,28.190,79.770400
21,21.050,0.026,30.380,79.771200
23,23.054,1.039,21.570,79.772000
17,17.058,1.552,26.760,79.772800
19,19.062,2.565,28.950,79.773600
21,21.066,0.078,31.140,79.774400
23,23.070,1.091,22.330,79.775200
17,17.042,1.604,27.120,79.800000
19,19.046,2.617,29.310,79.800800
21,21.050,0.130,31.500,79.801600
23,23.054,1.000,22.690,79.802400
17,17.058,1.513,27.880,79.803200
19,19.062,2.526,28.250,79.804000
21,21.066,0.039,30.440,79.804800
23,23.070,1.052,21.630,79.805600
17,17.042,1.565,26.420,79.830400
19,19.046,2.578,28.610,79.831200
21,21.050,0.091,30.800,79.832000
23,23.054,1.104,21.990,79.832800
17,17.058,1.617,27.180,79.833600
19,19.062,2.630,29.370,79.834400
21,21.066,0.000,31.560,79.835200
23,23.070,1.013,22.750,79.836000
17,17.042,1.526,27.540,79.860800
19,19.046,2.539,29.730,79.861600
21,21.050,0.052,30.100,79.862400
23,23.054,1.065,21.290,79.863200
17,17.058,1.578,26.480,79.864000
19,19.062,2.591,28.670,79.864800
21,21.066,0.104,30.860,79.865600
23,23.070,1.117,22.050,79.866400
17,17.042,1.630,26.840,79.891200
19,19.046,2.500,29.030,79.892000
21,21.050,0.013,31.220,79.892800
23,23.054,1.026,22.410,79.893600
17,17.058,1.539,27.600,79.894400
19,19.062,2.552,29.790,79.895200
21,21.066,0.065,31.980,79.896000
23,23.070,1.078,21.350,79.896800
17,17.042,1.591,26.140,79.921600
19,19.046,2.604,28.330,79.922400
21,21.050,0.117,30.520,79.923200
23,23.054,1.130,21.710,79.924000
17,17.058,1.500,26.900,79.924800
19,19.062,2.513,29.090,79.925600
21,21.066,0.026,31.280,79.926400
23,23.070,1.039,22.470,79.927200
17,17.042,1.552,27.260,79.952000
19,19.046,2.565,29.450,79.952800
21,21.050,0.078,31.640,79.953600
23,23.054,1.091,22.830,79.954400
17,17.058,1.604,26.200,79.955200
19,19.062,2.617,28.390,79.956000
21,21.066,0.130,30.580,79.956800
23,23.070,1.000,21.770,79.957600
17,17.042,1.513,26.560,79.982400
19,19.046,2.526,28.750,79.983200
21,21.050,0.039,30.940,79.984000
23,23.054,1.052,22.130,79.984800
17,17.058,1.565,27.320,79.985600
19,19.062,2.578,29.510,79.986400
21,21.066,0.091,31.700,79.987200
23,23.070,1.104,22.890,79.988000
17,17.042,1.617,27.680,80.012800
19,19.046,2.630,28.050,80.013600
21,21.050,0.000,30.240,80.014400
23,23.054,1.013,21.430,80.015200
17,17.058,1.526,26.620,80.016000
19,19.062,2.539,28.810,80.016800
21,21.066,0.052,31.000,80.017600
23,23.070,1.065,22.190,80.018400
17,17.042,1.578,26.980,80.043200
19,19.046,2.591,29.170,80.044000
21,21.050,0.104,31.360,80.044800
23,23.054,1.117,22.550,80.045600
17,17.058,1.630,27.740,80.046400
19,19.062,2.500,29.930,80.047200
21,21.066,0.013,30.300,80.048000
23,23.070,1.026,21.490,80.048800
17,17.042,1.539,26.280,80.073600
19,19.046,2.552,28.470,80.074400
21,21.050,0.065,30.660,80.075200
23,23.054,1.078,21.850,80.076000
17,17.058,1.591,27.040,80.076800
19,19.062,2.604,29.230,80.077600
21,21.066,0.117,31.420,80.078400
23,23.070,1.130,22.610,80.079200
17,17.042,1.500,27.400,80.104000
19,19.046,2.513,29.590,80.104800
21,21.050,0.026,31.780,80.105600
23,23.054,1.039,21.150,80.106400
17,17.058,1.552,26.340,80.107200
19,19.062,2.565,28.530,80.108000
21,21.066,0.078,30.720,80.108800
23,23.070,1.091,21.910,80.109600
17,17.042,1.604,26.700,80.134400
19,19.046,2.617,28.890,80.135200
21,21.050,0.130,31.080,80.136000
23,23.054,1.000,22.270,80.136800
17,17.058,1.513,27.460,80.137600
19,19.062,2.526,29.650,80.138400
21,21.066,0.039,31.840,80.139200
23,23.070,1.052,23.030,80.140000
17,17.042,1.565,26.000,80.164800
19,19.046,2.578,28.190,80.165600
21,21.050,0.091,30.380,80.166400
23,23.054,1.104,21.570,80.167200
17,17.058,1.617,26.760,80.168000
19,19.062,2.630,28.950,80.168800
21,21.066,0.000,31.140,80.169600
23,23.070,1.013,22.330,80.170400
17,17.042,1.526,27.120,80.195200
19,19.046,2.539,29.310,80.196000
21,21.050,0.052,31.500,80.196800
23,23.054,1.065,22.690,80.197600
17,17.058,1.578,27.880,80.198400
19,19.062,2.591,28.250,80.199200
21,21.066,0.104,30.440,80.200000
23,23.070,1.117,21.630,80.200800
17,17.042,1.630,26.420,80.225600
19,19.046,2.500,28.610,80.226400
21,21.050,0.013,30.800,80.227200
23,23.054,1.026,21.990,80.228000
17,17.058,1.539,27.180,80.228800
19,19.062,2.552,29.370,80.229600
21,21.066,0.065,31.560,80.230400
23,23.070,1.078,22.750,80.231200
1,1.063,0.500,21.000,80.256000
3,3.067,1.513,23.190,80.256800
5,5.071,2.526,25.380,80.257600
7,7.075,0.039,27.570,80.258400
1,1.079,0.552,21.760,80.259200
3,3.083,1.565,23.950,80.260000
5,5.087,2.578,26.140,80.260800
7,7.091,0.091,28.330,80.261600
1,1.063,0.604,22.120,80.286400
3,3.067,1.617,24.310,80.287200
5,5.071,2.630,26.500,80.288000
7,7.075,0.000,28.690,80.288800
1,1.079,0.513,22.880,80.289600
3,3.083,1.526,23.250,80.290400
5,5.087,2.539,25.440,80.291200
7,7.091,0.052,27.630,80.292000
1,1.063,0.565,21.420,80.316800
3,3.067,1.578,23.610,80.317600
5,5.071,2.591,25.800,80.318400
7,7.075,0.104,27.990,80.319200
1,1.079,0.617,22.180,80.320000
3,3.083,1.630,24.370,80.320800
5,5.087,2.500,26.560,80.321600
7,7.091,0.013,28.750,80.322400
1,1.063,0.526,22.540,80.347200
3,3.067,1.539,24.730,80.348000
5,5.071,2.552,25.100,80.348800
7,7.075,0.065,27.290,80.349600
1,1.079,0.578,21.480,80.350400
3,3.083,1.591,23.670,80.351200
5,5.087,2.604,25.860,80.352000
7,7.091,0.117,28.050,80.352800
1,1.063,0.630,21.840,80.377600
3,3.067,1.500,24.030,80.378400
5,5.071,2.513,26.220,80.379200
7,7.075,0.026,28.410,80.380000
1,1.079,0.539,22.600,80.380800
3,3.083,1.552,24.790,80.381600
5,5.087,2.565,26.980,80.382400
7,7.091,0.078,27.350,80.383200
1,1.063,0.591,21.140,80.408000
3,3.067,1.604,23.330,80.408800
5,5.071,2.617,25.520,80.409600
7,7.075,0.130,27.710,80.410400
1,1.079,0.500,21.900,80.411200
3,3.083,1.513,24.090,80.412000
5,5.087,2.526,26.280,80.412800
7,7.091,0.039,28.470,80.413600
1,1.063,0.552,22.260,80.438400
3,3.067,1.565,24.450,80.439200
5,5.071,2.578,26.640,80.440000
7,7.075,0.091,28.830,80.440800
1,1.079,0.604,21.200,80.441600
3,3.083,1.617,23.390,80.442400
5,5.087,2.630,25.580,80.443200
7,7.091,0.000,27.770,80.444000
1,1.063,0.513,21.560,80.468800
3,3.067,1.526,23.750,80.469600
5,5.071,2.539,25.940,80.470400
7,7.075,0.052,28.130,80.471200
1,1.079,0.565,22.320,80.472000
3,3.083,1.578,24.510,80.472800
5,5.087,2.591,26.700,80.473600
7,7.091,0.104,28.890,80.474400
1,1.063,0.617,22.680,80.499200
3,3.067,1.630,23.050,80.500000
5,5.071,2.500,25.240,80.500800
7,7.075,0.013,27.430,80.501600
1,1.079,0.526,21.620,80.502400
3,3.083,1.539,23.810,80.503200
5,5.087,2.552,26.000,80.504000
7,7.091,0.065,28.190,80.504800
1,1.063,0.578,21.980,80.529600
3,3.067,1.591,24.170,80.530400
5,5.071,2.604,26.360,80.531200
7,7.075,0.117,28.550,80.532000
1,1.079,0.630,22.740,80.532800
3,3.083,1.500,24.930,80.533600
5,5.087,2.513,25.300,80.534400
7,7.091,0.026,27.490,80.535200
1,1.063,0.539,21.280,80.560000
3,3.067,1.552,23.470,80.560800
5,5.071,2.565,25.660,80.561600
7,7.075,0.078,27.850,80.562400
1,1.079,0.591,22.040,80.563200
3,3.083,1.604,24.230,80.564000
5,5.087,2.617,26.420,80.564800
7,7.091,0.130,28.610,80.565600
1,1.063,0.500,22.400,80.590400
3,3.067,1.513,24.590,80.591200
5,5.071,2.526,26.780,80.592000
7,7.075,0.039,27.150,80.592800
1,1.079,0.552,21.340,80.593600
3,3.083,1.565,23.530,80.594400
5,5.087,2.578,25.720,80.595200
7,7.091,0.091,27.910,80.596000
1,1.063,0.604,21.700,80.620800
3,3.067,1.617,23.890,80.621600
5,5.071,2.630,26.080,80.622400
7,7.075,0.000,28.270,80.623200
1,1.079,0.513,22.460,80.624000
3,3.083,1.526,24.650,80.624800
5,5.087,2.539,26.840,80.625600
7,7.091,0.052,29.030,80.626400
1,1.063,0.565,21.000,80.651200
3,3.067,1.578,23.190,80.652000
5,5.071,2.591,25.380,80.652800
7,7.075,0.104,27.570,80.653600
1,1.079,0.617,21.760,80.654400
3,3.083,1.630,23.950,80.655200
5,5.087,2.500,26.140,80.656000
7,7.091,0.013,28.330,80.656800
1,1.063,0.526,22.120,80.681600
3,3.067,1.539,24.310,80.682400
5,5.071,2.552,26.500,80.683200
7,7.075,0.065,28.690,80.684000
1,1.079,0.578,22.880,80.684800
3,3.083,1.591,23.250,80.685600
5,5.087,2.604,25.440,80.686400
7,7.091,0.117,27.630,80.687200
1,1.063,0.630,21.420,80.712000
3,3.067,1.500,23.610,80.712800
5,5.071,2.513,25.800,80.713600
7,7.075,0.026,27.990,80.714400
1,1.079,0.539,22.180,80.715200
3,3.083,1.552,24.370,80.716000
5,5.087,2.565,26.560,80.716800
7,7.091,0.078,28.750,80.717600
9,9.084,1.000,29.000,80.742400
11,11.088,2.013,20.190,80.743200
13,13.092,3.026,22.380,80.744000
15,15.096,0.539,24.570,80.744800
9,9.100,1.052,29.760,80.745600
11,11.104,2.065,20.950,80.746400
13,13.108,3.078,23.140,80.747200
15,15.112,0.591,25.330,80.748000
9,9.084,1.104,30.120,80.772800
11,11.088,2.117,21.310,80.773600
13,13.092,3.130,23.500,80.774400
15,15.096,0.500,25.690,80.775200
9,9.100,1.013,30.880,80.776000
11,11.104,2.026,20.250,80.776800
13,13.108,3.039,22.440,80.777600
15,15.112,0.552,24.630,80.778400
9,9.084,1.065,29.420,80.803200
11,11.088,2.078,20.610,80.804000
13,13.092,3.091,22.800,80.804800
15,15.096,0.604,24.990,80.805600
9,9.100,1.117,30.180,80.806400
11,11.104,2.130,21.370,80.807200
13,13.108,3.000,23.560,80.808000
15,15.112,0.513,25.750,80.808800
9,9.084,1.026,30.540,80.833600
11,11.088,2.039,21.730,80.834400
13,13.092,3.052,22.100,80.835200
15,15.096,0.565,24.290,80.836000
9,9.100,1.078,29.480,80.836800
11,11.104,2.091,20.670,80.837600
13,13.108,3.104,22.860,80.838400
15,15.112,0.617,25.050,80.839200
9,9.084,1.130,29.840,80.864000
11,11.088,2.000,21.030,80.864800
13,13.092,3.013,23.220,80.865600
15,15.096,0.526,25.410,80.866400
9,9.100,1.039,30.600,80.867200
11,11.104,2.052,21.790,80.868000
13,13.108,3.065,23.980,80.868800
15,15.112,0.578,24.350,80.869600
9,9.084,1.091,29.140,80.894400
11,11.088,2.104,20.330,80.895200
13,13.092,3.117,22.520,80.896000
15,15.096,0.630,24.710,80.896800
9,9.100,1.000,29.900,80.897600
11,11.104,2.013,21.090,80.898400
13,13.108,3.026,23.280,80.899200
15,15.112,0.539,25.470,80.900000
9,9.084,1.052,30.260,80.924800
11,11.088,2.065,21.450,80.925600
13,13.092,3.078,23.640,80.926400
15,15.096,0.591,25.830,80.927200
9,9.100,1.104,29.200,80.928000
11,11.104,2.117,20.390,80.928800
13,13.108,3.130,22.580,80.929600
15,15.112,0.500,24.770,80.930400
9,9.084,1.013,29.560,80.955200
11,11.088,2.026,20.750,80.956000
13,13.092,3.039,22.940,80.956800
15,15.096,0.552,25.130,80.957600
9,9.100,1.065,30.320,80.958400
11,11.104,2.078,21.510,80.959200
13,13.108,3.091,23.700,80.960000
15,15.112,0.604,25.890,80.960800
9,9.084,1.117,30.680,80.985600
11,11.088,2.130,20.050,80.986400
13,13.092,3.000,22.240,80.987200
15,15.096,0.513,24.430,80.988000
9,9.100,1.026,29.620,80.988800
11,11.104,2.039,20.810,80.989600
13,13.108,3.052,23.000,80.990400
15,15.112,0.565,25.190,80.991200
9,9.084,1.078,29.980,81.016000
11,11.088,2.091,21.170,81.016800
13,13.092,3.104,23.360,81.017600
15,15.096,0.617,25.550,81.018400
9,9.100,1.130,30.740,81.019200
11,11.104,2.000,21.930,81.020000
13,13.108,3.013,22.300,81.020800
15,15.112,0.526,24.490,81.021600
9,9.084,1.039,29.280,81.046400
11,11.088,2.052,20.470,81.047200
13,13.092,3.065,22.660,81.048000
15,15.096,0.578,24.850,81.048800
9,9.100,1.091,30.040,81.049600
11,11.104,2.104,21.230,81.050400
13,13.108,3.117,23.420,81.051200
15,15.112,0.630,25.610,81.052000
9,9.084,1.000,30.400,81.076800
11,11.088,2.013,21.590,81.077600
13,13.092,3.026,23.780,81.078400
15,15.096,0.539,24.150,81.079200
9,9.100,1.052,29.340,81.080000
11,11.104,2.065,20.530,81.080800
13,13.108,3.078,22.720,81.081600
15,15.112,0.591,24.910,81.082400
9,9.084,1.104,29.700,81.107200
11,11.088,2.117,20.890,81.108000
13,13.092,3.130,23.080,81.108800
15,15.096,0.500,25.270,81.109600
9,9.100,1.013,30.460,81.110400
11,11.104,2.026,21.650,81.111200
13,13.108,3.039,23.840,81.112000
15,15.112,0.552,26.030,81.112800
9,9.084,1.065,29.000,81.137600
11,11.088,2.078,20.190,81.138400
13,13.092,3.091,22.380,81.139200
15,15.096,0.604,24.570,81.140000
9,9.100,1.117,29.760,81.140800
11,11.104,2.130,20.950,81.141600
13,13.108,3.000,23.140,81.142400
15,15.112,0.513,25.330,81.143200
9,9.084,1.026,30.120,81.168000
11,11.088,2.039,21.310,81.168800
13,13.092,3.052,23.500,81.169600
15,15.096,0.565,25.690,81.170400
9,9.100,1.078,30.880,81.171200
11,11.104,2.091,20.250,81.172000
13,13.108,3.104,22.440,81.172800
15,15.112,0.617,24.630,81.173600
9,9.084,1.130,29.420,81.198400
11,11.088,2.000,20.610,81.199200
13,13.092,3.013,22.800,81.200000
15,15.096,0.526,24.990,81.200800
9,9.100,1.039,30.180,81.201600
11,11.104,2.052,21.370,81.202400
13,13.108,3.065,23.560,81.203200
15,15.112,0.578,25.750,81.204000
17,17.105,1.500,26.000,81.228800
19,19.109,2.513,28.190,81.229600
21,21.113,0.026,30.380,81.230400
23,23.117,1.039,21.570,81.231200
17,17.121,1.552,26.760,81.232000
19,19.125,2.565,28.950,81.232800
21,21.129,0.078,31.140,81.233600
23,23.133,1.091,22.330,81.234400
17,17.105,1.604,27.120,81.259200
19,19.109,2.617,29.310,81.260000
21,21.113,0.130,31.500,81.260800
23,23.117,1.000,22.690,81.261600
17,17.121,1.513,27.880,81.262400
19,19.125,2.526,28.250,81.263200
21,21.129,0.039,30.440,81.264000
23,23.133,1.052,21.630,81.264800
17,17.105,1.565,26.420,81.289600
19,19.109,2.578,28.610,81.290400
21,21.113,0.091,30.800,81.291200
23,23.117,1.104,21.990,81.292000
17,17.121,1.617,27.180,81.292800
19,19.125,2.630,29.370,81.293600
21,21.129,0.000,31.560,81.294400
23,23.133,1.013,22.750,81.295200
17,17.105,1.526,27.540,81.320000
19,19.109,2.539,29.730,81.320800
21,21.113,0.052,30.100,81.321600
23,23.117,1.065,21.290,81.322400
17,17.121,1.578,26.480,81.323200
19,19.125,2.591,28.670,81.324000
21,21.129,0.104,30.860,81.324800
23,23.133,1.117,22.050,81.325600
17,17.105,1.630,26.840,81.350400
19,19.109,2.500,29.030,81.351200
21,21.113,0.013,31.220,81.352000
23,23.117,1.026,22.410,81.352800
17,17.121,1.539,27.600,81.353600
19,19.125,2.552,29.790,81.354400
21,21.129,0.065,31.980,81.355200
23,23.133,1.078,21.350,81.356000
17,17.105,1.591,26.140,81.380800
19,19.109,2.604,28.330,81.381600
21,21.113,0.117,30.520,81.382400
23,23.117,1.130,21.710,81.383200
17,17.121,1.500,26.900,81.384000
19,19.125,2.513,29.090,81.384800
21,21.129,0.026,31.280,81.385600
23,23.133,1.039,22.470,81.386400
17,17.105,1.552,27.260,81.411200
19,19.109,2.565,29.450,81.412000
21,21.113,0.078,31.640,81.412800
23,23.117,1.091,22.830,81.413600
17,17.121,1.604,26.200,81.414400
19,19.125,2.617,28.390,81.415200
21,21.129,0.130,30.580,81.416000
23,23.133,1.000,21.770,81.416800
17,17.105,1.513,26.560,81.441600
19,19.109,2.526,28.750,81.442400
21,21.113,0.039,30.940,81.443200
23,23.117,1.052,22.130,81.444000
17,17.121,1.565,27.320,81.444800
19,19.125,2.578,29.510,81.445600
21,21.129,0.091,31.700,81.446400
23,23.133,1.104,22.890,81.447200
17,17.105,1.617,27.680,81.472000
19,19.109,2.630,28.050,81.472800
21,21.113,0.000,30.240,81.473600
23,23.117,1.013,21.430,81.474400
17,17.121,1.526,26.620,81.475200
19,19.125,2.539,28.810,81.476000
21,21.129,0.052,31.000,81.476800
23,23.133,1.065,22.190,81.477600
17,17.105,1.578,26.980,81.502400
19,19.109,2.591,29.170,81.503200
21,21.113,0.104,31.360,81.504000
23,23.117,1.117,22.550,81.504800
17,17.121,1.630,27.740,81.505600
19,19.125,2.500,29.930,81.506400
21,21.129,0.013,30.300,81.507200
23,23.133,1.026,21.490,81.508000
17,17.105,1.539,26.280,81.532800
19,19.109,2.552,28.470,81.533600
21,21.113,0.065,30.660,81.534400
23,23.117,1.078,21.850,81.535200
17,17.121,1.591,27.040,81.536000
19,19.125,2.604,29.230,81.536800
21,21.129,0.117,31.420,81.537600
23,23.133,1.130,22.610,81.538400
17,17.105,1.500,27.400,81.563200
19,19.109,2.513,29.590,81.564000
21,21.113,0.026,31.780,81.564800
23,23.117,1.039,21.150,81.565600
17,17.121,1.552,26.340,81.566400
19,19.125,2.565,28.530,81.567200
21,21.129,0.078,30.720,81.568000
23,23.133,1.091,21.910,81.568800
17,17.105,1.604,26.700,81.593600
19,19.109,2.617,28.890,81.594400
21,21.113,0.130,31.080,81.595200
23,23.117,1.000,22.270,81.596000
17,17.121,1.513,27.460,81.596800
19,19.125,2.526,29.650,81.597600
21,21.129,0.039,31.840,81.598400
23,23.133,1.052,23.030,81.599200
17,17.105,1.565,26.000,81.624000
19,19.109,2.578,28.190,81.624800
21,21.113,0.091,30.380,81.625600
23,23.117,1.104,21.570,81.626400
17,17.121,1.617,26.760,81.627200
19,19.125,2.630,28.950,81.628000
21,21.129,0.000,31.140,81.628800
23,23.133,1.013,22.330,81.629600
17,17.105,1.526,27.120,81.654400
19,19.109,2.539,29.310,81.655200
21,21.113,0.052,31.500,81.656000
23,23.117,1.065,22.690,81.656800
17,17.121,1.578,27.880,81.657600
19,19.125,2.591,28.250,81.658400
21,21.129,0.104,30.440,81.659200
23,23.133,1.117,21.630,81.660000
17,17.105,1.630,26.420,81.684800
19,19.109,2.500,28.610,81.685600
21,21.113,0.013,30.800,81.686400
23,23.117,1.026,21.990,81.687200
17,17.121,1.539,27.180,81.688000
19,19.125,2.552,29.370,81.688800
21,21.129,0.065,31.560,81.689600
23,23.133,1.078,22.750,81.690400
1,1.126,0.500,21.000,81.715200
3,3.130,1.513,23.190,81.716000
5,5.134,2.526,25.380,81.716800
7,7.138,0.039,27.570,81.717600
1,1.142,0.552,21.760,81.718400
3,3.146,1.565,23.950,81.719200
5,5.150,2.578,26.140,81.720000
7,7.154,0.091,28.330,81.720800
1,1.126,0.604,22.120,81.745600
3,3.130,1.617,24.310,81.746400
5,5.134,2.630,26.500,81.747200
7,7.138,0.000,28.690,81.748000
1,1.142,0.513,22.880,81.748800
3,3.146,1.526,23.250,81.749600
5,5.150,2.539,25.440,81.750400
7,7.154,0.052,27.630,81.751200
1,1.126,0.565,21.420,81.776000
3,3.130,1.578,23.610,81.776800
5,5.134,2.591,25.800,81.777600
7,7.138,0.104,27.990,81.778400
1,1.142,0.617,22.180,81.779200
3,3.146,1.630,24.370,81.780000
5,5.150,2.500,26.560,81.780800
7,7.154,0.013,28.750,81.781600
1,1.126,0.526,22.540,81.806400
3,3.130,1.539,24.730,81.807200
5,5.134,2.552,25.100,81.808000
7,7.138,0.065,27.290,81.808800
1,1.142,0.578,21.480,81.809600
3,3.146,1.591,23.670,81.810400
5,5.150,2.604,25.860,81.811200
7,7.154,0.117,28.050,81.812000
1,1.126,0.630,21.840,81.836800
3,3.130,1.500,24.030,81.837600
5,5.134,2.513,26.220,81.838400
7,7.138,0.026,28.410,81.839200
1,1.142,0.539,22.600,81.840000
3,3.146,1.552,24.790,81.840800
5,5.150,2.565,26.980,81.841600
7,7.154,0.078,27.350,81.842400
1,1.126,0.591,21.140,81.867200
3,3.130,1.604,23.330,81.868000
5,5.134,2.617,25.520,81.868800
7,7.138,0.130,27.710,81.869600
1,1.142,0.500,21.900,81.870400
3,3.146,1.513,24.090,81.871200
5,5.150,2.526,26.280,81.872000
7,7.154,0.039,28.470,81.872800
1,1.126,0.552,22.260,81.897600
3,3.130,1.565,24.450,81.898400
5,5.134,2.578,26.640,81.899200
7,7.138,0.091,28.830,81.900000
1,1.142,0.604,21.200,81.900800
3,3.146,1.617,23.390,81.901600
5,5.150,2.630,25.580,81.902400
7,7.154,0.000,27.770,81.903200
1,1.126,0.513,21.560,81.928000
3,3.130,1.526,23.750,81.928800
5,5.134,2.539,25.940,81.929600
7,7.138,0.052,28.130,81.930400
1,1.142,0.565,22.320,81.931200
3,3.146,1.578,24.510,81.932000
5,5.150,2.591,26.700,81.932800
7,7.154,0.104,28.890,81.933600
1,1.126,0.617,22.680,81.958400
3,3.130,1.630,23.050,81.959200
5,5.134,2.500,25.240,81.960000
7,7.138,0.013,27.430,81.960800
1,1.142,0.526,21.620,81.961600
3,3.146,1.539,23.810,81.962400
5,5.150,2.552,26.000,81.963200
7,7.154,0.065,28.190,81.964000
1,1.126,0.578,21.980,81.988800
3,3.130,1.591,24.170,81.989600
5,5.134,2.604,26.360,81.990400
7,7.138,0.117,28.550,81.991200
1,1.142,0.630,22.740,81.992000
3,3.146,1.500,24.930,81.992800
5,5.150,2.513,25.300,81.993600
7,7.154,0.026,27.490,81.994400
1,1.126,0.539,21.280,82.019200
3,3.130,1.552,23.470,82.020000
5,5.134,2.565,25.660,82.020800
7,7.138,0.078,27.850,82.021600
1,1.142,0.591,22.040,82.022400
3,3.146,1.604,24.230,82.023200
5,5.150,2.617,26.420,82.024000
7,7.154,0.130,28.610,82.024800
1,1.126,0.500,22.400,82.049600
3,3.130,1.513,24.590,82.050400
5,5.134,2.526,26.780,82.051200
7,7.138,0.039,27.150,82.052000
1,1.142,0.552,21.340,82.052800
3,3.146,1.565,23.530,82.053600
5,5.150,2.578,25.720,82.054400
7,7.154,0.091,27.910,82.055200
1,1.126,0.604,21.700,82.080000
3,3.130,1.617,23.890,82.080800
5,5.134,2.630,26.080,82.081600
7,7.138,0.000,28.270,82.082400
1,1.142,0.513,22.460,82.083200
3,3.146,1.526,24.650,82.084000
5,5.150,2.539,26.840,82.084800
7,7.154,0.052,29.030,82.085600
1,1.126,0.565,21.000,82.110400
3,3.130,1.578,23.190,82.111200
5,5.134,2.591,25.380,82.112000
7,7.138,0.104,27.570,82.112800
1,1.142,0.617,21.760,82.113600
3,3.146,1.630,23.950,82.114400
5,5.150,2.500,26.140,82.115200
7,7.154,0.013,28.330,82.116000
1,1.126,0.526,22.120,82.140800
3,3.130,1.539,24.310,82.141600
5,5.134,2.552,26.500,82.142400
7,7.138,0.065,28.690,82.143200
1,1.142,0.578,22.880,82.144000
3,3.146,1.591,23.250,82.144800
5,5.150,2.604,25.440,82.145600
7,7.154,0.117,27.630,82.146400
1,1.126,0.630,21.420,82.171200
3,3.130,1.500,23.610,82.172000
5,5.134,2.513,25.800,82.172800
7,7.138,0.026,27.990,82.173600
1,1.142,0.539,22.180,82.174400
3,3.146,1.552,24.370,82.175200
5,5.150,2.565,26.560,82.176000
7,7.154,0.078,28.750,82.176800
9,9.147,1.000,29.000,82.201600
11,11.151,2.013,20.190,82.202400
13,13.155,3.026,22.380,82.203200
15,15.159,0.539,24.570,82.204000
9,9.163,1.052,29.760,82.204800
11,11.167,2.065,20.950,82.205600
13,13.171,3.078,23.140,82.206400
15,15.175,0.591,25.330,82.207200
9,9.147,1.104,30.120,82.232000
11,11.151,2.117,21.310,82.232800
13,13.155,3.130,23.500,82.233600
15,15.159,0.500,25.690,82.234400
9,9.163,1.013,30.880,82.235200
11,11.167,2.026,20.250,82.236000
13,13.171,3.039,22.440,82.236800
15,15.175,0.552,24.630,82.237600
9,9.147,1.065,29.420,82.262400
11,11.151,2.078,20.610,82.263200
13,13.155,3.091,22.800,82.264000
15,15.159,0.604,24.990,82.264800
9,9.163,1.117,30.180,82.265600
11,11.167,2.130,21.370,82.266400
13,13.171,3.000,23.560,82.267200
15,15.175,0.513,25.750,82.268000
9,9.147,1.026,30.540,82.292800
11,11.151,2.039,21.730,82.293600
13,13.155,3.052,22.100,82.294400
15,15.159,0.565,24.290,82.295200
9,9.163,1.078,29.480,82.296000
11,11.167,2.091,20.670,82.296800
13,13.171,3.104,22.860,82.297600
15,15.175,0.617,25.050,82.298400
9,9.147,1.130,29.840,82.323200
11,11.151,2.000,21.030,82.324000
13,13.155,3.013,23.220,82.324800
15,15.159,0.526,25.410,82.325600
9,9.163,1.039,30.600,82.326400
11,11.167,2.052,21.790,82.327200
13,13.171,3.065,23.980,82.328000
15,15.175,0.578,24.350,82.328800
9,9.147,1.091,29.140,82.353600
11,11.151,2.104,20.330,82.354400
13,13.155,3.117,22.520,82.355200
15,15.159,0.630,24.710,82.356000
9,9.163,1.000,29.900,82.356800
11,11.167,2.013,21.090,82.357600
13,13.171,3.026,23.280,82.358400
15,15.175,0.539,25.470,82.359200
9,9.147,1.052,30.260,82.384000
11,11.151,2.065,21.450,82.384800
13,13.155,3.078,23.640,82.385600
15,15.159,0.591,25.830,82.386400
9,9.163,1.104,29.200,82.387200
11,11.167,2.117,20.390,82.388000
13,13.171,3.130,22.580,82.388800
15,15.175,0.500,24.770,82.389600
9,9.147,1.013,29.560,82.414400
11,11.151,2.026,20.750,82.415200
13,13.155,3.039,22.940,82.416000
15,15.159,0.552,25.130,82.416800
9,9.163,1.065,30.320,82.417600
11,11.167,2.078,21.510,82.418400
13,13.171,3.091,23.700,82.419200
15,15.175,0.604,25.890,82.420000
9,9.147,1.117,30.680,82.444800
11,11.151,2.130,20.050,82.445600
13,13.155,3.000,22.240,82.446400
15,15.159,0.513,24.430,82.447200
9,9.163,1.026,29.620,82.448000
11,11.167,2.039,20.810,82.448800
13,13.171,3.052,23.000,82.449600
15,15.175,0.565,25.190,82.450400
9,9.147,1.078,29.980,82.475200
11,11.151,2.091,21.170,82.476000
13,13.155,3.104,23.360,82.476800
15,15.159,0.617,25.550,82.477600
9,9.163,1.130,30.740,82.478400
11,11.167,2.000,21.930,82.479200
13,13.171,3.013,22.300,82.480000
15,15.175,0.526,24.490,82.480800
9,9.147,1.039,29.280,82.505600
11,11.151,2.052,20.470,82.506400
13,13.155,3.065,22.660,82.507200
15,15.159,0.578,24.850,82.508000
9,9.163,1.091,30.040,82.508800
11,11.167,2.104,21.230,82.509600
13,13.171,3.117,23.420,82.510400
15,15.175,0.630,25.610,82.511200
9,9.147,1.000,30.400,82.536000
11,11.151,2.013,21.590,82.536800
13,13.155,3.026,23.780,82.537600
15,15.159,0.539,24.150,82.538400
9,9.163,1.052,29.340,82.539200
11,11.167,2.065,20.530,82.540000
13,13.171,3.078,22.720,82.540800
15,15.175,0.591,24.910,82.541600
9,9.147,1.104,29.700,82.566400
11,11.151,2.117,20.890,82.567200
13,13.155,3.130,23.080,82.568000
15,15.159,0.500,25.270,82.568800
9,9.163,1.013,30.460,82.569600
11,11.167,2.026,21.650,82.570400
13,13.171,3.039,23.840,82.571200
15,15.175,0.552,26.030,82.572000
9,9.147,1.065,29.000,82.596800
11,11.151,2.078,20.190,82.597600
13,13.155,3.091,22.380,82.598400
15,15.159,0.604,24.570,82.599200
9,9.163,1.117,29.760,82.600000
11,11.167,2.130,20.950,82.600800
13,13.171,3.000,23.140,82.601600
15,15.175,0.513,25.330,82.602400
9,9.147,1.026,30.120,82.627200
11,11.151,2.039,21.310,82.628000
13,13.155,3.052,23.500,82.628800
15,15.159,0.565,25.690,82.629600
9,9.163,1.078,30.880,82.630400
11,11.167,2.091,20.250,82.631200
13,13.171,3.104,22.440,82.632000
15,15.175,0.617,24.630,82.632800
9,9.147,1.130,29.420,82.657600
11,11.151,2.000,20.610,82.658400
13,13.155,3.013,22.800,82.659200
15,15.159,0.526,24.990,82.660000
9,9.163,1.039,30.180,82.660800
11,11.167,2.052,21.370,82.661600
13,13.171,3.065,23.560,82.662400
15,15.175,0.578,25.750,82.663200
17,17.168,1.500,26.000,82.688000
19,19.172,2.513,28.190,82.688800
21,21.176,0.026,30.380,82.689600
23,23.180,1.039,21.570,82.690400
17,17.184,1.552,26.760,82.691200
19,19.188,2.565,28.950,82.692000
21,21.192,0.078,31.140,82.692800
23,23.196,1.091,22.330,82.693600
17,17.168,1.604,27.120,82.718400
19,19.172,2.617,29.310,82.719200
21,21.176,0.130,31.500,82.720000
23,23.180,1.000,22.690,82.720800
17,17.184,1.513,27.880,82.721600
19,19.188,2.526,28.250,82.722400
21,21.192,0.039,30.440,82.723200
23,23.196,1.052,21.630,82.724000
17,17.168,1.565,26.420,82.748800
19,19.172,2.578,28.610,82.749600
21,21.176,0.091,30.800,82.750400
23,23.180,1.104,21.990,82.751200
17,17.184,1.617,27.180,82.752000
19,19.188,2.630,29.370,82.752800
21,21.192,0.000,31.560,82.753600
23,23.196,1.013,22.750,82.754400
17,17.168,1.526,27.540,82.779200
19,19.172,2.539,29.730,82.780000
21,21.176,0.052,30.100,82.780800
23,23.180,1.065,21.290,82.781600
17,17.184,1.578,26.480,82.782400
19,19.188,2.591,28.670,82.783200
21,21.192,0.104,30.860,82.784000
23,23.196,1.117,22.050,82.784800
17,17.168,1.630,26.840,82.809600
19,19.172,2.500,29.030,82.810400
21,21.176,0.013,31.220,82.811200
23,23.180,1.026,22.410,82.812000
17,17.184,1.539,27.600,82.812800
19,19.188,2.552,29.790,82.813600
21,21.192,0.065,31.980,82.814400
23,23.196,1.078,21.350,82.815200
17,17.168,1.591,26.140,82.840000
19,19.172,2.604,28.330,82.840800
21,21.176,0.117,30.520,82.841600
23,23.180,1.130,21.710,82.842400
17,17.184,1.500,26.900,82.843200
19,19.188,2.513,29.090,82.844000
21,21.192,0.026,31.280,82.844800
23,23.196,1.039,22.470,82.845600
17,17.168,1.552,27.260,82.870400
19,19.172,2.565,29.450,82.871200
21,21.176,0.078,31.640,82.872000
23,23.180,1.091,22.830,82.872800
17,17.184,1.604,26.200,82.873600
19,19.188,2.617,28.390,82.874400
21,21.192,0.130,30.580,82.875200
23,23.196,1.000,21.770,82.876000
17,17.168,1.513,26.560,82.900800
19,19.172,2.526,28.750,82.901600
21,21.176,0.039,30.940,82.902400
23,23.180,1.052,22.130,82.903200
17,17.184,1.565,27.320,82.904000
19,19.188,2.578,29.510,82.904800
21,21.192,0.091,31.700,82.905600
23,23.196,1.104,22.890,82.906400
17,17.168,1.617,27.680,82.931200
19,19.172,2.630,28.050,82.932000
21,21.176,0.000,30.240,82.932800
23,23.180,1.013,21.430,82.933600
17,17.184,1.526,26.620,82.934400
19,19.188,2.539,28.810,82.935200
21,21.192,0.052,31.000,82.936000
23,23.196,1.065,22.190,82.936800
17,17.168,1.578,26.980,82.961600
19,19.172,2.591,29.170,82.962400
21,21.176,0.104,31.360,82.963200
23,23.180,1.117,22.550,82.964000
17,17.184,1.630,27.740,82.964800
19,19.188,2.500,29.930,82.965600
21,21.192,0.013,30.300,82.966400
23,23.196,1.026,21.490,82.967200
17,17.168,1.539,26.280,82.992000
19,19.172,2.552,28.470,82.992800
21,21.176,0.065,30.660,82.993600
23,23.180,1.078,21.850,82.994400
17,17.184,1.591,27.040,82.995200
19,19.188,2.604,29.230,82.996000
21,21.192,0.117,31.420,82.996800
23,23.196,1.130,22.610,82.997600
17,17.168,1.500,27.400,83.022400
19,19.172,2.513,29.590,83.023200
21,21.176,0.026,31.780,83.024000
23,23.180,1.039,21.150,83.024800
17,17.184,1.552,26.340,83.025600
19,19.188,2.565,28.530,83.026400
21,21.192,0.078,30.720,83.027200
23,23.196,1.091,21.910,83.028000
17,17.168,1.604,26.700,83.052800
19,19.172,2.617,28.890,83.053600
21,21.176,0.130,31.080,83.054400
23,23.180,1.000,22.270,83.055200
17,17.184,1.513,27.460,83.056000
19,19.188,2.526,29.650,83.056800
21,21.192,0.039,31.840,83.057600
23,23.196,1.052,23.030,83.058400
17,17.168,1.565,26.000,83.083200
19,19.172,2.578,28.190,83.084000
21,21.176,0.091,30.380,83.084800
23,23.180,1.104,21.570,83.085600
17,17.184,1.617,26.760,83.086400
19,19.188,2.630,28.950,83.087200
21,21.192,0.000,31.140,83.088000
23,23.196,1.013,22.330,83.088800
17,17.168,1.526,27.120,83.113600
19,19.172,2.539,29.310,83.114400
21,21.176,0.052,31.500,83.115200
23,23.180,1.065,22.690,83.116000
17,17.184,1.578,27.880,83.116800
19,19.188,2.591,28.250,83.117600
21,21.192,0.104,30.440,83.118400
23,23.196,1.117,21.630,83.119200
17,17.168,1.630,26.420,83.144000
19,19.172,2.500,28.610,83.144800
21,21.176,0.013,30.800,83.145600
23,23.180,1.026,21.990,83.146400
17,17.184,1.539,27.180,83.147200
19,19.188,2.552,29.370,83.148000
21,21.192,0.065,31.560,83.148800
23,23.196,1.078,22.750,83.149600
1,1.000,0.500,21.000,83.174400
3,3.004,1.513,23.190,83.175200
5,5.008,2.526,25.380,83.176000
7,7.012,0.039,27.570,83.176800
1,1.016,0.552,21.760,83.177600
3,3.020,1.565,23.950,83.178400
5,5.024,2.578,26.140,83.179200
7,7.028,0.091,28.330,83.180000
1,1.000,0.604,22.120,83.204800
3,3.004,1.617,24.310,83.205600
5,5.008,2.630,26.500,83.206400
7,7.012,0.000,28.690,83.207200
1,1.016,0.513,22.880,83.208000
3,3.020,1.526,23.250,83.208800
5,5.024,2.539,25.440,83.209600
7,7.028,0.052,27.630,83.210400
1,1.000,0.565,21.420,83.235200
3,3.004,1.578,23.610,83.236000
5,5.008,2.591,25.800,83.236800
7,7.012,0.104,27.990,83.237600
1,1.016,0.617,22.180,83.238400
3,3.020,1.630,24.370,83.239200
5,5.024,2.500,26.560,83.240000
7,7.028,0.013,28.750,83.240800
1,1.000,0.526,22.540,83.265600
3,3.004,1.539,24.730,83.266400
5,5.008,2.552,25.100,83.267200
7,7.012,0.065,27.290,83.268000
1,1.016,0.578,21.480,83.268800
3,3.020,1.591,23.670,83.269600
5,5.024,2.604,25.860,83.270400
7,7.028,0.117,28.050,83.271200
1,1.000,0.630,21.840,83.296000
3,3.004,1.500,24.030,83.296800
5,5.008,2.513,26.220,83.297600
7,7.012,0.026,28.410,83.298400
1,1.016,0.539,22.600,83.299200
3,3.020,1.552,24.790,83.300000
5,5.024,2.565,26.980,83.300800
7,7.028,0.078,27.350,83.301600
1,1.000,0.591,21.140,83.326400
3,3.004,1.604,23.330,83.327200
5,5.008,2.617,25.520,83.328000
7,7.012,0.130,27.710,83.328800
1,1.016,0.500,21.900,83.329600
3,3.020,1.513,24.090,83.330400
5,5.024,2.526,26.280,83.331200
7,7.028,0.039,28.470,83.332000
1,1.000,0.552,22.260,83.356800
3,3.004,1.565,24.450,83.357600
5,5.008,2.578,26.640,83.358400
7,7.012,0.091,28.830,83.359200
1,1.016,0.604,21.200,83.360000
3,3.020,1.617,23.390,83.360800
5,5.024,2.630,25.580,83.361600
7,7.028,0.000,27.770,83.362400
1,1.000,0.513,21.560,83.387200
3,3.004,1.526,23.750,83.388000
5,5.008,2.539,25.940,83.388800
7,7.012,0.052,28.130,83.389600
1,1.016,0.565,22.320,83.390400
3,3.020,1.578,24.510,83.391200
5,5.024,2.591,26.700,83.392000
7,7.028,0.104,28.890,83.392800
1,1.000,0.617,22.680,83.417600
3,3.004,1.630,23.050,83.418400
5,5.008,2.500,25.240,83.419200
7,7.012,0.013,27.430,83.420000
1,1.016,0.526,21.620,83.420800
3,3.020,1.539,23.810,83.421600
5,5.024,2.552,26.000,83.422400
7,7.028,0.065,28.190,83.423200
1,1.000,0.578,21.980,83.448000
3,3.004,1.591,24.170,83.448800
5,5.008,2.604,26.360,83.449600
7,7.012,0.117,28.550,83.450400
1,1.016,0.630,22.740,83.451200
3,3.020,1.500,24.930,83.452000
5,5.024,2.513,25.300,83.452800
7,7.028,0.026,27.490,83.453600
1,1.000,0.539,21.280,83.478400
3,3.004,1.552,23.470,83.479200
5,5.008,2.565,25.660,83.480000
7,7.012,0.078,27.850,83.480800
1,1.016,0.591,22.040,83.481600
3,3.020,1.604,24.230,83.482400
5,5.024,2.617,26.420,83.483200
7,7.028,0.130,28.610,83.484000
1,1.000,0.500,22.400,83.508800
3,3.004,1.513,24.590,83.509600
5,5.008,2.526,26.780,83.510400
7,7.012,0.039,27.150,83.511200
1,1.016,0.552,21.340,83.512000
3,3.020,1.565,23.530,83.512800
5,5.024,2.578,25.720,83.513600
7,7.028,0.091,27.910,83.514400
1,1.000,0.604,21.700,83.539200
3,3.004,1.617,23.890,83.540000
5,5.008,2.630,26.080,83.540800
7,7.012,0.000,28.270,83.541600
1,1.016,0.513,22.460,83.542400
3,3.020,1.526,24.650,83.543200
5,5.024,2.539,26.840,83.544000
7,7.028,0.052,29.030,83.544800
1,1.000,0.565,21.000,83.569600
3,3.004,1.578,23.190,83.570400
5,5.008,2.591,25.380,83.571200
7,7.012,0.104,27.570,83.572000
1,1.016,0.617,21.760,83.572800
3,3.020,1.630,23.950,83.573600
5,5.024,2.500,26.140,83.574400
7,7.028,0.013,28.330,83.575200
1,1.000,0.526,22.120,83.600000
3,3.004,1.539,24.310,83.600800
5,5.008,2.552,26.500,83.601600
7,7.012,0.065,28.690,83.602400
1,1.016,0.578,22.880,83.603200
3,3.020,1.591,23.250,83.604000
5,5.024,2.604,25.440,83.604800
7,7.028,0.117,27.630,83.605600
1,1.000,0.630,21.420,83.630400
3,3.004,1.500,23.610,83.631200
5,5.008,2.513,25.800,83.632000
7,7.012,0.026,27.990,83.632800
1,1.016,0.539,22.180,83.633600
3,3.020,1.552,24.370,83.634400
5,5.024,2.565,26.560,83.635200
7,7.028,0.078,28.750,83.636000
9,9.021,1.000,29.000,83.660800
11,11.025,2.013,20.190,83.661600
13,13.029,3.026,22.380,83.662400
15,15.033,0.539,24.570,83.663200
9,9.037,1.052,29.760,83.664000
11,11.041,2.065,20.950,83.664800
13,13.045,3.078,23.140,83.665600
15,15.049,0.591,25.330,83.666400
9,9.021,1.104,30.120,83.691200
11,11.025,2.117,21.310,83.692000
13,13.029,3.130,23.500,83.692800
15,15.033,0.500,25.690,83.693600
9,9.037,1.013,30.880,83.694400
11,11.041,2.026,20.250,83.695200
13,13.045,3.039,22.440,83.696000
15,15.049,0.552,24.630,83.696800
9,9.021,1.065,29.420,83.721600
11,11.025,2.078,20.610,83.722400
13,13.029,3.091,22.800,83.723200
15,15.033,0.604,24.990,83.724000
9,9.037,1.117,30.180,83.724800
11,11.041,2.130,21.370,83.725600
13,13.045,3.000,23.560,83.726400
15,15.049,0.513,25.750,83.727200
9,9.021,1.026,30.540,83.752000
11,11.025,2.039,21.730,83.752800
13,13.029,3.052,22.100,83.753600
15,15.033,0.565,24.290,83.754400
9,9.037,1.078,29.480,83.755200
11,11.041,2.091,20.670,83.756000
13,13.045,3.104,22.860,83.756800
15,15.049,0.617,25.050,83.757600
9,9.021,1.130,29.840,83.782400
11,11.025,2.000,21.030,83.783200
13,13.029,3.013,23.220,83.784000
15,15.033,0.526,25.410,83.784800
9,9.037,1.039,30.600,83.785600
11,11.041,2.052,21.790,83.786400
13,13.045,3.065,23.980,83.787200
15,15.049,0.578,24.350,83.788000
9,9.021,1.091,29.140,83.812800
11,11.025,2.104,20.330,83.813600
13,13.029,3.117,22.520,83.814400
15,15.033,0.630,24.710,83.815200
9,9.037,1.000,29.900,83.816000
11,11.041,2.013,21.090,83.816800
13,13.045,3.026,23.280,83.817600
15,15.049,0.539,25.470,83.818400
9,9.021,1.052,30.260,83.843200
11,11.025,2.065,21.450,83.844000
13,13.029,3.078,23.640,83.844800
15,15.033,0.591,25.830,83.845600
9,9.037,1.104,29.200,83.846400
11,11.041,2.117,20.390,83.847200
13,13.045,3.130,22.580,83.848000
15,15.049,0.500,24.770,83.848800
9,9.021,1.013,29.560,83.873600
11,11.025,2.026,20.750,83.874400
13,13.029,3.039,22.940,83.875200
15,15.033,0.552,25.130,83.876000
9,9.037,1.065,30.320,83.876800
11,11.041,2.078,21.510,83.877600
13,13.045,3.091,23.700,83.878400
15,15.049,0.604,25.890,83.879200
9,9.021,1.117,30.680,83.904000
11,11.025,2.130,20.050,83.904800
13,13.029,3.000,22.240,83.905600
15,15.033,0.513,24.430,83.906400
9,9.037,1.026,29.620,83.907200
11,11.041,2.039,20.810,83.908000
13,13.045,3.052,23.000,83.908800
15,15.049,0.565,25.190,83.909600
9,9.021,1.078,29.980,83.934400
11,11.025,2.091,21.170,83.935200
13,13.029,3.104,23.360,83.936000
15,15.033,0.617,25.550,83.936800
9,9.037,1.130,30.740,83.937600
11,11.041,2.000,21.930,83.938400
13,13.045,3.013,22.300,83.939200
15,15.049,0.526,24.490,83.940000
9,9.021,1.039,29.280,83.964800
11,11.025,2.052,20.470,83.965600
13,13.029,3.065,22.660,83.966400
15,15.033,0.578,24.850,83.967200
9,9.037,1.091,30.040,83.968000
11,11.041,2.104,21.230,83.968800
13,13.045,3.117,23.420,83.969600
15,15.049,0.630,25.610,83.970400
9,9.021,1.000,30.400,83.995200
11,11.025,2.013,21.590,83.996000
13,13.029,3.026,23.780,83.996800
15,15.033,0.539,24.150,83.997600
9,9.037,1.052,29.340,83.998400
11,11.041,2.065,20.530,83.999200
13,13.045,3.078,22.720,84.000000
15,15.049,0.591,24.910,84.000800
9,9.021,1.104,29.700,84.025600
11,11.025,2.117,20.890,84.026400
13,13.029,3.130,23.080,84.027200
15,15.033,0.500,25.270,84.028000
9,9.037,1.013,30.460,84.028800
11,11.041,2.026,21.650,84.029600
13,13.045,3.039,23.840,84.030400
15,15.049,0.552,26.030,84.031200
9,9.021,1.065,29.000,84.056000
11,11.025,2.078,20.190,84.056800
13,13.029,3.091,22.380,84.057600
15,15.033,0.604,24.570,84.058400
9,9.037,1.117,29.760,84.059200
11,11.041,2.130,20.950,84.060000
13,13.045,3.000,23.140,84.060800
15,15.049,0.513,25.330,84.061600
9,9.021,1.026,30.120,84.086400
11,11.025,2.039,21.310,84.087200
13,13.029,3.052,23.500,84.088000
15,15.033,0.565,25.690,84.088800
9,9.037,1.078,30.880,84.089600
11,11.041,2.091,20.250,84.090400
13,13.045,3.104,22.440,84.091200
15,15.049,0.617,24.630,84.092000
9,9.021,1.130,29.420,84.116800
11,11.025,2.000,20.610,84.117600
13,13.029,3.013,22.800,84.118400
15,15.033,0.526,24.990,84.119200
9,9.037,1.039,30.180,84.120000
11,11.041,2.052,21.370,84.120800
13,13.045,3.065,23.560,84.121600
15,15.049,0.578,25.750,84.122400
17,17.042,1.500,26.000,84.147200
19,19.046,2.513,28.190,84.148000
21,21.050,0.026,30.380,84.148800
23,23.054,1.039,21.570,84.149600
17,17.058,1.552,26.760,84.150400
19,19.062,2.565,28.950,84.151200
21,21.066,0.078,31.140,84.152000
23,23.070,1.091,22.330,84.152800
17,17.042,1.604,27.120,84.177600
19,19.046,2.617,29.310,84.178400
21,21.050,0.130,31.500,84.179200
23,23.054,1.000,22.690,84.180000
17,17.058,1.513,27.880,84.180800
19,19.062,2.526,28.250,84.181600
21,21.066,0.039,30.440,84.182400
23,23.070,1.052,21.630,84.183200
17,17.042,1.565,26.420,84.208000
19,19.046,2.578,28.610,84.208800
21,21.050,0.091,30.800,84.209600
23,23.054,1.104,21.990,84.210400
17,17.058,1.617,27.180,84.211200
19,19.062,2.630,29.370,84.212000
21,21.066,0.000,31.560,84.212800
23,23.070,1.013,22.750,84.213600
17,17.042,1.526,27.540,84.238400
19,19.046,2.539,29.730,84.239200
21,21.050,0.052,30.100,84.240000
23,23.054,1.065,21.290,84.240800
17,17.058,1.578,26.480,84.241600
19,19.062,2.591,28.670,84.242400
21,21.066,0.104,30.860,84.243200
23,23.070,1.117,22.050,84.244000
17,17.042,1.630,26.840,84.268800
19,19.046,2.500,29.030,84.269600
21,21.050,0.013,31.220,84.270400
23,23.054,1.026,22.410,84.271200
17,17.058,1.539,27.600,84.272000
19,19.062,2.552,29.790,84.272800
21,21.066,0.065,31.980,84.273600
23,23.070,1.078,21.350,84.274400
17,17.042,1.591,26.140,84.299200
19,19.046,2.604,28.330,84.300000
21,21.050,0.117,30.520,84.300800
23,23.054,1.130,21.710,84.301600
17,17.058,1.500,26.900,84.302400
19,19.062,2.513,29.090,84.303200
21,21.066,0.026,31.280,84.304000
23,23.070,1.039,22.470,84.304800
17,17.042,1.552,27.260,84.329600
19,19.046,2.565,29.450,84.330400
21,21.050,0.078,31.640,84.331200
23,23.054,1.091,22.830,84.332000
17,17.058,1.604,26.200,84.332800
19,19.062,2.617,28.390,84.333600
21,21.066,0.130,30.580,84.334400
23,23.070,1.000,21.770,84.335200
17,17.042,1.513,26.560,84.360000
19,19.046,2.526,28.750,84.360800
21,21.050,0.039,30.940,84.361600
23,23.054,1.052,22.130,84.362400
17,17.058,1.565,27.320,84.363200
19,19.062,2.578,29.510,84.364000
21,21.066,0.091,31.700,84.364800
23,23.070,1.104,22.890,84.365600
17,17.042,1.617,27.680,84.390400
19,19.046,2.630,28.050,84.391200
21,21.050,0.000,30.240,84.392000
23,23.054,1.013,21.430,84.392800
17,17.058,1.526,26.620,84.393600
19,19.062,2.539,28.810,84.394400
21,21.066,0.052,31.000,84.395200
23,23.070,1.065,22.190,84.396000
17,17.042,1.578,26.980,84.420800
19,19.046,2.591,29.170,84.421600
21,21.050,0.104,31.360,84.422400
23,23.054,1.117,22.550,84.423200
17,17.058,1.630,27.740,84.424000
19,19.062,2.500,29.930,84.424800
21,21.066,0.013,30.300,84.425600
23,23.070,1.026,21.490,84.426400
17,17.042,1.539,26.280,84.451200
19,19.046,2.552,28.470,84.452000
21,21.050,0.065,30.660,84.452800
23,23.054,1.078,21.850,84.453600
17,17.058,1.591,27.040,84.454400
19,19.062,2.604,29.230,84.455200
21,21.066,0.117,31.420,84.456000
23,23.070,1.130,22.610,84.456800
17,17.042,1.500,27.400,84.481600
19,19.046,2.513,29.590,84.482400
21,21.050,0.026,31.780,84.483200
23,23.054,1.039,21.150,84.484000
17,17.058,1.552,26.340,84.484800
19,19.062,2.565,28.530,84.485600
21,21.066,0.078,30.720,84.486400
23,23.070,1.091,21.910,84.487200
17,17.042,1.604,26.700,84.512000
19,19.046,2.617,28.890,84.512800
21,21.050,0.130,31.080,84.513600
23,23.054,1.000,22.270,84.514400
17,17.058,1.513,27.460,84.515200
19,19.062,2.526,29.650,84.516000
21,21.066,0.039,31.840,84.516800
23,23.070,1.052,23.030,84.517600
17,17.042,1.565,26.000,84.542400
19,19.046,2.578,28.190,84.543200
21,21.050,0.091,30.380,84.544000
23,23.054,1.104,21.570,84.544800
17,17.058,1.617,26.760,84.545600
19,19.062,2.630,28.950,84.546400
21,21.066,0.000,31.140,84.547200
23,23.070,1.013,22.330,84.548000
17,17.042,1.526,27.120,84.572800
19,19.046,2.539,29.310,84.573600
21,21.050,0.052,31.500,84.574400
23,23.054,1.065,22.690,84.575200
17,17.058,1.578,27.880,84.576000
19,19.062,2.591,28.250,84.576800
21,21.066,0.104,30.440,84.577600
23,23.070,1.117,21.630,84.578400
17,17.042,1.630,26.420,84.603200
19,19.046,2.500,28.610,84.604000
21,21.050,0.013,30.800,84.604800
23,23.054,1.026,21.990,84.605600
17,17.058,1.539,27.180,84.606400
19,19.062,2.552,29.370,84.607200
21,21.066,0.065,31.560,84.608000
23,23.070,1.078,22.750,84.608800
1,1.063,0.500,21.000,84.633600
3,3.067,1.513,23.190,84.634400
5,5.071,2.526,25.380,84.635200
7,7.075,0.039,27.570,84.636000
1,1.079,0.552,21.760,84.636800
3,3.083,1.565,23.950,84.637600
5,5.087,2.578,26.140,84.638400
7,7.091,0.091,28.330,84.639200
1,1.063,0.604,22.120,84.664000
3,3.067,1.617,24.310,84.664800
5,5.071,2.630,26.500,84.665600
7,7.075,0.000,28.690,84.666400
1,1.079,0.513,22.880,84.667200
3,3.083,1.526,23.250,84.668000
5,5.087,2.539,25.440,84.668800
7,7.091,0.052,27.630,84.669600
1,1.063,0.565,21.420,84.694400
3,3.067,1.578,23.610,84.695200
5,5.071,2.591,25.800,84.696000
7,7.075,0.104,27.990,84.696800
1,1.079,0.617,22.180,84.697600
3,3.083,1.630,24.370,84.698400
5,5.087,2.500,26.560,84.699200
7,7.091,0.013,28.750,84.700000
1,1.063,0.526,22.540,84.724800
3,3.067,1.539,24.730,84.725600
5,5.071,2.552,25.100,84.726400
7,7.075,0.065,27.290,84.727200
1,1.079,0.578,21.480,84.728000
3,3.083,1.591,23.670,84.728800
5,5.087,2.604,25.860,84.729600
7,7.091,0.117,28.050,84.730400
1,1.063,0.630,21.840,84.755200
3,3.067,1.500,24.030,84.756000
5,5.071,2.513,26.220,84.756800
7,7.075,0.026,28.410,84.757600
1,1.079,0.539,22.600,84.758400
3,3.083,1.552,24.790,84.759200
5,5.087,2.565,26.980,84.760000
7,7.091,0.078,27.350,84.760800
1,1.063,0.591,21.140,84.785600
3,3.067,1.604,23.330,84.786400
5,5.071,2.617,25.520,84.787200
7,7.075,0.130,27.710,84.788000
1,1.079,0.500,21.900,84.788800
3,3.083,1.513,24.090,84.789600
5,5.087,2.526,26.280,84.790400
7,7.091,0.039,28.470,84.791200
1,1.063,0.552,22.260,84.816000
3,3.067,1.565,24.450,84.816800
5,5.071,2.578,26.640,84.817600
7,7.075,0.091,28.830,84.818400
1,1.079,0.604,21.200,84.819200
3,3.083,1.617,23.390,84.820000
5,5.087,2.630,25.580,84.820800
7,7.091,0.000,27.770,84.821600
1,1.063,0.513,21.560,84.846400
3,3.067,1.526,23.750,84.847200
5,5.071,2.539,25.940,84.848000
7,7.075,0.052,28.130,84.848800
1,1.079,0.565,22.320,84.849600
3,3.083,1.578,24.510,84.850400
5,5.087,2.591,26.700,84.851200
7,7.091,0.104,28.890,84.852000
1,1.063,0.617,22.680,84.876800
3,3.067,1.630,23.050,84.877600
5,5.071,2.500,25.240,84.878400
7,7.075,0.013,27.430,84.879200
1,1.079,0.526,21.620,84.880000
3,3.083,1.539,23.810,84.880800
5,5.087,2.552,26.000,84.881600
7,7.091,0.065,28.190,84.882400
1,1.063,0.578,21.980,84.907200
3,3.067,1.591,24.170,84.908000
5,5.071,2.604,26.360,84.908800
7,7.075,0.117,28.550,84.909600
1,1.079,0.630,22.740,84.910400
3,3.083,1.500,24.930,84.911200
5,5.087,2.513,25.300,84.912000
7,7.091,0.026,27.490,84.912800
1,1.063,0.539,21.280,84.937600
3,3.067,1.552,23.470,84.938400
5,5.071,2.565,25.660,84.939200
7,7.075,0.078,27.850,84.940000
1,1.079,0.591,22.040,84.940800
3,3.083,1.604,24.230,84.941600
5,5.087,2.617,26.420,84.942400
7,7.091,0.130,28.610,84.943200
1,1.063,0.500,22.400,84.968000
3,3.067,1.513,24.590,84.968800
5,5.071,2.526,26.780,84.969600
7,7.075,0.039,27.150,84.970400
1,1.079,0.552,21.340,84.971200
3,3.083,1.565,23.530,84.972000
5,5.087,2.578,25.720,84.972800
7,7.091,0.091,27.910,84.973600
1,1.063,0.604,21.700,84.998400
3,3.067,1.617,23.890,84.999200
5,5.071,2.630,26.080,85.000000
7,7.075,0.000,28.270,85.000800
1,1.079,0.513,22.460,85.001600
3,3.083,1.526,24.650,85.002400
5,5.087,2.539,26.840,85.003200
7,7.091,0.052,29.030,85.004000
1,1.063,0.565,21.000,85.028800
3,3.067,1.578,23.190,85.029600
5,5.071,2.591,25.380,85.030400
7,7.075,0.104,27.570,85.031200
1,1.079,0.617,21.760,85.032000
3,3.083,1.630,23.950,85.032800
5,5.087,2.500,26.140,85.033600
7,7.091,0.013,28.330,85.034400
1,1.063,0.526,22.120,85.059200
3,3.067,1.539,24.310,85.060000
5,5.071,2.552,26.500,85.060800
7,7.075,0.065,28.690,85.061600
1,1.079,0.578,22.880,85.062400
3,3.083,1.591,23.250,85.063200
5,5.087,2.604,25.440,85.064000
7,7.091,0.117,27.630,85.064800
1,1.063,0.630,21.420,85.089600
3,3.067,1.500,23.610,85.090400
5,5.071,2.513,25.800,85.091200
7,7.075,0.026,27.990,85.092000
1,1.079,0.539,22.180,85.092800
3,3.083,1.552,24.370,85.093600
5,5.087,2.565,26.560,85.094400
7,7.091,0.078,28.750,85.095200
9,9.084,1.000,29.000,85.120000
11,11.088,2.013,20.190,85.120800
13,13.092,3.026,22.380,85.121600
15,15.096,0.539,24.570,85.122400
9,9.100,1.052,29.760,85.123200
11,11.104,2.065,20.950,85.124000
13,13.108,3.078,23.140,85.124800
15,15.112,0.591,25.330,85.125600
9,9.084,1.104,30.120,85.150400
11,11.088,2.117,21.310,85.151200
13,13.092,3.130,23.500,85.152000
15,15.096,0.500,25.690,85.152800
9,9.100,1.013,30.880,85.153600
11,11.104,2.026,20.250,85.154400
13,13.108,3.039,22.440,85.155200
15,15.112,0.552,24.630,85.156000
9,9.084,1.065,29.420,85.180800
11,11.088,2.078,20.610,85.181600
13,13.092,3.091,22.800,85.182400
15,15.096,0.604,24.990,85.183200
9,9.100,1.117,30.180,85.184000
11,11.104,2.130,21.370,85.184800
13,13.108,3.000,23.560,85.185600
15,15.112,0.513,25.750,85.186400
9,9.084,1.026,30.540,85.211200
11,11.088,2.039,21.730,85.212000
13,13.092,3.052,22.100,85.212800
15,15.096,0.565,24.290,85.213600
9,9.100,1.078,29.480,85.214400
11,11.104,2.091,20.670,85.215200
13,13.108,3.104,22.860,85.216000
15,15.112,0.617,25.050,85.216800
9,9.084,1.130,29.840,85.241600
11,11.088,2.000,21.030,85.242400
13,13.092,3.013,23.220,85.243200
15,15.096,0.526,25.410,85.244000
9,9.100,1.039,30.600,85.244800
11,11.104,2.052,21.790,85.245600
13,13.108,3.065,23.980,85.246400
15,15.112,0.578,24.350,85.247200
9,9.084,1.091,29.140,85.272000
11,11.088,2.104,20.330,85.272800
13,13.092,3.117,22.520,85.273600
15,15.096,0.630,24.710,85.274400
9,9.100,1.000,29.900,85.275200
11,11.104,2.013,21.090,85.276000
13,13.108,3.026,23.280,85.276800
15,15.112,0.539,25.470,85.277600
9,9.084,1.052,30.260,85.302400
11,11.088,2.065,21.450,85.303200
13,13.092,3.078,23.640,85.304000
15,15.096,0.591,25.830,85.304800
9,9.100,1.104,29.200,85.305600
11,11.104,2.117,20.390,85.306400
13,13.108,3.130,22.580,85.307200
15,15.112,0.500,24.770,85.308000
9,9.084,1.013,29.560,85.332800
11,11.088,2.026,20.750,85.333600
13,13.092,3.039,22.940,85.334400
15,15.096,0.552,25.130,85.335200
9,9.100,1.065,30.320,85.336000
11,11.104,2.078,21.510,85.336800
13,13.108,3.091,23.700,85.337600
15,15.112,0.604,25.890,85.338400
9,9.084,1.117,30.680,85.363200
11,11.088,2.130,20.050,85.364000
13,13.092,3.000,22.240,85.364800
15,15.096,0.513,24.430,85.365600
9,9.100,1.026,29.620,85.366400
11,11.104,2.039,20.810,85.367200
13,13.108,3.052,23.000,85.368000
15,15.112,0.565,25.190,85.368800
9,9.084,1.078,29.980,85.393600
11,11.088,2.091,21.170,85.394400
13,13.092,3.104,23.360,85.395200
15,15.096,0.617,25.550,85.396000
9,9.100,1.130,30.740,85.396800
11,11.104,2.000,21.930,85.397600
13,13.108,3.013,22.300,85.398400
15,15.112,0.526,24.490,85.399200
9,9.084,1.039,29.280,85.424000
11,11.088,2.052,20.470,85.424800
13,13.092,3.065,22.660,85.425600
15,15.096,0.578,24.850,85.426400
9,9.100,1.091,30.040,85.427200
11,11.104,2.104,21.230,85.428000
13,13.108,3.117,23.420,85.428800
15,15.112,0.630,25.610,85.429600
9,9.084,1.000,30.400,85.454400
11,11.088,2.013,21.590,85.455200
13,13.092,3.026,23.780,85.456000
15,15.096,0.539,24.150,85.456800
9,9.100,1.052,29.340,85.457600
11,11.104,2.065,20.530,85.458400
13,13.108,3.078,22.720,85.459200
15,15.112,0.591,24.910,85.460000
9,9.084,1.104,29.700,85.484800
11,11.088,2.117,20.890,85.485600
13,13.092,3.130,23.080,85.486400
15,15.096,0.500,25.270,85.487200
9,9.100,1.013,30.460,85.488000
11,11.104,2.026,21.650,85.488800
13,13.108,3.039,23.840,85.489600
15,15.112,0.552,26.030,85.490400
9,9.084,1.065,29.000,85.515200
11,11.088,2.078,20.190,85.516000
13,13.092,3.091,22.380,85.516800
15,15.096,0.604,24.570,85.517600
9,9.100,1.117,29.760,85.518400
11,11.104,2.130,20.950,85.519200
13,13.108,3.000,23.140,85.520000
15,15.112,0.513,25.330,85.520800
9,9.084,1.026,30.120,85.545600
11,11.088,2.039,21.310,85.546400
13,13.092,3.052,23.500,85.547200
15,15.096,0.565,25.690,85.548000
9,9.100,1.078,30.880,85.548800
11,11.104,2.091,20.250,85.549600
13,13.108,3.104,22.440,85.550400
15,15.112,0.617,24.630,85.551200
9,9.084,1.130,29.420,85.576000
11,11.088,2.000,20.610,85.576800
13,13.092,3.013,22.800,85.577600
15,15.096,0.526,24.990,85.578400
9,9.100,1.039,30.180,85.579200
11,11.104,2.052,21.370,85.580000
13,13.108,3.065,23.560,85.580800
15,15.112,0.578,25.750,85.581600
17,17.105,1.500,26.000,85.606400
19,19.109,2.513,28.190,85.607200
21,21.113,0.026,30.380,85.608000
23,23.117,1.039,21.570,85.608800
17,17.121,1.552,26.760,85.609600
19,19.125,2.565,28.950,85.610400
21,21.129,0.078,31.140,85.611200
23,23.133,1.091,22.330,85.612000
17,17.105,1.604,27.120,85.636800
19,19.109,2.617,29.310,85.637600
21,21.113,0.130,31.500,85.638400
23,23.117,1.000,22.690,85.639200
17,17.121,1.513,27.880,85.640000
19,19.125,2.526,28.250,85.640800
21,21.129,0.039,30.440,85.641600
23,23.133,1.052,21.630,85.642400
17,17.105,1.565,26.420,85.667200
19,19.109,2.578,28.610,85.668000
21,21.113,0.091,30.800,85.668800
23,23.117,1.104,21.990,85.669600
17,17.121,1.617,27.180,85.670400
19,19.125,2.630,29.370,85.671200
21,21.129,0.000,31.560,85.672000
23,23.133,1.013,22.750,85.672800
17,17.105,1.526,27.540,85.697600
19,19.109,2.539,29.730,85.698400
21,21.113,0.052,30.100,85.699200
23,23.117,1.065,21.290,85.700000
17,17.121,1.578,26.480,85.700800
19,19.125,2.591,28.670,85.701600
21,21.129,0.104,30.860,85.702400
23,23.133,1.117,22.050,85.703200
17,17.105,1.630,26.840,85.728000
19,19.109,2.500,29.030,85.728800
21,21.113,0.013,31.220,85.729600
23,23.117,1.026,22.410,85.730400
17,17.121,1.539,27.600,85.731200
19,19.125,2.552,29.790,85.732000
21,21.129,0.065,31.980,85.732800
23,23.133,1.078,21.350,85.733600
17,17.105,1.591,26.140,85.758400
19,19.109,2.604,28.330,85.759200
21,21.113,0.117,30.520,85.760000
23,23.117,1.130,21.710,85.760800
17,17.121,1.500,26.900,85.761600
19,19.125,2.513,29.090,85.762400
21,21.129,0.026,31.280,85.763200
23,23.133,1.039,22.470,85.764000
17,17.105,1.552,27.260,85.788800
19,19.109,2.565,29.450,85.789600
21,21.113,0.078,31.640,85.790400
23,23.117,1.091,22.830,85.791200
17,17.121,1.604,26.200,85.792000
19,19.125,2.617,28.390,85.792800
21,21.129,0.130,30.580,85.793600
23,23.133,1.000,21.770,85.794400
17,17.105,1.513,26.560,85.819200
19,19.109,2.526,28.750,85.820000
21,21.113,0.039,30.940,85.820800
23,23.117,1.052,22.130,85.821600
17,17.121,1.565,27.320,85.822400
19,19.125,2.578,29.510,85.823200
21,21.129,0.091,31.700,85.824000
23,23.133,1.104,22.890,85.824800
17,17.105,1.617,27.680,85.849600
19,19.109,2.630,28.050,85.850400
21,21.113,0.000,30.240,85.851200
23,23.117,1.013,21.430,85.852000
17,17.121,1.526,26.620,85.852800
19,19.125,2.539,28.810,85.853600
21,21.129,0.052,31.000,85.854400
23,23.133,1.065,22.190,85.855200
17,17.105,1.578,26.980,85.880000
19,19.109,2.591,29.170,85.880800
21,21.113,0.104,31.360,85.881600
23,23.117,1.117,22.550,85.882400
17,17.121,1.630,27.740,85.883200
19,19.125,2.500,29.930,85.884000
21,21.129,0.013,30.300,85.884800
23,23.133,1.026,21.490,85.885600
17,17.105,1.539,26.280,85.910400
19,19.109,2.552,28.470,85.911200
21,21.113,0.065,30.660,85.912000
23,23.117,1.078,21.850,85.912800
17,17.121,1.591,27.040,85.913600
19,19.125,2.604,29.230,85.914400
21,21.129,0.117,31.420,85.915200
23,23.133,1.130,22.610,85.916000
17,17.105,1.500,27.400,85.940800
19,19.109,2.513,29.590,85.941600
21,21.113,0.026,31.780,85.942400
23,23.117,1.039,21.150,85.943200
17,17.121,1.552,26.340,85.944000
19,19.125,2.565,28.530,85.944800
21,21.129,0.078,30.720,85.945600
23,23.133,1.091,21.910,85.946400
17,17.105,1.604,26.700,85.971200
19,19.109,2.617,28.890,85.972000
21,21.113,0.130,31.080,85.972800
23,23.117,1.000,22.270,85.973600
17,17.121,1.513,27.460,85.974400
19,19.125,2.526,29.650,85.975200
21,21.129,0.039,31.840,85.976000
23,23.133,1.052,23.030,85.976800
17,17.105,1.565,26.000,86.001600
19,19.109,2.578,28.190,86.002400
21,21.113,0.091,30.380,86.003200
23,23.117,1.104,21.570,86.004000
17,17.121,1.617,26.760,86.004800
19,19.125,2.630,28.950,86.005600
21,21.129,0.000,31.140,86.006400
23,23.133,1.013,22.330,86.007200
17,17.105,1.526,27.120,86.032000
19,19.109,2.539,29.310,86.032800
21,21.113,0.052,31.500,86.033600
23,23.117,1.065,22.690,86.034400
17,17.121,1.578,27.880,86.035200
19,19.125,2.591,28.250,86.036000
21,21.129,0.104,30.440,86.036800
23,23.133,1.117,21.630,86.037600
17,17.105,1.630,26.420,86.062400
19,19.109,2.500,28.610,86.063200
21,21.113,0.013,30.800,86.064000
23,23.117,1.026,21.990,86.064800
17,17.121,1.539,27.180,86.065600
19,19.125,2.552,29.370,86.066400
21,21.129,0.065,31.560,86.067200
23,23.133,1.078,22.750,86.068000
1,1.126,0.500,21.000,86.092800
3,3.130,1.513,23.190,86.093600
5,5.134,2.526,25.380,86.094400
7,7.138,0.039,27.570,86.095200
1,1.142,0.552,21.760,86.096000
3,3.146,1.565,23.950,86.096800
5,5.150,2.578,26.140,86.097600
7,7.154,0.091,28.330,86.098400
1,1.126,0.604,22.120,86.123200
3,3.130,1.617,24.310,86.124000
5,5.134,2.630,26.500,86.124800
7,7.138,0.000,28.690,86.125600
1,1.142,0.513,22.880,86.126400
3,3.146,1.526,23.250,86.127200
5,5.150,2.539,25.440,86.128000
7,7.154,0.052,27.630,86.128800
1,1.126,0.565,21.420,86.153600
3,3.130,1.578,23.610,86.154400
5,5.134,2.591,25.800,86.155200
7,7.138,0.104,27.990,86.156000
1,1.142,0.617,22.180,86.156800
3,3.146,1.630,24.370,86.157600
5,5.150,2.500,26.560,86.158400
7,7.154,0.013,28.750,86.159200
1,1.126,0.526,22.540,86.184000
3,3.130,1.539,24.730,86.184800
5,5.134,2.552,25.100,86.185600
7,7.138,0.065,27.290,86.186400
1,1.142,0.578,21.480,86.187200
3,3.146,1.591,23.670,86.188000
5,5.150,2.604,25.860,86.188800
7,7.154,0.117,28.050,86.189600
1,1.126,0.630,21.840,86.214400
3,3.130,1.500,24.030,86.215200
5,5.134,2.513,26.220,86.216000
7,7.138,0.026,28.410,86.216800
1,1.142,0.539,22.600,86.217600
3,3.146,1.552,24.790,86.218400
5,5.150,2.565,26.980,86.219200
7,7.154,0.078,27.350,86.220000
1,1.126,0.591,21.140,86.244800
3,3.130,1.604,23.330,86.245600
5,5.134,2.617,25.520,86.246400
7,7.138,0.130,27.710,86.247200
1,1.142,0.500,21.900,86.248000
3,3.146,1.513,24.090,86.248800
5,5.150,2.526,26.280,86.249600
7,7.154,0.039,28.470,86.250400
1,1.126,0.552,22.260,86.275200
3,3.130,1.565,24.450,86.276000
5,5.134,2.578,26.640,86.276800
7,7.138,0.091,28.830,86.277600
1,1.142,0.604,21.200,86.278400
3,3.146,1.617,23.390,86.279200
5,5.150,2.630,25.580,86.280000
7,7.154,0.000,27.770,86.280800
1,1.126,0.513,21.560,86.305600
3,3.130,1.526,23.750,86.306400
5,5.134,2.539,25.940,86.307200
7,7.138,0.052,28.130,86.308000
1,1.142,0.565,22.320,86.308800
3,3.146,1.578,24.510,86.309600
5,5.150,2.591,26.700,86.310400
7,7.154,0.104,28.890,86.311200
1,1.126,0.617,22.680,86.336000
3,3.130,1.630,23.050,86.336800
5,5.134,2.500,25.240,86.337600
7,7.138,0.013,27.430,86.338400
1,1.142,0.526,21.620,86.339200
3,3.146,1.539,23.810,86.340000
5,5.150,2.552,26.000,86.340800
7,7.154,0.065,28.190,86.341600
1,1.126,0.578,21.980,86.366400
3,3.130,1.591,24.170,86.367200
5,5.134,2.604,26.360,86.368000
7,7.138,0.117,28.550,86.368800
1,1.142,0.630,22.740,86.369600
3,3.146,1.500,24.930,86.370400
5,5.150,2.513,25.300,86.371200
7,7.154,0.026,27.490,86.372000
1,1.126,0.539,21.280,86.396800
3,3.130,1.552,23.470,86.397600
5,5.134,2.565,25.660,86.398400
7,7.138,0.078,27.850,86.399200
1,1.142,0.591,22.040,86.400000
3,3.146,1.604,24.230,86.400800
5,5.150,2.617,26.420,86.401600
7,7.154,0.130,28.610,86.402400
1,1.126,0.500,22.400,86.427200
3,3.130,1.513,24.590,86.428000
5,5.134,2.526,26.780,86.428800
7,7.138,0.039,27.150,86.429600
1,1.142,0.552,21.340,86.430400
3,3.146,1.565,23.530,86.431200
5,5.150,2.578,25.720,86.432000
7,7.154,0.091,27.910,86.432800
1,1.126,0.604,21.700,86.457600
3,3.130,1.617,23.890,86.458400
5,5.134,2.630,26.080,86.459200
7,7.138,0.000,28.270,86.460000
1,1.142,0.513,22.460,86.460800
3,3.146,1.526,24.650,86.461600
5,5.150,2.539,26.840,86.462400
7,7.154,0.052,29.030,86.463200
1,1.126,0.565,21.000,86.488000
3,3.130,1.578,23.190,86.488800
5,5.134,2.591,25.380,86.489600
7,7.138,0.104,27.570,86.490400
1,1.142,0.617,21.760,86.491200
3,3.146,1.630,23.950,86.492000
5,5.150,2.500,26.140,86.492800
7,7.154,0.013,28.330,86.493600
1,1.126,0.526,22.120,86.518400
3,3.130,1.539,24.310,86.519200
5,5.134,2.552,26.500,86.520000
7,7.138,0.065,28.690,86.520800
1,1.142,0.578,22.880,86.521600
3,3.146,1.591,23.250,86.522400
5,5.150,2.604,25.440,86.523200
7,7.154,0.117,27.630,86.524000
1,1.126,0.630,21.420,86.548800
3,3.130,1.500,23.610,86.549600
5,5.134,2.513,25.800,86.550400
7,7.138,0.026,27.990,86.551200
1,1.142,0.539,22.180,86.552000
3,3.146,1.552,24.370,86.552800
5,5.150,2.565,26.560,86.553600
7,7.154,0.078,28.750,86.554400
9,9.147,1.000,29.000,86.579200
11,11.151,2.013,20.190,86.580000
13,13.155,3.026,22.380,86.580800
15,15.159,0.539,24.570,86.581600
9,9.163,1.052,29.760,86.582400
11,11.167,2.065,20.950,86.583200
13,13.171,3.078,23.140,86.584000
15,15.175,0.591,25.330,86.584800
9,9.147,1.104,30.120,86.609600
11,11.151,2.117,21.310,86.610400
13,13.155,3.130,23.500,86.611200
15,15.159,0.500,25.690,86.612000
9,9.163,1.013,30.880,86.612800
11,11.167,2.026,20.250,86.613600
13,13.171,3.039,22.440,86.614400
15,15.175,0.552,24.630,86.615200
9,9.147,1.065,29.420,86.640000
11,11.151,2.078,20.610,86.640800
13,13.155,3.091,22.800,86.641600
15,15.159,0.604,24.990,86.642400
9,9.163,1.117,30.180,86.643200
11,11.167,2.130,21.370,86.644000
13,13.171,3.000,23.560,86.644800
15,15.175,0.513,25.750,86.645600
9,9.147,1.026,30.540,86.670400
11,11.151,2.039,21.730,86.671200
13,13.155,3.052,22.100,86.672000
15,15.159,0.565,24.290,86.672800
9,9.163,1.078,29.480,86.673600
11,11.167,2.091,20.670,86.674400
13,13.171,3.104,22.860,86.675200
15,15.175,0.617,25.050,86.676000
9,9.147,1.130,29.840,86.700800
11,11.151,2.000,21.030,86.701600
13,13.155,3.013,23.220,86.702400
15,15.159,0.526,25.410,86.703200
9,9.163,1.039,30.600,86.704000
11,11.167,2.052,21.790,86.704800
13,13.171,3.065,23.980,86.705600
15,15.175,0.578,24.350,86.706400
9,9.147,1.091,29.140,86.731200
11,11.151,2.104,20.330,86.732000
13,13.155,3.117,22.520,86.732800
15,15.159,0.630,24.710,86.733600
9,9.163,1.000,29.900,86.734400
11,11.167,2.013,21.090,86.735200
13,13.171,3.026,23.280,86.736000
15,15.175,0.539,25.470,86.736800
9,9.147,1.052,30.260,86.761600
11,11.151,2.065,21.450,86.762400
13,13.155,3.078,23.640,86.763200
15,15.159,0.591,25.830,86.764000
9,9.163,1.104,29.200,86.764800
11,11.167,2.117,20.390,86.765600
13,13.171,3.130,22.580,86.766400
15,15.175,0.500,24.770,86.767200
9,9.147,1.013,29.560,86.792000
11,11.151,2.026,20.750,86.792800
13,13.155,3.039,22.940,86.793600
15,15.159,0.552,25.130,86.794400
9,9.163,1.065,30.320,86.795200
11,11.167,2.078,21.510,86.796000
13,13.171,3.091,23.700,86.796800
15,15.175,0.604,25.890,86.797600
9,9.147,1.117,30.680,86.822400
11,11.151,2.130,20.050,86.823200
13,13.155,3.000,22.240,86.824000
15,15.159,0.513,24.430,86.824800
9,9.163,1.026,29.620,86.825600
11,11.167,2.039,20.810,86.826400
13,13.171,3.052,23.000,86.827200
15,15.175,0.565,25.190,86.828000
9,9.147,1.078,29.980,86.852800
11,11.151,2.091,21.170,86.853600
13,13.155,3.104,23.360,86.854400
15,15.159,0.617,25.550,86.855200
9,9.163,1.130,30.740,86.856000
11,11.167,2.000,21.930,86.856800
13,13.171,3.013,22.300,86.857600
15,15.175,0.526,24.490,86.858400
9,9.147,1.039,29.280,86.883200
11,11.151,2.052,20.470,86.884000
13,13.155,3.065,22.660,86.884800
15,15.159,0.578,24.850,86.885600
9,9.163,1.091,30.040,86.886400
11,11.167,2.104,21.230,86.887200
13,13.171,3.117,23.420,86.888000
15,15.175,0.630,25.610,86.888800
9,9.147,1.000,30.400,86.913600
11,11.151,2.013,21.590,86.914400
13,13.155,3.026,23.780,86.915200
15,15.159,0.539,24.150,86.916000
9,9.163,1.052,29.340,86.916800
11,11.167,2.065,20.530,86.917600
13,13.171,3.078,22.720,86.918400
15,15.175,0.591,24.910,86.919200
9,9.147,1.104,29.700,86.944000
11,11.151,2.117,20.890,86.944800
13,13.155,3.130,23.080,86.945600
15,15.159,0.500,25.270,86.946400
9,9.163,1.013,30.460,86.947200
11,11.167,2.026,21.650,86.948000
13,13.171,3.039,23.840,86.948800
15,15.175,0.552,26.030,86.949600
9,9.147,1.065,29.000,86.974400
11,11.151,2.078,20.190,86.975200
13,13.155,3.091,22.380,86.976000
15,15.159,0.604,24.570,86.976800
9,9.163,1.117,29.760,86.977600
11,11.167,2.130,20.950,86.978400
13,13.171,3.000,23.140,86.979200
15,15.175,0.513,25.330,86.980000
9,9.147,1.026,30.120,87.004800
11,11.151,2.039,21.310,87.005600
13,13.155,3.052,23.500,87.006400
15,15.159,0.565,25.690,87.007200
9,9.163,1.078,30.880,87.008000
11,11.167,2.091,20.250,87.008800
13,13.171,3.104,22.440,87.009600
15,15.175,0.617,24.630,87.010400
9,9.147,1.130,29.420,87.035200
11,11.151,2.000,20.610,87.036000
13,13.155,3.013,22.800,87.036800
15,15.159,0.526,24.990,87.037600
9,9.163,1.039,30.180,87.038400
11,11.167,2.052,21.370,87.039200
13,13.171,3.065,23.560,87.040000
15,15.175,0.578,25.750,87.040800
17,17.168,1.500,26.000,87.065600
19,19.172,2.513,28.190,87.066400
21,21.176,0.026,30.380,87.067200
23,23.180,1.039,21.570,87.068000
17,17.184,1.552,26.760,87.068800
19,19.188,2.565,28.950,87.069600
21,21.192,0.078,31.140,87.070400
23,23.196,1.091,22.330,87.071200
17,17.168,1.604,27.120,87.096000
19,19.172,2.617,29.310,87.096800
21,21.176,0.130,31.500,87.097600
23,23.180,1.000,22.690,87.098400
17,17.184,1.513,27.880,87.099200
19,19.188,2.526,28.250,87.100000
21,21.192,0.039,30.440,87.100800
23,23.196,1.052,21.630,87.101600
17,17.168,1.565,26.420,87.126400
19,19.172,2.578,28.610,87.127200
21,21.176,0.091,30.800,87.128000
23,23.180,1.104,21.990,87.128800
17,17.184,1.617,27.180,87.129600
19,19.188,2.630,29.370,87.130400
21,21.192,0.000,31.560,87.131200
23,23.196,1.013,22.750,87.132000
17,17.168,1.526,27.540,87.156800
19,19.172,2.539,29.730,87.157600
21,21.176,0.052,30.100,87.158400
23,23.180,1.065,21.290,87.159200
17,17.184,1.578,26.480,87.160000
19,19.188,2.591,28.670,87.160800
21,21.192,0.104,30.860,87.161600
23,23.196,1.117,22.050,87.162400
17,17.168,1.630,26.840,87.187200
19,19.172,2.500,29.030,87.188000
21,21.176,0.013,31.220,87.188800
23,23.180,1.026,22.410,87.189600
17,17.184,1.539,27.600,87.190400
19,19.188,2.552,29.790,87.191200
21,21.192,0.065,31.980,87.192000
23,23.196,1.078,21.350,87.192800
17,17.168,1.591,26.140,87.217600
19,19.172,2.604,28.330,87.218400
21,21.176,0.117,30.520,87.219200
23,23.180,1.130,21.710,87.220000
17,17.184,1.500,26.900,87.220800
19,19.188,2.513,29.090,87.221600
21,21.192,0.026,31.280,87.222400
23,23.196,1.039,22.470,87.223200
17,17.168,1.552,27.260,87.248000
19,19.172,2.565,29.450,87.248800
21,21.176,0.078,31.640,87.249600
23,23.180,1.091,22.830,87.250400
17,17.184,1.604,26.200,87.251200
19,19.188,2.617,28.390,87.252000
21,21.192,0.130,30.580,87.252800
23,23.196,1.000,21.770,87.253600
17,17.168,1.513,26.560,87.278400
19,19.172,2.526,28.750,87.279200
21,21.176,0.039,30.940,87.280000
23,23.180,1.052,22.130,87.280800
17,17.184,1.565,27.320,87.281600
19,19.188,2.578,29.510,87.282400
21,21.192,0.091,31.700,87.283200
23,23.196,1.104,22.890,87.284000
17,17.168,1.617,27.680,87.308800
19,19.172,2.630,28.050,87.309600
21,21.176,0.000,30.240,87.310400
23,23.180,1.013,21.430,87.311200
17,17.184,1.526,26.620,87.312000
19,19.188,2.539,28.810,87.312800
21,21.192,0.052,31.000,87.313600
23,23.196,1.065,22.190,87.314400
17,17.168,1.578,26.980,87.339200
19,19.172,2.591,29.170,87.340000
21,21.176,0.104,31.360,87.340800
23,23.180,1.117,22.550,87.341600
17,17.184,1.630,27.740,87.342400
19,19.188,2.500,29.930,87.343200
21,21.192,0.013,30.300,87.344000
23,23.196,1.026,21.490,87.344800
17,17.168,1.539,26.280,87.369600
19,19.172,2.552,28.470,87.370400
21,21.176,0.065,30.660,87.371200
23,23.180,1.078,21.850,87.372000
17,17.184,1.591,27.040,87.372800
19,19.188,2.604,29.230,87.373600
21,21.192,0.117,31.420,87.374400
23,23.196,1.130,22.610,87.375200
17,17.168,1.500,27.400,87.400000
19,19.172,2.513,29.590,87.400800
21,21.176,0.026,31.780,87.401600
23,23.180,1.039,21.150,87.402400
17,17.184,1.552,26.340,87.403200
19,19.188,2.565,28.530,87.404000
21,21.192,0.078,30.720,87.404800
23,23.196,1.091,21.910,87.405600
17,17.168,1.604,26.700,87.430400
19,19.172,2.617,28.890,87.431200
21,21.176,0.130,31.080,87.432000
23,23.180,1.000,22.270,87.432800
17,17.184,1.513,27.460,87.433600
19,19.188,2.526,29.650,87.434400
21,21.192,0.039,31.840,87.435200
23,23.196,1.052,23.030,87.436000
17,17.168,1.565,26.000,87.460800
19,19.172,2.578,28.190,87.461600
21,21.176,0.091,30.380,87.462400
23,23.180,1.104,21.570,87.463200
17,17.184,1.617,26.760,87.464000
19,19.188,2.630,28.950,87.464800
21,21.192,0.000,31.140,87.465600
23,23.196,1.013,22.330,87.466400
17,17.168,1.526,27.120,87.491200
19,19.172,2.539,29.310,87.492000
21,21.176,0.052,31.500,87.492800
23,23.180,1.065,22.690,87.493600
17,17.184,1.578,27.880,87.494400
19,19.188,2.591,28.250,87.495200
21,21.192,0.104,30.440,87.496000
23,23.196,1.117,21.630,87.496800
17,17.168,1.630,26.420,87.521600
19,19.172,2.500,28.610,87.522400
21,21.176,0.013,30.800,87.523200
23,23.180,1.026,21.990,87.524000
17,17.184,1.539,27.180,87.524800
19,19.188,2.552,29.370,87.525600
21,21.192,0.065,31.560,87.526400
23,23.196,1.078,22.750,87.527200
1,1.000,0.500,21.000,87.552000
3,3.004,1.513,23.190,87.552800
5,5.008,2.526,25.380,87.553600
7,7.012,0.039,27.570,87.554400
1,1.016,0.552,21.760,87.555200
3,3.020,1.565,23.950,87.556000
5,5.024,2.578,26.140,87.556800
7,7.028,0.091,28.330,87.557600
1,1.000,0.604,22.120,87.582400
3,3.004,1.617,24.310,87.583200
5,5.008,2.630,26.500,87.584000
7,7.012,0.000,28.690,87.584800
1,1.016,0.513,22.880,87.585600
3,3.020,1.526,23.250,87.586400
5,5.024,2.539,25.440,87.587200
7,7.028,0.052,27.630,87.588000
1,1.000,0.565,21.420,87.612800
3,3.004,1.578,23.610,87.613600
5,5.008,2.591,25.800,87.614400
7,7.012,0.104,27.990,87.615200
1,1.016,0.617,22.180,87.616000
3,3.020,1.630,24.370,87.616800
5,5.024,2.500,26.560,87.617600
7,7.028,0.013,28.750,87.618400
1,1.000,0.526,22.540,87.643200
3,3.004,1.539,24.730,87.644000
5,5.008,2.552,25.100,87.644800
7,7.012,0.065,27.290,87.645600
1,1.016,0.578,21.480,87.646400
3,3.020,1.591,23.670,87.647200
5,5.024,2.604,25.860,87.648000
7,7.028,0.117,28.050,87.648800
1,1.000,0.630,21.840,87.673600
3,3.004,1.500,24.030,87.674400
5,5.008,2.513,26.220,87.675200
7,7.012,0.026,28.410,87.676000
1,1.016,0.539,22.600,87.676800
3,3.020,1.552,24.790,87.677600
5,5.024,2.565,26.980,87.678400
7,7.028,0.078,27.350,87.679200
1,1.000,0.591,21.140,87.704000
3,3.004,1.604,23.330,87.704800
5,5.008,2.617,25.520,87.705600
7,7.012,0.130,27.710,87.706400
1,1.016,0.500,21.900,87.707200
3,3.020,1.513,24.090,87.708000
5,5.024,2.526,26.280,87.708800
7,7.028,0.039,28.470,87.709600
1,1.000,0.552,22.260,87.734400
3,3.004,1.565,24.450,87.735200
5,5.008,2.578,26.640,87.736000
7,7.012,0.091,28.830,87.736800
1,1.016,0.604,21.200,87.737600
3,3.020,1.617,23.390,87.738400
5,5.024,2.630,25.580,87.739200
7,7.028,0.000,27.770,87.740000
1,1.000,0.513,21.560,87.764800
3,3.004,1.526,23.750,87.765600
5,5.008,2.539,25.940,87.766400
7,7.012,0.052,28.130,87.767200
1,1.016,0.565,22.320,87.768000
3,3.020,1.578,24.510,87.768800
5,5.024,2.591,26.700,87.769600
7,7.028,0.104,28.890,87.770400
1,1.000,0.617,22.680,87.795200
3,3.004,1.630,23.050,87.796000
5,5.008,2.500,25.240,87.796800
7,7.012,0.013,27.430,87.797600
1,1.016,0.526,21.620,87.798400
3,3.020,1.539,23.810,87.799200
5,5.024,2.552,26.000,87.800000
7,7.028,0.065,28.190,87.800800
1,1.000,0.578,21.980,87.825600
3,3.004,1.591,24.170,87.826400
5,5.008,2.604,26.360,87.827200
7,7.012,0.117,28.550,87.828000
1,1.016,0.630,22.740,87.828800
3,3.020,1.500,24.930,87.829600
5,5.024,2.513,25.300,87.830400
7,7.028,0.026,27.490,87.831200
1,1.000,0.539,21.280,87.856000
3,3.004,1.552,23.470,87.856800
5,5.008,2.565,25.660,87.857600
7,7.012,0.078,27.850,87.858400
1,1.016,0.591,22.040,87.859200
3,3.020,1.604,24.230,87.860000
5,5.024,2.617,26.420,87.860800
7,7.028,0.130,28.610,87.861600
1,1.000,0.500,22.400,87.886400
3,3.004,1.513,24.590,87.887200
5,5.008,2.526,26.780,87.888000
7,7.012,0.039,27.150,87.888800
1,1.016,0.552,21.340,87.889600
3,3.020,1.565,23.530,87.890400
5,5.024,2.578,25.720,87.891200
7,7.028,0.091,27.910,87.892000
1,1.000,0.604,21.700,87.916800
3,3.004,1.617,23.890,87.917600
5,5.008,2.630,26.080,87.918400
7,7.012,0.000,28.270,87.919200
1,1.016,0.513,22.460,87.920000
3,3.020,1.526,24.650,87.920800
5,5.024,2.539,26.840,87.921600
7,7.028,0.052,29.030,87.922400
1,1.000,0.565,21.000,87.947200
3,3.004,1.578,23.190,87.948000
5,5.008,2.591,25.380,87.948800
7,7.012,0.104,27.570,87.949600
1,1.016,0.617,21.760,87.950400
3,3.020,1.630,23.950,87.951200
5,5.024,2.500,26.140,87.952000
7,7.028,0.013,28.330,87.952800
1,1.000,0.526,22.120,87.977600
3,3.004,1.539,24.310,87.978400
5,5.008,2.552,26.500,87.979200
7,7.012,0.065,28.690,87.980000
1,1.016,0.578,22.880,87.980800
3,3.020,1.591,23.250,87.981600
5,5.024,2.604,25.440,87.982400
7,7.028,0.117,27.630,87.983200
1,1.000,0.630,21.420,88.008000
3,3.004,1.500,23.610,88.008800
5,5.008,2.513,25.800,88.009600
7,7.012,0.026,27.990,88.010400
1,1.016,0.539,22.180,88.011200
3,3.020,1.552,24.370,88.012000
5,5.024,2.565,26.560,88.012800
7,7.028,0.078,28.750,88.013600
9,9.021,1.000,29.000,88.038400
11,11.025,2.013,20.190,88.039200
13,13.029,3.026,22.380,88.040000
15,15.033,0.539,24.570,88.040800
9,9.037,1.052,29.760,88.041600
11,11.041,2.065,20.950,88.042400
13,13.045,3.078,23.140,88.043200
15,15.049,0.591,25.330,88.044000
9,9.021,1.104,30.120,88.068800
11,11.025,2.117,21.310,88.069600
13,13.029,3.130,23.500,88.070400
15,15.033,0.500,25.690,88.071200
9,9.037,1.013,30.880,88.072000
11,11.041,2.026,20.250,88.072800
13,13.045,3.039,22.440,88.073600
15,15.049,0.552,24.630,88.074400
9,9.021,1.065,29.420,88.099200
11,11.025,2.078,20.610,88.100000
13,13.029,3.091,22.800,88.100800
15,15.033,0.604,24.990,88.101600
9,9.037,1.117,30.180,88.102400
11,11.041,2.130,21.370,88.103200
13,13.045,3.000,23.560,88.104000
15,15.049,0.513,25.750,88.104800
9,9.021,1.026,30.540,88.129600
11,11.025,2.039,21.730,88.130400
13,13.029,3.052,22.100,88.131200
15,15.033,0.565,24.290,88.132000
9,9.037,1.078,29.480,88.132800
11,11.041,2.091,20.670,88.133600
13,13.045,3.104,22.860,88.134400
15,15.049,0.617,25.050,88.135200
9,9.021,1.130,29.840,88.160000
11,11.025,2.000,21.030,88.160800
13,13.029,3.013,23.220,88.161600
15,15.033,0.526,25.410,88.162400
9,9.037,1.039,30.600,88.163200
11,11.041,2.052,21.790,88.164000
13,13.045,3.065,23.980,88.164800
15,15.049,0.578,24.350,88.165600
9,9.021,1.091,29.140,88.190400
11,11.025,2.104,20.330,88.191200
13,13.029,3.117,22.520,88.192000
15,15.033,0.630,24.710,88.192800
9,9.037,1.000,29.900,88.193600
11,11.041,2.013,21.090,88.194400
13,13.045,3.026,23.280,88.195200
15,15.049,0.539,25.470,88.196000
9,9.021,1.052,30.260,88.220800
11,11.025,2.065,21.450,88.221600
13,13.029,3.078,23.640,88.222400
15,15.033,0.591,25.830,88.223200
9,9.037,1.104,29.200,88.224000
11,11.041,2.117,20.390,88.224800
13,13.045,3.130,22.580,88.225600
15,15.049,0.500,24.770,88.226400
9,9.021,1.013,29.560,88.251200
11,11.025,2.026,20.750,88.252000
13,13.029,3.039,22.940,88.252800
15,15.033,0.552,25.130,88.253600
9,9.037,1.065,30.320,88.254400
11,11.041,2.078,21.510,88.255200
13,13.045,3.091,23.700,88.256000
15,15.049,0.604,25.890,88.256800
9,9.021,1.117,30.680,88.281600
11,11.025,2.130,20.050,88.282400
13,13.029,3.000,22.240,88.283200
15,15.033,0.513,24.430,88.284000
9,9.037,1.026,29.620,88.284800
11,11.041,2.039,20.810,88.285600
13,13.045,3.052,23.000,88.286400
15,15.049,0.565,25.190,88.287200
9,9.021,1.078,29.980,88.312000
11,11.025,2.091,21.170,88.312800
13,13.029,3.104,23.360,88.313600
15,15.033,0.617,25.550,88.314400
9,9.037,1.130,30.740,88.315200
11,11.041,2.000,21.930,88.316000
13,13.045,3.013,22.300,88.316800
15,15.049,0.526,24.490,88.317600
9,9.021,1.039,29.280,88.342400
11,11.025,2.052,20.470,88.343200
13,13.029,3.065,22.660,88.344000
15,15.033,0.578,24.850,88.344800
9,9.037,1.091,30.040,88.345600
11,11.041,2.104,21.230,88.346400
13,13.045,3.117,23.420,88.347200
15,15.049,0.630,25.610,88.348000
9,9.021,1.000,30.400,88.372800
11,11.025,2.013,21.590,88.373600
13,13.029,3.026,23.780,88.374400
15,15.033,0.539,24.150,88.375200
9,9.037,1.052,29.340,88.376000
11,11.041,2.065,20.530,88.376800
13,13.045,3.078,22.720,88.377600
15,15.049,0.591,24.910,88.378400
9,9.021,1.104,29.700,88.403200
11,11.025,2.117,20.890,88.404000
13,13.029,3.130,23.080,88.404800
15,15.033,0.500,25.270,88.405600
9,9.037,1.013,30.460,88.406400
11,11.041,2.026,21.650,88.407200
13,13.045,3.039,23.840,88.408000
15,15.049,0.552,26.030,88.408800
9,9.021,1.065,29.000,88.433600
11,11.025,2.078,20.190,88.434400
13,13.029,3.091,22.380,88.435200
15,15.033,0.604,24.570,88.436000
9,9.037,1.117,29.760,88.436800
11,11.041,2.130,20.950,88.437600
13,13.045,3.000,23.140,88.438400
15,15.049,0.513,25.330,88.439200
9,9.021,1.026,30.120,88.464000
11,11.025,2.039,21.310,88.464800
13,13.029,3.052,23.500,88.465600
15,15.033,0.565,25.690,88.466400
9,9.037,1.078,30.880,88.467200
11,11.041,2.091,20.250,88.468000
13,13.045,3.104,22.440,88.468800
15,15.049,0.617,24.630,88.469600
9,9.021,1.130,29.420,88.494400
11,11.025,2.000,20.610,88.495200
13,13.029,3.013,22.800,88.496000
15,15.033,0.526,24.990,88.496800
9,9.037,1.039,30.180,88.497600
11,11.041,2.052,21.370,88.498400
13,13.045,3.065,23.560,88.499200
15,15.049,0.578,25.750,88.500000
17,17.042,1.500,26.000,88.524800
19,19.046,2.513,28.190,88.525600
21,21.050,0.026,30.380,88.526400
23,23.054,1.039,21.570,88.527200
17,17.058,1.552,26.760,88.528000
19,19.062,2.565,28.950,88.528800
21,21.066,0.078,31.140,88.529600
23,23.070,1.091,22.330,88.530400
17,17.042,1.604,27.120,88.555200
19,19.046,2.617,29.310,88.556000
21,21.050,0.130,31.500,88.556800
23,23.054,1.000,22.690,88.557600
17,17.058,1.513,27.880,88.558400
19,19.062,2.526,28.250,88.559200
21,21.066,0.039,30.440,88.560000
23,23.070,1.052,21.630,88.560800
17,17.042,1.565,26.420,88.585600
19,19.046,2.578,28.610,88.586400
21,21.050,0.091,30.800,88.587200
23,23.054,1.104,21.990,88.588000
17,17.058,1.617,27.180,88.588800
19,19.062,2.630,29.370,88.589600
21,21.066,0.000,31.560,88.590400
23,23.070,1.013,22.750,88.591200
17,17.042,1.526,27.540,88.616000
19,19.046,2.539,29.730,88.616800
21,21.050,0.052,30.100,88.617600
23,23.054,1.065,21.290,88.618400
17,17.058,1.578,26.480,88.619200
19,19.062,2.591,28.670,88.620000
21,21.066,0.104,30.860,88.620800
23,23.070,1.117,22.050,88.621600
17,17.042,1.630,26.840,88.646400
19,19.046,2.500,29.030,88.647200
21,21.050,0.013,31.220,88.648000
23,23.054,1.026,22.410,88.648800
17,17.058,1.539,27.600,88.649600
19,19.062,2.552,29.790,88.650400
21,21.066,0.065,31.980,88.651200
23,23.070,1.078,21.350,88.652000
17,17.042,1.591,26.140,88.676800
19,19.046,2.604,28.330,88.677600
21,21.050,0.117,30.520,88.678400
23,23.054,1.130,21.710,88.679200
17,17.058,1.500,26.900,88.680000
19,19.062,2.513,29.090,88.680800
21,21.066,0.026,31.280,88.681600
23,23.070,1.039,22.470,88.682400
17,17.042,1.552,27.260,88.707200
19,19.046,2.565,29.450,88.708000
21,21.050,0.078,31.640,88.708800
23,23.054,1.091,22.830,88.709600
17,17.058,1.604,26.200,88.710400
19,19.062,2.617,28.390,88.711200
21,21.066,0.130,30.580,88.712000
23,23.070,1.000,21.770,88.712800
17,17.042,1.513,26.560,88.737600
19,19.046,2.526,28.750,88.738400
21,21.050,0.039,30.940,88.739200
23,23.054,1.052,22.130,88.740000
17,17.058,1.565,27.320,88.740800
19,19.062,2.578,29.510,88.741600
21,21.066,0.091,31.700,88.742400
23,23.070,1.104,22.890,88.743200
17,17.042,1.617,27.680,88.768000
19,19.046,2.630,28.050,88.768800
21,21.050,0.000,30.240,88.769600
23,23.054,1.013,21.430,88.770400
17,17.058,1.526,26.620,88.771200
19,19.062,2.539,28.810,88.772000
21,21.066,0.052,31.000,88.772800
23,23.070,1.065,22.190,88.773600
17,17.042,1.578,26.980,88.798400
19,19.046,2.591,29.170,88.799200
21,21.050,0.104,31.360,88.800000
23,23.054,1.117,22.550,88.800800
17,17.058,1.630,27.740,88.801600
19,19.062,2.500,29.930,88.802400
21,21.066,0.013,30.300,88.803200
23,23.070,1.026,21.490,88.804000
17,17.042,1.539,26.280,88.828800
19,19.046,2.552,28.470,88.829600
21,21.050,0.065,30.660,88.830400
23,23.054,1.078,21.850,88.831200
17,17.058,1.591,27.040,88.832000
19,19.062,2.604,29.230,88.832800
21,21.066,0.117,31.420,88.833600
23,23.070,1.130,22.610,88.834400
17,17.042,1.500,27.400,88.859200
19,19.046,2.513,29.590,88.860000
21,21.050,0.026,31.780,88.860800
23,23.054,1.039,21.150,88.861600
17,17.058,1.552,26.340,88.862400
19,19.062,2.565,28.530,88.863200
21,21.066,0.078,30.720,88.864000
23,23.070,1.091,21.910,88.864800
17,17.042,1.604,26.700,88.889600
19,19.046,2.617,28.890,88.890400
21,21.050,0.130,31.080,88.891200
23,23.054,1.000,22.270,88.892000
17,17.058,1.513,27.460,88.892800
19,19.062,2.526,29.650,88.893600
21,21.066,0.039,31.840,88.894400
23,23.070,1.052,23.030,88.895200
17,17.042,1.565,26.000,88.920000
19,19.046,2.578,28.190,88.920800
21,21.050,0.091,30.380,88.921600
23,23.054,1.104,21.570,88.922400
17,17.058,1.617,26.760,88.923200
19,19.062,2.630,28.950,88.924000
21,21.066,0.000,31.140,88.924800
23,23.070,1.013,22.330,88.925600
17,17.042,1.526,27.120,88.950400
19,19.046,2.539,29.310,88.951200
21,21.050,0.052,31.500,88.952000
23,23.054,1.065,22.690,88.952800
17,17.058,1.578,27.880,88.953600
19,19.062,2.591,28.250,88.954400
21,21.066,0.104,30.440,88.955200
23,23.070,1.117,21.630,88.956000
17,17.042,1.630,26.420,88.980800
19,19.046,2.500,28.610,88.981600
21,21.050,0.013,30.800,88.982400
23,23.054,1.026,21.990,88.983200
17,17.058,1.539,27.180,88.984000
19,19.062,2.552,29.370,88.984800
21,21.066,0.065,31.560,88.985600
23,23.070,1.078,22.750,88.986400
1,1.063,0.500,21.000,89.011200
3,3.067,1.513,23.190,89.012000
5,5.071,2.526,25.380,89.012800
7,7.075,0.039,27.570,89.013600
1,1.079,0.552,21.760,89.014400
3,3.083,1.565,23.950,89.015200
5,5.087,2.578,26.140,89.016000
7,7.091,0.091,28.330,89.016800
1,1.063,0.604,22.120,89.041600
3,3.067,1.617,24.310,89.042400
5,5.071,2.630,26.500,89.043200
7,7.075,0.000,28.690,89.044000
1,1.079,0.513,22.880,89.044800
3,3.083,1.526,23.250,89.045600
5,5.087,2.539,25.440,89.046400
7,7.091,0.052,27.630,89.047200
1,1.063,0.565,21.420,89.072000
3,3.067,1.578,23.610,89.072800
5,5.071,2.591,25.800,89.073600
7,7.075,0.104,27.990,89.074400
1,1.079,0.617,22.180,89.075200
3,3.083,1.630,24.370,89.076000
5,5.087,2.500,26.560,89.076800
7,7.091,0.013,28.750,89.077600
1,1.063,0.526,22.540,89.102400
3,3.067,1.539,24.730,89.103200
5,5.071,2.552,25.100,89.104000
7,7.075,0.065,27.290,89.104800
1,1.079,0.578,21.480,89.105600
3,3.083,1.591,23.670,89.106400
5,5.087,2.604,25.860,89.107200
7,7.091,0.117,28.050,89.108000
1,1.063,0.630,21.840,89.132800
3,3.067,1.500,24.030,89.133600
5,5.071,2.513,26.220,89.134400
7,7.075,0.026,28.410,89.135200
1,1.079,0.539,22.600,89.136000
3,3.083,1.552,24.790,89.136800
5,5.087,2.565,26.980,89.137600
7,7.091,0.078,27.350,89.138400
1,1.063,0.591,21.140,89.163200
3,3.067,1.604,23.330,89.164000
5,5.071,2.617,25.520,89.164800
7,7.075,0.130,27.710,89.165600
1,1.079,0.500,21.900,89.166400
3,3.083,1.513,24.090,89.167200
5,5.087,2.526,26.280,89.168000
7,7.091,0.039,28.470,89.168800
1,1.063,0.552,22.260,89.193600
3,3.067,1.565,24.450,89.194400
5,5.071,2.578,26.640,89.195200
7,7.075,0.091,28.830,89.196000
1,1.079,0.604,21.200,89.196800
3,3.083,1.617,23.390,89.197600
5,5.087,2.630,25.580,89.198400
7,7.091,0.000,27.770,89.199200
1,1.063,0.513,21.560,89.224000
3,3.067,1.526,23.750,89.224800
5,5.071,2.539,25.940,89.225600
7,7.075,0.052,28.130,89.226400
1,1.079,0.565,22.320,89.227200
3,3.083,1.578,24.510,89.228000
5,5.087,2.591,26.700,89.228800
7,7.091,0.104,28.890,89.229600
1,1.063,0.617,22.680,89.254400
3,3.067,1.630,23.050,89.255200
5,5.071,2.500,25.240,89.256000
7,7.075,0.013,27.430,89.256800
1,1.079,0.526,21.620,89.257600
3,3.083,1.539,23.810,89.258400
5,5.087,2.552,26.000,89.259200
7,7.091,0.065,28.190,89.260000
1,1.063,0.578,21.980,89.284800
3,3.067,1.591,24.170,89.285600
5,5.071,2.604,26.360,89.286400
7,7.075,0.117,28.550,89.287200
1,1.079,0.630,22.740,89.288000
3,3.083,1.500,24.930,89.288800
5,5.087,2.513,25.300,89.289600
7,7.091,0.026,27.490,89.290400
1,1.063,0.539,21.280,89.315200
3,3.067,1.552,23.470,89.316000
5,5.071,2.565,25.660,89.316800
7,7.075,0.078,27.850,89.317600
1,1.079,0.591,22.040,89.318400
3,3.083,1.604,24.230,89.319200
5,5.087,2.617,26.420,89.320000
7,7.091,0.130,28.610,89.320800
1,1.063,0.500,22.400,89.345600
3,3.067,1.513,24.590,89.346400
5,5.071,2.526,26.780,89.347200
7,7.075,0.039,27.150,89.348000
1,1.079,0.552,21.340,89.348800
3,3.083,1.565,23.530,89.349600
5,5.087,2.578,25.720,89.350400
7,7.091,0.091,27.910,89.351200
1,1.063,0.604,21.700,89.376000
3,3.067,1.617,23.890,89.376800
5,5.071,2.630,26.080,89.377600
7,7.075,0.000,28.270,89.378400
1,1.079,0.513,22.460,89.379200
3,3.083,1.526,24.650,89.380000
5,5.087,2.539,26.840,89.380800
7,7.091,0.052,29.030,89.381600
1,1.063,0.565,21.000,89.406400
3,3.067,1.578,23.190,89.407200
5,5.071,2.591,25.380,89.408000
7,7.075,0.104,27.570,89.408800
1,1.079,0.617,21.760,89.409600
3,3.083,1.630,23.950,89.410400
5,5.087,2.500,26.140,89.411200
7,7.091,0.013,28.330,89.412000
1,1.063,0.526,22.120,89.436800
3,3.067,1.539,24.310,89.437600
5,5.071,2.552,26.500,89.438400
7,7.075,0.065,28.690,89.439200
1,1.079,0.578,22.880,89.440000
3,3.083,1.591,23.250,89.440800
5,5.087,2.604,25.440,89.441600
7,7.091,0.117,27.630,89.442400
1,1.063,0.630,21.420,89.467200
3,3.067,1.500,23.610,89.468000
5,5.071,2.513,25.800,89.468800
7,7.075,0.026,27.990,89.469600
1,1.079,0.539,22.180,89.470400
3,3.083,1.552,24.370,89.471200
5,5.087,2.565,26.560,89.472000
7,7.091,0.078,28.750,89.472800
9,9.084,1.000,29.000,89.497600
11,11.088,2.013,20.190,89.498400
13,13.092,3.026,22.380,89.499200
15,15.096,0.539,24.570,89.500000
9,9.100,1.052,29.760,89.500800
11,11.104,2.065,20.950,89.501600
13,13.108,3.078,23.140,89.502400
15,15.112,0.591,25.330,89.503200
9,9.084,1.104,30.120,89.528000
11,11.088,2.117,21.310,89.528800
13,13.092,3.130,23.500,89.529600
15,15.096,0.500,25.690,89.530400
9,9.100,1.013,30.880,89.531200
11,11.104,2.026,20.250,89.532000
13,13.108,3.039,22.440,89.532800
15,15.112,0.552,24.630,89.533600
9,9.084,1.065,29.420,89.558400
11,11.088,2.078,20.610,89.559200
13,13.092,3.091,22.800,89.560000
15,15.096,0.604,24.990,89.560800
9,9.100,1.117,30.180,89.561600
11,11.104,2.130,21.370,89.562400
13,13.108,3.000,23.560,89.563200
15,15.112,0.513,25.750,89.564000
9,9.084,1.026,30.540,89.588800
11,11.088,2.039,21.730,89.589600
13,13.092,3.052,22.100,89.590400
15,15.096,0.565,24.290,89.591200
9,9.100,1.078,29.480,89.592000
11,11.104,2.091,20.670,89.592800
13,13.108,3.104,22.860,89.593600
15,15.112,0.617,25.050,89.594400
9,9.084,1.130,29.840,89.619200
11,11.088,2.000,21.030,89.620000
13,13.092,3.013,23.220,89.620800
15,15.096,0.526,25.410,89.621600
9,9.100,1.039,30.600,89.622400
11,11.104,2.052,21.790,89.623200
13,13.108,3.065,23.980,89.624000
15,15.112,0.578,24.350,89.624800
9,9.084,1.091,29.140,89.649600
11,11.088,2.104,20.330,89.650400
13,13.092,3.117,22.520,89.651200
15,15.096,0.630,24.710,89.652000
9,9.100,1.000,29.900,89.652800
11,11.104,2.013,21.090,89.653600
13,13.108,3.026,23.280,89.654400
15,15.112,0.539,25.470,89.655200
9,9.084,1.052,30.260,89.680000
11,11.088,2.065,21.450,89.680800
13,13.092,3.078,23.640,89.681600
15,15.096,0.591,25.830,89.682400
9,9.100,1.104,29.200,89.683200
11,11.104,2.117,20.390,89.684000
13,13.108,3.130,22.580,89.684800
15,15.112,0.500,24.770,89.685600
9,9.084,1.013,29.560,89.710400
11,11.088,2.026,20.750,89.711200
13,13.092,3.039,22.940,89.712000
15,15.096,0.552,25.130,89.712800
9,9.100,1.065,30.320,89.713600
11,11.104,2.078,21.510,89.714400
13,13.108,3.091,23.700,89.715200
15,15.112,0.604,25.890,89.716000
9,9.084,1.117,30.680,89.740800
11,11.088,2.130,20.050,89.741600
13,13.092,3.000,22.240,89.742400
15,15.096,0.513,24.430,89.743200
9,9.100,1.026,29.620,89.744000
11,11.104,2.039,20.810,89.744800
13,13.108,3.052,23.000,89.745600
15,15.112,0.565,25.190,89.746400
9,9.084,1.078,29.980,89.771200
11,11.088,2.091,21.170,89.772000
13,13.092,3.104,23.360,89.772800
15,15.096,0.617,25.550,89.773600
9,9.100,1.130,30.740,89.774400
11,11.104,2.000,21.930,89.775200
13,13.108,3.013,22.300,89.776000
15,15.112,0.526,24.490,89.776800
9,9.084,1.039,29.280,89.801600
11,11.088,2.052,20.470,89.802400
13,13.092,3.065,22.660,89.803200
15,15.096,0.578,24.850,89.804000
9,9.100,1.091,30.040,89.804800
11,11.104,2.104,21.230,89.805600
13,13.108,3.117,23.420,89.806400
15,15.112,0.630,25.610,89.807200
9,9.084,1.000,30.400,89.832000
11,11.088,2.013,21.590,89.832800
13,13.092,3.026,23.780,89.833600
15,15.096,0.539,24.150,89.834400
9,9.100,1.052,29.340,89.835200
11,11.104,2.065,20.530,89.836000
13,13.108,3.078,22.720,89.836800
15,15.112,0.591,24.910,89.837600
9,9.084,1.104,29.700,89.862400
11,11.088,2.117,20.890,89.863200
13,13.092,3.130,23.080,89.864000
15,15.096,0.500,25.270,89.864800
9,9.100,1.013,30.460,89.865600
11,11.104,2.026,21.650,89.866400
13,13.108,3.039,23.840,89.867200
15,15.112,0.552,26.030,89.868000
9,9.084,1.065,29.000,89.892800
11,11.088,2.078,20.190,89.893600
13,13.092,3.091,22.380,89.894400
15,15.096,0.604,24.570,89.895200
9,9.100,1.117,29.760,89.896000
11,11.104,2.130,20.950,89.896800
13,13.108,3.000,23.140,89.897600
15,15.112,0.513,25.330,89.898400
9,9.084,1.026,30.120,89.923200
11,11.088,2.039,21.310,89.924000
13,13.092,3.052,23.500,89.924800
15,15.096,0.565,25.690,89.925600
9,9.100,1.078,30.880,89.926400
11,11.104,2.091,20.250,89.927200
13,13.108,3.104,22.440,89.928000
15,15.112,0.617,24.630,89.928800
9,9.084,1.130,29.420,89.953600
11,11.088,2.000,20.610,89.954400
13,13.092,3.013,22.800,89.955200
15,15.096,0.526,24.990,89.956000
9,9.100,1.039,30.180,89.956800
11,11.104,2.052,21.370,89.957600
13,13.108,3.065,23.560,89.958400
15,15.112,0.578,25.750,89.959200
17,17.105,1.500,26.000,89.984000
19,19.109,2.513,28.190,89.984800
21,21.113,0.026,30.380,89.985600
23,23.117,1.039,21.570,89.986400
17,17.121,1.552,26.760,89.987200
19,19.125,2.565,28.950,89.988000
21,21.129,0.078,31.140,89.988800
23,23.133,1.091,22.330,89.989600
17,17.105,1.604,27.120,90.014400
19,19.109,2.617,29.310,90.015200
21,21.113,0.130,31.500,90.016000
23,23.117,1.000,22.690,90.016800
17,17.121,1.513,27.880,90.017600
19,19.125,2.526,28.250,90.018400
21,21.129,0.039,30.440,90.019200
23,23.133,1.052,21.630,90.020000
17,17.105,1.565,26.420,90.044800
19,19.109,2.578,28.610,90.045600
21,21.113,0.091,30.800,90.046400
23,23.117,1.104,21.990,90.047200
17,17.121,1.617,27.180,90.048000
19,19.125,2.630,29.370,90.048800
21,21.129,0.000,31.560,90.049600
23,23.133,1.013,22.750,90.050400
17,17.105,1.526,27.540,90.075200
19,19.109,2.539,29.730,90.076000
21,21.113,0.052,30.100,90.076800
23,23.117,1.065,21.290,90.077600
17,17.121,1.578,26.480,90.078400
19,19.125,2.591,28.670,90.079200
21,21.129,0.104,30.860,90.080000
23,23.133,1.117,22.050,90.080800
17,17.105,1.630,26.840,90.105600
19,19.109,2.500,29.030,90.106400
21,21.113,0.013,31.220,90.107200
23,23.117,1.026,22.410,90.108000
17,17.121,1.539,27.600,90.108800
19,19.125,2.552,29.790,90.109600
21,21.129,0.065,31.980,90.110400
23,23.133,1.078,21.350,90.111200
17,17.105,1.591,26.140,90.136000
19,19.109,2.604,28.330,90.136800
21,21.113,0.117,30.520,90.137600
23,23.117,1.130,21.710,90.138400
17,17.121,1.500,26.900,90.139200
19,19.125,2.513,29.090,90.140000
21,21.129,0.026,31.280,90.140800
23,23.133,1.039,22.470,90.141600
17,17.105,1.552,27.260,90.166400
19,19.109,2.565,29.450,90.167200
21,21.113,0.078,31.640,90.168000
23,23.117,1.091,22.830,90.168800
17,17.121,1.604,26.200,90.169600
19,19.125,2.617,28.390,90.170400
21,21.129,0.130,30.580,90.171200
23,23.133,1.000,21.770,90.172000
17,17.105,1.513,26.560,90.196800
19,19.109,2.526,28.750,90.197600
21,21.113,0.039,30.940,90.198400
23,23.117,1.052,22.130,90.199200
17,17.121,1.565,27.320,90.200000
19,19.125,2.578,29.510,90.200800
21,21.129,0.091,31.700,90.201600
23,23.133,1.104,22.890,90.202400
17,17.105,1.617,27.680,90.227200
19,19.109,2.630,28.050,90.228000
21,21.113,0.000,30.240,90.228800
23,23.117,1.013,21.430,90.229600
17,17.121,1.526,26.620,90.230400
19,19.125,2.539,28.810,90.231200
21,21.129,0.052,31.000,90.232000
23,23.133,1.065,22.190,90.232800
17,17.105,1.578,26.980,90.257600
19,19.109,2.591,29.170,90.258400
21,21.113,0.104,31.360,90.259200
23,23.117,1.117,22.550,90.260000
17,17.121,1.630,27.740,90.260800
19,19.125,2.500,29.930,90.261600
21,21.129,0.013,30.300,90.262400
23,23.133,1.026,21.490,90.263200
17,17.105,1.539,26.280,90.288000
19,19.109,2.552,28.470,90.288800
21,21.113,0.065,30.660,90.289600
23,23.117,1.078,21.850,90.290400
17,17.121,1.591,27.040,90.291200
19,19.125,2.604,29.230,90.292000
21,21.129,0.117,31.420,90.292800
23,23.133,1.130,22.610,90.293600
17,17.105,1.500,27.400,90.318400
19,19.109,2.513,29.590,90.319200
21,21.113,0.026,31.780,90.320000
23,23.117,1.039,21.150,90.320800
17,17.121,1.552,26.340,90.321600
19,19.125,2.565,28.530,90.322400
21,21.129,0.078,30.720,90.323200
23,23.133,1.091,21.910,90.324000
17,17.105,1.604,26.700,90.348800
19,19.109,2.617,28.890,90.349600
21,21.113,0.130,31.080,90.350400
23,23.117,1.000,22.270,90.351200
17,17.121,1.513,27.460,90.352000
19,19.125,2.526,29.650,90.352800
21,21.129,0.039,31.840,90.353600
23,23.133,1.052,23.030,90.354400
17,17.105,1.565,26.000,90.379200
19,19.109,2.578,28.190,90.380000
21,21.113,0.091,30.380,90.380800
23,23.117,1.104,21.570,90.381600
17,17.121,1.617,26.760,90.382400
19,19.125,2.630,28.950,90.383200
21,21.129,0.000,31.140,90.384000
23,23.133,1.013,22.330,90.384800
17,17.105,1.526,27.120,90.409600
19,19.109,2.539,29.310,90.410400
21,21.113,0.052,31.500,90.411200
23,23.117,1.065,22.690,90.412000
17,17.121,1.578,27.880,90.412800
19,19.125,2.591,28.250,90.413600
21,21.129,0.104,30.440,90.414400
23,23.133,1.117,21.630,90.415200
17,17.105,1.630,26.420,90.440000
19,19.109,2.500,28.610,90.440800
21,21.113,0.013,30.800,90.441600
23,23.117,1.026,21.990,90.442400
17,17.121,1.539,27.180,90.443200
19,19.125,2.552,29.370,90.444000
21,21.129,0.065,31.560,90.444800
23,23.133,1.078,22.750,90.445600
1,1.126,0.500,21.000,90.470400
3,3.130,1.513,23.190,90.471200
5,5.134,2.526,25.380,90.472000
7,7.138,0.039,27.570,90.472800
1,1.142,0.552,21.760,90.473600
3,3.146,1.565,23.950,90.474400
5,5.150,2.578,26.140,90.475200
7,7.154,0.091,28.330,90.476000
1,1.126,0.604,22.120,90.500800
3,3.130,1.617,24.310,90.501600
5,5.134,2.630,26.500,90.502400
7,7.138,0.000,28.690,90.503200
1,1.142,0.513,22.880,90.504000
3,3.146,1.526,23.250,90.504800
5,5.150,2.539,25.440,90.505600
7,7.154,0.052,27.630,90.506400
1,1.126,0.565,21.420,90.531200
3,3.130,1.578,23.610,90.532000
5,5.134,2.591,25.800,90.532800
7,7.138,0.104,27.990,90.533600
1,1.142,0.617,22.180,90.534400
3,3.146,1.630,24.370,90.535200
5,5.150,2.500,26.560,90.536000
7,7.154,0.013,28.750,90.536800
1,1.126,0.526,22.540,90.561600
3,3.130,1.539,24.730,90.562400
5,5.134,2.552,25.100,90.563200
7,7.138,0.065,27.290,90.564000
1,1.142,0.578,21.480,90.564800
3,3.146,1.591,23.670,90.565600
5,5.150,2.604,25.860,90.566400
7,7.154,0.117,28.050,90.567200
1,1.126,0.630,21.840,90.592000
3,3.130,1.500,24.030,90.592800
5,5.134,2.513,26.220,90.593600
7,7.138,0.026,28.410,90.594400
1,1.142,0.539,22.600,90.595200
3,3.146,1.552,24.790,90.596000
5,5.150,2.565,26.980,90.596800
7,7.154,0.078,27.350,90.597600
1,1.126,0.591,21.140,90.622400
3,3.130,1.604,23.330,90.623200
5,5.134,2.617,25.520,90.624000
7,7.138,0.130,27.710,90.624800
1,1.142,0.500,21.900,90.625600
3,3.146,1.513,24.090,90.626400
5,5.150,2.526,26.280,90.627200
7,7.154,0.039,28.470,90.628000
1,1.126,0.552,22.260,90.652800
3,3.130,1.565,24.450,90.653600
5,5.134,2.578,26.640,90.654400
7,7.138,0.091,28.830,90.655200
1,1.142,0.604,21.200,90.656000
3,3.146,1.617,23.390,90.656800
5,5.150,2.630,25.580,90.657600
7,7.154,0.000,27.770,90.658400
1,1.126,0.513,21.560,90.683200
3,3.130,1.526,23.750,90.684000
5,5.134,2.539,25.940,90.684800
7,7.138,0.052,28.130,90.685600
1,1.142,0.565,22.320,90.686400
3,3.146,1.578,24.510,90.687200
5,5.150,2.591,26.700,90.688000
7,7.154,0.104,28.890,90.688800
1,1.126,0.617,22.680,90.713600
3,3.130,1.630,23.050,90.714400
5,5.134,2.500,25.240,90.715200
7,7.138,0.013,27.430,90.716000
1,1.142,0.526,21.620,90.716800
3,3.146,1.539,23.810,90.717600
5,5.150,2.552,26.000,90.718400
7,7.154,0.065,28.190,90.719200
1,1.126,0.578,21.980,90.744000
3,3.130,1.591,24.170,90.744800
5,5.134,2.604,26.360,90.745600
7,7.138,0.117,28.550,90.746400
1,1.142,0.630,22.740,90.747200
3,3.146,1.500,24.930,90.748000
5,5.150,2.513,25.300,90.748800
7,7.154,0.026,27.490,90.749600
1,1.126,0.539,21.280,90.774400
3,3.130,1.552,23.470,90.775200
5,5.134,2.565,25.660,90.776000
7,7.138,0.078,27.850,90.776800
1,1.142,0.591,22.040,90.777600
3,3.146,1.604,24.230,90.778400
5,5.150,2.617,26.420,90.779200
7,7.154,0.130,28.610,90.780000
1,1.126,0.500,22.400,90.804800
3,3.130,1.513,24.590,90.805600
5,5.134,2.526,26.780,90.806400
7,7.138,0.039,27.150,90.807200
1,1.142,0.552,21.340,90.808000
3,3.146,1.565,23.530,90.808800
5,5.150,2.578,25.720,90.809600
7,7.154,0.091,27.910,90.810400
1,1.126,0.604,21.700,90.835200
3,3.130,1.617,23.890,90.836000
5,5.134,2.630,26.080,90.836800
7,7.138,0.000,28.270,90.837600
1,1.142,0.513,22.460,90.838400
3,3.146,1.526,24.650,90.839200
5,5.150,2.539,26.840,90.840000
7,7.154,0.052,29.030,90.840800
1,1.126,0.565,21.000,90.865600
3,3.130,1.578,23.190,90.866400
5,5.134,2.591,25.380,90.867200
7,7.138,0.104,27.570,90.868000
1,1.142,0.617,21.760,90.868800
3,3.146,1.630,23.950,90.869600
5,5.150,2.500,26.140,90.870400
7,7.154,0.013,28.330,90.871200
1,1.126,0.526,22.120,90.896000
3,3.130,1.539,24.310,90.896800
5,5.134,2.552,26.500,90.897600
7,7.138,0.065,28.690,90.898400
1,1.142,0.578,22.880,90.899200
3,3.146,1.591,23.250,90.900000
5,5.150,2.604,25.440,90.900800
7,7.154,0.117,27.630,90.901600
1,1.126,0.630,21.420,90.926400
3,3.130,1.500,23.610,90.927200
5,5.134,2.513,25.800,90.928000
7,7.138,0.026,27.990,90.928800
1,1.142,0.539,22.180,90.929600
3,3.146,1.552,24.370,90.930400
5,5.150,2.565,26.560,90.931200
7,7.154,0.078,28.750,90.932000
9,9.147,1.000,29.000,90.956800
11,11.151,2.013,20.190,90.957600
13,13.155,3.026,22.380,90.958400
15,15.159,0.539,24.570,90.959200
9,9.163,1.052,29.760,90.960000
11,11.167,2.065,20.950,90.960800
13,13.171,3.078,23.140,90.961600
15,15.175,0.591,25.330,90.962400
9,9.147,1.104,30.120,90.987200
11,11.151,2.117,21.310,90.988000
13,13.155,3.130,23.500,90.988800
15,15.159,0.500,25.690,90.989600
9,9.163,1.013,30.880,90.990400
11,11.167,2.026,20.250,90.991200
13,13.171,3.039,22.440,90.992000
15,15.175,0.552,24.630,90.992800
9,9.147,1.065,29.420,91.017600
11,11.151,2.078,20.610,91.018400
13,13.155,3.091,22.800,91.019200
15,15.159,0.604,24.990,91.020000
9,9.163,1.117,30.180,91.020800
11,11.167,2.130,21.370,91.021600
13,13.171,3.000,23.560,91.022400
15,15.175,0.513,25.750,91.023200
9,9.147,1.026,30.540,91.048000
11,11.151,2.039,21.730,91.048800
13,13.155,3.052,22.100,91.049600
15,15.159,0.565,24.290,91.050400
9,9.163,1.078,29.480,91.051200
11,11.167,2.091,20.670,91.052000
13,13.171,3.104,22.860,91.052800
15,15.175,0.617,25.050,91.053600
9,9.147,1.130,29.840,91.078400
11,11.151,2.000,21.030,91.079200
13,13.155,3.013,23.220,91.080000
15,15.159,0.526,25.410,91.080800
9,9.163,1.039,30.600,91.081600
11,11.167,2.052,21.790,91.082400
13,13.171,3.065,23.980,91.083200
15,15.175,0.578,24.350,91.084000
9,9.147,1.091,29.140,91.108800
11,11.151,2.104,20.330,91.109600
13,13.155,3.117,22.520,91.110400
15,15.159,0.630,24.710,91.111200
9,9.163,1.000,29.900,91.112000
11,11.167,2.013,21.090,91.112800
13,13.171,3.026,23.280,91.113600
15,15.175,0.539,25.470,91.114400
9,9.147,1.052,30.260,91.139200
11,11.151,2.065,21.450,91.140000
13,13.155,3.078,23.640,91.140800
15,15.159,0.591,25.830,91.141600
9,9.163,1.104,29.200,91.142400
11,11.167,2.117,20.390,91.143200
13,13.171,3.130,22.580,91.144000
15,15.175,0.500,24.770,91.144800
9,9.147,1.013,29.560,91.169600
11,11.151,2.026,20.750,91.170400
13,13.155,3.039,22.940,91.171200
15,15.159,0.552,25.130,91.172000
9,9.163,1.065,30.320,91.172800
11,11.167,2.078,21.510,91.173600
13,13.171,3.091,23.700,91.174400
15,15.175,0.604,25.890,91.175200
9,9.147,1.117,30.680,91.200000
11,11.151,2.130,20.050,91.200800
13,13.155,3.000,22.240,91.201600
15,15.159,0.513,24.430,91.202400
9,9.163,1.026,29.620,91.203200
11,11.167,2.039,20.810,91.204000
13,13.171,3.052,23.000,91.204800
15,15.175,0.565,25.190,91.205600
9,9.147,1.078,29.980,91.230400
11,11.151,2.091,21.170,91.231200
13,13.155,3.104,23.360,91.232000
15,15.159,0.617,25.550,91.232800
9,9.163,1.130,30.740,91.233600
11,11.167,2.000,21.930,91.234400
13,13.171,3.013,22.300,91.235200
15,15.175,0.526,24.490,91.236000
9,9.147,1.039,29.280,91.260800
11,11.151,2.052,20.470,91.261600
13,13.155,3.065,22.660,91.262400
15,15.159,0.578,24.850,91.263200
9,9.163,1.091,30.040,91.264000
11,11.167,2.104,21.230,91.264800
13,13.171,3.117,23.420,91.265600
15,15.175,0.630,25.610,91.266400
9,9.147,1.000,30.400,91.291200
11,11.151,2.013,21.590,91.292000
13,13.155,3.026,23.780,91.292800
15,15.159,0.539,24.150,91.293600
9,9.163,1.052,29.340,91.294400
11,11.167,2.065,20.530,91.295200
13,13.171,3.078,22.720,91.296000
15,15.175,0.591,24.910,91.296800
9,9.147,1.104,29.700,91.321600
11,11.151,2.117,20.890,91.322400
13,13.155,3.130,23.080,91.323200
15,15.159,0.500,25.270,91.324000
9,9.163,1.013,30.460,91.324800
11,11.167,2.026,21.650,91.325600
13,13.171,3.039,23.840,91.326400
15,15.175,0.552,26.030,91.327200
9,9.147,1.065,29.000,91.352000
11,11.151,2.078,20.190,91.352800
13,13.155,3.091,22.380,91.353600
15,15.159,0.604,24.570,91.354400
9,9.163,1.117,29.760,91.355200
11,11.167,2.130,20.950,91.356000
13,13.171,3.000,23.140,91.356800
15,15.175,0.513,25.330,91.357600
9,9.147,1.026,30.120,91.382400
11,11.151,2.039,21.310,91.383200
13,13.155,3.052,23.500,91.384000
15,15.159,0.565,25.690,91.384800
9,9.163,1.078,30.880,91.385600
11,11.167,2.091,20.250,91.386400
13,13.171,3.104,22.440,91.387200
15,15.175,0.617,24.630,91.388000
9,9.147,1.130,29.420,91.412800
11,11.151,2.000,20.610,91.413600
13,13.155,3.013,22.800,91.414400
15,15.159,0.526,24.990,91.415200
9,9.163,1.039,30.180,91.416000
11,11.167,2.052,21.370,91.416800
13,13.171,3.065,23.560,91.417600
15,15.175,0.578,25.750,91.418400
17,17.168,1.500,26.000,91.443200
19,19.172,2.513,28.190,91.444000
21,21.176,0.026,30.380,91.444800
23,23.180,1.039,21.570,91.445600
17,17.184,1.552,26.760,91.446400
19,19.188,2.565,28.950,91.447200
21,21.192,0.078,31.140,91.448000
23,23.196,1.091,22.330,91.448800
17,17.168,1.604,27.120,91.473600
19,19.172,2.617,29.310,91.474400
21,21.176,0.130,31.500,91.475200
23,23.180,1.000,22.690,91.476000
17,17.184,1.513,27.880,91.476800
19,19.188,2.526,28.250,91.477600
21,21.192,0.039,30.440,91.478400
23,23.196,1.052,21.630,91.479200
17,17.168,1.565,26.420,91.504000
19,19.172,2.578,28.610,91.504800
21,21.176,0.091,30.800,91.505600
23,23.180,1.104,21.990,91.506400
17,17.184,1.617,27.180,91.507200
19,19.188,2.630,29.370,91.508000
21,21.192,0.000,31.560,91.508800
23,23.196,1.013,22.750,91.509600
17,17.168,1.526,27.540,91.534400
19,19.172,2.539,29.730,91.535200
21,21.176,0.052,30.100,91.536000
23,23.180,1.065,21.290,91.536800
17,17.184,1.578,26.480,91.537600
19,19.188,2.591,28.670,91.538400
21,21.192,0.104,30.860,91.539200
23,23.196,1.117,22.050,91.540000
17,17.168,1.630,26.840,91.564800
19,19.172,2.500,29.030,91.565600
21,21.176,0.013,31.220,91.566400
23,23.180,1.026,22.410,91.567200
17,17.184,1.539,27.600,91.568000
19,19.188,2.552,29.790,91.568800
21,21.192,0.065,31.980,91.569600
23,23.196,1.078,21.350,91.570400
17,17.168,1.591,26.140,91.595200
19,19.172,2.604,28.330,91.596000
21,21.176,0.117,30.520,91.596800
23,23.180,1.130,21.710,91.597600
17,17.184,1.500,26.900,91.598400
19,19.188,2.513,29.090,91.599200
21,21.192,0.026,31.280,91.600000
23,23.196,1.039,22.470,91.600800
17,17.168,1.552,27.260,91.625600
19,19.172,2.565,29.450,91.626400
21,21.176,0.078,31.640,91.627200
23,23.180,1.091,22.830,91.628000
17,17.184,1.604,26.200,91.628800
19,19.188,2.617,28.390,91.629600
21,21.192,0.130,30.580,91.630400
23,23.196,1.000,21.770,91.631200
17,17.168,1.513,26.560,91.656000
19,19.172,2.526,28.750,91.656800
21,21.176,0.039,30.940,91.657600
23,23.180,1.052,22.130,91.658400
17,17.184,1.565,27.320,91.659200
19,19.188,2.578,29.510,91.660000
21,21.192,0.091,31.700,91.660800
23,23.196,1.104,22.890,91.661600
17,17.168,1.617,27.680,91.686400
19,19.172,2.630,28.050,91.687200
21,21.176,0.000,30.240,91.688000
23,23.180,1.013,21.430,91.688800
17,17.184,1.526,26.620,91.689600
19,19.188,2.539,28.810,91.690400
21,21.192,0.052,31.000,91.691200
23,23.196,1.065,22.190,91.692000
17,17.168,1.578,26.980,91.716800
19,19.172,2.591,29.170,91.717600
21,21.176,0.104,31.360,91.718400
23,23.180,1.117,22.550,91.719200
17,17.184,1.630,27.740,91.720000
19,19.188,2.500,29.930,91.720800
21,21.192,0.013,30.300,91.721600
23,23.196,1.026,21.490,91.722400
17,17.168,1.539,26.280,91.747200
19,19.172,2.552,28.470,91.748000
21,21.176,0.065,30.660,91.748800
23,23.180,1.078,21.850,91.749600
17,17.184,1.591,27.040,91.750400
19,19.188,2.604,29.230,91.751200
21,21.192,0.117,31.420,91.752000
23,23.196,1.130,22.610,91.752800
17,17.168,1.500,27.400,91.777600
19,19.172,2.513,29.590,91.778400
21,21.176,0.026,31.780,91.779200
23,23.180,1.039,21.150,91.780000
17,17.184,1.552,26.340,91.780800
19,19.188,2.565,28.530,91.781600
21,21.192,0.078,30.720,91.782400
23,23.196,1.091,21.910,91.783200
17,17.168,1.604,26.700,91.808000
19,19.172,2.617,28.890,91.808800
21,21.176,0.130,31.080,91.809600
23,23.180,1.000,22.270,91.810400
17,17.184,1.513,27.460,91.811200
19,19.188,2.526,29.650,91.812000
21,21.192,0.039,31.840,91.812800
23,23.196,1.052,23.030,91.813600
17,17.168,1.565,26.000,91.838400
19,19.172,2.578,28.190,91.839200
21,21.176,0.091,30.380,91.840000
23,23.180,1.104,21.570,91.840800
17,17.184,1.617,26.760,91.841600
19,19.188,2.630,28.950,91.842400
21,21.192,0.000,31.140,91.843200
23,23.196,1.013,22.330,91.844000
17,17.168,1.526,27.120,91.868800
19,19.172,2.539,29.310,91.869600
21,21.176,0.052,31.500,91.870400
23,23.180,1.065,22.690,91.871200
17,17.184,1.578,27.880,91.872000
19,19.188,2.591,28.250,91.872800
21,21.192,0.104,30.440,91.873600
23,23.196,1.117,21.630,91.874400
17,17.168,1.630,26.420,91.899200
19,19.172,2.500,28.610,91.900000
21,21.176,0.013,30.800,91.900800
23,23.180,1.026,21.990,91.901600
17,17.184,1.539,27.180,91.902400
19,19.188,2.552,29.370,91.903200
21,21.192,0.065,31.560,91.904000
23,23.196,1.078,22.750,91.904800
1,1.000,0.500,21.000,91.929600
3,3.004,1.513,23.190,91.930400
5,5.008,2.526,25.380,91.931200
7,7.012,0.039,27.570,91.932000
1,1.016,0.552,21.760,91.932800
3,3.020,1.565,23.950,91.933600
5,5.024,2.578,26.140,91.934400
7,7.028,0.091,28.330,91.935200
1,1.000,0.604,22.120,91.960000
3,3.004,1.617,24.310,91.960800
5,5.008,2.630,26.500,91.961600
7,7.012,0.000,28.690,91.962400
1,1.016,0.513,22.880,91.963200
3,3.020,1.526,23.250,91.964000
5,5.024,2.539,25.440,91.964800
7,7.028,0.052,27.630,91.965600
1,1.000,0.565,21.420,91.990400
3,3.004,1.578,23.610,91.991200
5,5.008,2.591,25.800,91.992000
7,7.012,0.104,27.990,91.992800
1,1.016,0.617,22.180,91.993600
3,3.020,1.630,24.370,91.994400
5,5.024,2.500,26.560,91.995200
7,7.028,0.013,28.750,91.996000
1,1.000,0.526,22.540,92.020800
3,3.004,1.539,24.730,92.021600
5,5.008,2.552,25.100,92.022400
7,7.012,0.065,27.290,92.023200
1,1.016,0.578,21.480,92.024000
3,3.020,1.591,23.670,92.024800
5,5.024,2.604,25.860,92.025600
7,7.028,0.117,28.050,92.026400
1,1.000,0.630,21.840,92.051200
3,3.004,1.500,24.030,92.052000
5,5.008,2.513,26.220,92.052800
7,7.012,0.026,28.410,92.053600
1,1.016,0.539,22.600,92.054400
3,3.020,1.552,24.790,92.055200
5,5.024,2.565,26.980,92.056000
7,7.028,0.078,27.350,92.056800
1,1.000,0.591,21.140,92.081600
3,3.004,1.604,23.330,92.082400
5,5.008,2.617,25.520,92.083200
7,7.012,0.130,27.710,92.084000
1,1.016,0.500,21.900,92.084800
3,3.020,1.513,24.090,92.085600
5,5.024,2.526,26.280,92.086400
7,7.028,0.039,28.470,92.087200
1,1.000,0.552,22.260,92.112000
3,3.004,1.565,24.450,92.112800
5,5.008,2.578,26.640,92.113600
7,7.012,0.091,28.830,92.114400
1,1.016,0.604,21.200,92.115200
3,3.020,1.617,23.390,92.116000
5,5.024,2.630,25.580,92.116800
7,7.028,0.000,27.770,92.117600
1,1.000,0.513,21.560,92.142400
3,3.004,1.526,23.750,92.143200
5,5.008,2.539,25.940,92.144000
7,7.012,0.052,28.130,92.144800
1,1.016,0.565,22.320,92.145600
3,3.020,1.578,24.510,92.146400
5,5.024,2.591,26.700,92.147200
7,7.028,0.104,28.890,92.148000
1,1.000,0.617,22.680,92.172800
3,3.004,1.630,23.050,92.173600
5,5.008,2.500,25.240,92.174400
7,7.012,0.013,27.430,92.175200
1,1.016,0.526,21.620,92.176000
3,3.020,1.539,23.810,92.176800
5,5.024,2.552,26.000,92.177600
7,7.028,0.065,28.190,92.178400
1,1.000,0.578,21.980,92.203200
3,3.004,1.591,24.170,92.204000
5,5.008,2.604,26.360,92.204800
7,7.012,0.117,28.550,92.205600
1,1.016,0.630,22.740,92.206400
3,3.020,1.500,24.930,92.207200
5,5.024,2.513,25.300,92.208000
7,7.028,0.026,27.490,92.208800
1,1.000,0.539,21.280,92.233600
3,3.004,1.552,23.470,92.234400
5,5.008,2.565,25.660,92.235200
7,7.012,0.078,27.850,92.236000
1,1.016,0.591,22.040,92.236800
3,3.020,1.604,24.230,92.237600
5,5.024,2.617,26.420,92.238400
7,7.028,0.130,28.610,92.239200
1,1.000,0.500,22.400,92.264000
3,3.004,1.513,24.590,92.264800
5,5.008,2.526,26.780,92.265600
7,7.012,0.039,27.150,92.266400
1,1.016,0.552,21.340,92.267200
3,3.020,1.565,23.530,92.268000
5,5.024,2.578,25.720,92.268800
7,7.028,0.091,27.910,92.269600
1,1.000,0.604,21.700,92.294400
3,3.004,1.617,23.890,92.295200
5,5.008,2.630,26.080,92.296000
7,7.012,0.000,28.270,92.296800
1,1.016,0.513,22.460,92.297600
3,3.020,1.526,24.650,92.298400
5,5.024,2.539,26.840,92.299200
7,7.028,0.052,29.030,92.300000
1,1.000,0.565,21.000,92.324800
3,3.004,1.578,23.190,92.325600
5,5.008,2.591,25.380,92.326400
7,7.012,0.104,27.570,92.327200
1,1.016,0.617,21.760,92.328000
3,3.020,1.630,23.950,92.328800
5,5.024,2.500,26.140,92.329600
7,7.028,0.013,28.330,92.330400
1,1.000,0.526,22.120,92.355200
3,3.004,1.539,24.310,92.356000
5,5.008,2.552,26.500,92.356800
7,7.012,0.065,28.690,92.357600
1,1.016,0.578,22.880,92.358400
3,3.020,1.591,23.250,92.359200
5,5.024,2.604,25.440,92.360000
7,7.028,0.117,27.630,92.360800
1,1.000,0.630,21.420,92.385600
3,3.004,1.500,23.610,92.386400
5,5.008,2.513,25.800,92.387200
7,7.012,0.026,27.990,92.388000
1,1.016,0.539,22.180,92.388800
3,3.020,1.552,24.370,92.389600
5,5.024,2.565,26.560,92.390400
7,7.028,0.078,28.750,92.391200
9,9.021,1.000,29.000,92.416000
11,11.025,2.013,20.190,92.416800
13,13.029,3.026,22.380,92.417600
15,15.033,0.539,24.570,92.418400
9,9.037,1.052,29.760,92.419200
11,11.041,2.065,20.950,92.420000
13,13.045,3.078,23.140,92.420800
15,15.049,0.591,25.330,92.421600
9,9.021,1.104,30.120,92.446400
11,11.025,2.117,21.310,92.447200
13,13.029,3.130,23.500,92.448000
15,15.033,0.500,25.690,92.448800
9,9.037,1.013,30.880,92.449600
11,11.041,2.026,20.250,92.450400
13,13.045,3.039,22.440,92.451200
15,15.049,0.552,24.630,92.452000
9,9.021,1.065,29.420,92.476800
11,11.025,2.078,20.610,92.477600
13,13.029,3.091,22.800,92.478400
15,15.033,0.604,24.990,92.479200
9,9.037,1.117,30.180,92.480000
11,11.041,2.130,21.370,92.480800
13,13.045,3.000,23.560,92.481600
15,15.049,0.513,25.750,92.482400
9,9.021,1.026,30.540,92.507200
11,11.025,2.039,21.730,92.508000
13,13.029,3.052,22.100,92.508800
15,15.033,0.565,24.290,92.509600
9,9.037,1.078,29.480,92.510400
11,11.041,2.091,20.670,92.511200
13,13.045,3.104,22.860,92.512000
15,15.049,0.617,25.050,92.512800
9,9.021,1.130,29.840,92.537600
11,11.025,2.000,21.030,92.538400
13,13.029,3.013,23.220,92.539200
15,15.033,0.526,25.410,92.540000
9,9.037,1.039,30.600,92.540800
11,11.041,2.052,21.790,92.541600
13,13.045,3.065,23.980,92.542400
15,15.049,0.578,24.350,92.543200
9,9.021,1.091,29.140,92.568000
11,11.025,2.104,20.330,92.568800
13,13.029,3.117,22.520,92.569600
15,15.033,0.630,24.710,92.570400
9,9.037,1.000,29.900,92.571200
11,11.041,2.013,21.090,92.572000
13,13.045,3.026,23.280,92.572800
15,15.049,0.539,25.470,92.573600
9,9.021,1.052,30.260,92.598400
11,11.025,2.065,21.450,92.599200
13,13.029,3.078,23.640,92.600000
15,15.033,0.591,25.830,92.600800
9,9.037,1.104,29.200,92.601600
11,11.041,2.117,20.390,92.602400
13,13.045,3.130,22.580,92.603200
15,15.049,0.500,24.770,92.604000
9,9.021,1.013,29.560,92.628800
11,11.025,2.026,20.750,92.629600
13,13.029,3.039,22.940,92.630400
15,15.033,0.552,25.130,92.631200
9,9.037,1.065,30.320,92.632000
11,11.041,2.078,21.510,92.632800
13,13.045,3.091,23.700,92.633600
15,15.049,0.604,25.890,92.634400
9,9.021,1.117,30.680,92.659200
11,11.025,2.130,20.050,92.660000
13,13.029,3.000,22.240,92.660800
15,15.033,0.513,24.430,92.661600
9,9.037,1.026,29.620,92.662400
11,11.041,2.039,20.810,92.663200
13,13.045,3.052,23.000,92.664000
15,15.049,0.565,25.190,92.664800
9,9.021,1.078,29.980,92.689600
11,11.025,2.091,21.170,92.690400
13,13.029,3.104,23.360,92.691200
15,15.033,0.617,25.550,92.692000
9,9.037,1.130,30.740,92.692800
11,11.041,2.000,21.930,92.693600
13,13.045,3.013,22.300,92.694400
15,15.049,0.526,24.490,92.695200
9,9.021,1.039,29.280,92.720000
11,11.025,2.052,20.470,92.720800
13,13.029,3.065,22.660,92.721600
15,15.033,0.578,24.850,92.722400
9,9.037,1.091,30.040,92.723200
11,11.041,2.104,21.230,92.724000
13,13.045,3.117,23.420,92.724800
15,15.049,0.630,25.610,92.725600
9,9.021,1.000,30.400,92.750400
11,11.025,2.013,21.590,92.751200
13,13.029,3.026,23.780,92.752000
15,15.033,0.539,24.150,92.752800
9,9.037,1.052,29.340,92.753600
11,11.041,2.065,20.530,92.754400
13,13.045,3.078,22.720,92.755200
15,15.049,0.591,24.910,92.756000
9,9.021,1.104,29.700,92.780800
11,11.025,2.117,20.890,92.781600
13,13.029,3.130,23.080,92.782400
15,15.033,0.500,25.270,92.783200
9,9.037,1.013,30.460,92.784000
11,11.041,2.026,21.650,92.784800
13,13.045,3.039,23.840,92.785600
15,15.049,0.552,26.030,92.786400
9,9.021,1.065,29.000,92.811200
11,11.025,2.078,20.190,92.812000
13,13.029,3.091,22.380,92.812800
15,15.033,0.604,24.570,92.813600
9,9.037,1.117,29.760,92.814400
11,11.041,2.130,20.950,92.815200
13,13.045,3.000,23.140,92.816000
15,15.049,0.513,25.330,92.816800
9,9.021,1.026,30.120,92.841600
11,11.025,2.039,21.310,92.842400
13,13.029,3.052,23.500,92.843200
15,15.033,0.565,25.690,92.844000
9,9.037,1.078,30.880,92.844800
11,11.041,2.091,20.250,92.845600
13,13.045,3.104,22.440,92.846400
15,15.049,0.617,24.630,92.847200
9,9.021,1.130,29.420,92.872000
11,11.025,2.000,20.610,92.872800
13,13.029,3.013,22.800,92.873600
15,15.033,0.526,24.990,92.874400
9,9.037,1.039,30.180,92.875200
11,11.041,2.052,21.370,92.876000
13,13.045,3.065,23.560,92.876800
15,15.049,0.578,25.750,92.877600
17,17.042,1.500,26.000,92.902400
19,19.046,2.513,28.190,92.903200
21,21.050,0.026,30.380,92.904000
23,23.054,1.039,21.570,92.904800
17,17.058,1.552,26.760,92.905600
19,19.062,2.565,28.950,92.906400
21,21.066,0.078,31.140,92.907200
23,23.070,1.091,22.330,92.908000
17,17.042,1.604,27.120,92.932800
19,19.046,2.617,29.310,92.933600
21,21.050,0.130,31.500,92.934400
23,23.054,1.000,22.690,92.935200
17,17.058,1.513,27.880,92.936000
19,19.062,2.526,28.250,92.936800
21,21.066,0.039,30.440,92.937600
23,23.070,1.052,21.630,92.938400
17,17.042,1.565,26.420,92.963200
19,19.046,2.578,28.610,92.964000
21,21.050,0.091,30.800,92.964800
23,23.054,1.104,21.990,92.965600
17,17.058,1.617,27.180,92.966400
19,19.062,2.630,29.370,92.967200
21,21.066,0.000,31.560,92.968000
23,23.070,1.013,22.750,92.968800
17,17.042,1.526,27.540,92.993600
19,19.046,2.539,29.730,92.994400
21,21.050,0.052,30.100,92.995200
23,23.054,1.065,21.290,92.996000
17,17.058,1.578,26.480,92.996800
19,19.062,2.591,28.670,92.997600
21,21.066,0.104,30.860,92.998400
23,23.070,1.117,22.050,92.999200
17,17.042,1.630,26.840,93.024000
19,19.046,2.500,29.030,93.024800
21,21.050,0.013,31.220,93.025600
23,23.054,1.026,22.410,93.026400
17,17.058,1.539,27.600,93.027200
19,19.062,2.552,29.790,93.028000
21,21.066,0.065,31.980,93.028800
23,23.070,1.078,21.350,93.029600
17,17.042,1.591,26.140,93.054400
19,19.046,2.604,28.330,93.055200
21,21.050,0.117,30.520,93.056000
23,23.054,1.130,21.710,93.056800
17,17.058,1.500,26.900,93.057600
19,19.062,2.513,29.090,93.058400
21,21.066,0.026,31.280,93.059200
23,23.070,1.039,22.470,93.060000
17,17.042,1.552,27.260,93.084800
19,19.046,2.565,29.450,93.085600
21,21.050,0.078,31.640,93.086400
23,23.054,1.091,22.830,93.087200
17,17.058,1.604,26.200,93.088000
19,19.062,2.617,28.390,93.088800
21,21.066,0.130,30.580,93.089600
23,23.070,1.000,21.770,93.090400
17,17.042,1.513,26.560,93.115200
19,19.046,2.526,28.750,93.116000
21,21.050,0.039,30.940,93.116800
23,23.054,1.052,22.130,93.117600
17,17.058,1.565,27.320,93.118400
19,19.062,2.578,29.510,93.119200
21,21.066,0.091,31.700,93.120000
23,23.070,1.104,22.890,93.120800
17,17.042,1.617,27.680,93.145600
19,19.046,2.630,28.050,93.146400
21,21.050,0.000,30.240,93.147200
23,23.054,1.013,21.430,93.148000
17,17.058,1.526,26.620,93.148800
19,19.062,2.539,28.810,93.149600
21,21.066,0.052,31.000,93.150400
23,23.070,1.065,22.190,93.151200
17,17.042,1.578,26.980,93.176000
19,19.046,2.591,29.170,93.176800
21,21.050,0.104,31.360,93.177600
23,23.054,1.117,22.550,93.178400
17,17.058,1.630,27.740,93.179200
19,19.062,2.500,29.930,93.180000
21,21.066,0.013,30.300,93.180800
23,23.070,1.026,21.490,93.181600
17,17.042,1.539,26.280,93.206400
19,19.046,2.552,28.470,93.207200
21,21.050,0.065,30.660,93.208000
23,23.054,1.078,21.850,93.208800
17,17.058,1.591,27.040,93.209600
19,19.062,2.604,29.230,93.210400
21,21.066,0.117,31.420,93.211200
23,23.070,1.130,22.610,93.212000
17,17.042,1.500,27.400,93.236800
19,19.046,2.513,29.590,93.237600
21,21.050,0.026,31.780,93.238400
23,23.054,1.039,21.150,93.239200
17,17.058,1.552,26.340,93.240000
19,19.062,2.565,28.530,93.240800
21,21.066,0.078,30.720,93.241600
23,23.070,1.091,21.910,93.242400
17,17.042,1.604,26.700,93.267200
19,19.046,2.617,28.890,93.268000
21,21.050,0.130,31.080,93.268800
23,23.054,1.000,22.270,93.269600
17,17.058,1.513,27.460,93.270400
19,19.062,2.526,29.650,93.271200
21,21.066,0.039,31.840,93.272000
23,23.070,1.052,23.030,93.272800
17,17.042,1.565,26.000,93.297600
19,19.046,2.578,28.190,93.298400
21,21.050,0.091,30.380,93.299200
23,23.054,1.104,21.570,93.300000
17,17.058,1.617,26.760,93.300800
19,19.062,2.630,28.950,93.301600
21,21.066,0.000,31.140,93.302400
23,23.070,1.013,22.330,93.303200
17,17.042,1.526,27.120,93.328000
19,19.046,2.539,29.310,93.328800
21,21.050,0.052,31.500,93.329600
23,23.054,1.065,22.690,93.330400
17,17.058,1.578,27.880,93.331200
19,19.062,2.591,28.250,93.332000
21,21.066,0.104,30.440,93.332800
23,23.070,1.117,21.630,93.333600
17,17.042,1.630,26.420,93.358400
19,19.046,2.500,28.610,93.359200
21,21.050,0.013,30.800,93.360000
23,23.054,1.026,21.990,93.360800
17,17.058,1.539,27.180,93.361600
19,19.062,2.552,29.370,93.362400
21,21.066,0.065,31.560,93.363200
23,23.070,1.078,22.750,93.364000
1,1.063,0.500,21.000,93.388800
3,3.067,1.513,23.190,93.389600
5,5.071,2.526,25.380,93.390400
7,7.075,0.039,27.570,93.391200
1,1.079,0.552,21.760,93.392000
3,3.083,1.565,23.950,93.392800
5,5.087,2.578,26.140,93.393600
7,7.091,0.091,28.330,93.394400
1,1.063,0.604,22.120,93.419200
3,3.067,1.617,24.310,93.420000
5,5.071,2.630,26.500,93.420800
7,7.075,0.000,28.690,93.421600
1,1.079,0.513,22.880,93.422400
3,3.083,1.526,23.250,93.423200
5,5.087,2.539,25.440,93.424000
7,7.091,0.052,27.630,93.424800
1,1.063,0.565,21.420,93.449600
3,3.067,1.578,23.610,93.450400
5,5.071,2.591,25.800,93.451200
7,7.075,0.104,27.990,93.452000
1,1.079,0.617,22.180,93.452800
3,3.083,1.630,24.370,93.453600
5,5.087,2.500,26.560,93.454400
7,7.091,0.013,28.750,93.455200
1,1.063,0.526,22.540,93.480000
3,3.067,1.539,24.730,93.480800
5,5.071,2.552,25.100,93.481600
7,7.075,0.065,27.290,93.482400
1,1.079,0.578,21.480,93.483200
3,3.083,1.591,23.670,93.484000
5,5.087,2.604,25.860,93.484800
7,7.091,0.117,28.050,93.485600
1,1.063,0.630,21.840,93.510400
3,3.067,1.500,24.030,93.511200
5,5.071,2.513,26.220,93.512000
7,7.075,0.026,28.410,93.512800
1,1.079,0.539,22.600,93.513600
3,3.083,1.552,24.790,93.514400
5,5.087,2.565,26.980,93.515200
7,7.091,0.078,27.350,93.516000
1,1.063,0.591,21.140,93.540800
3,3.067,1.604,23.330,93.541600
5,5.071,2.617,25.520,93.542400
7,7.075,0.130,27.710,93.543200
1,1.079,0.500,21.900,93.544000
3,3.083,1.513,24.090,93.544800
5,5.087,2.526,26.280,93.545600
7,7.091,0.039,28.470,93.546400
1,1.063,0.552,22.260,93.571200
3,3.067,1.565,24.450,93.572000
5,5.071,2.578,26.640,93.572800
7,7.075,0.091,28.830,93.573600
1,1.079,0.604,21.200,93.574400
3,3.083,1.617,23.390,93.575200
5,5.087,2.630,25.580,93.576000
7,7.091,0.000,27.770,93.576800
1,1.063,0.513,21.560,93.601600
3,3.067,1.526,23.750,93.602400
5,5.071,2.539,25.940,93.603200
7,7.075,0.052,28.130,93.604000
1,1.079,0.565,22.320,93.604800
3,3.083,1.578,24.510,93.605600
5,5.087,2.591,26.700,93.606400
7,7.091,0.104,28.890,93.607200
1,1.063,0.617,22.680,93.632000
3,3.067,1.630,23.050,93.632800
5,5.071,2.500,25.240,93.633600
7,7.075,0.013,27.430,93.634400
1,1.079,0.526,21.620,93.635200
3,3.083,1.539,23.810,93.636000
5,5.087,2.552,26.000,93.636800
7,7.091,0.065,28.190,93.637600
1,1.063,0.578,21.980,93.662400
3,3.067,1.591,24.170,93.663200
5,5.071,2.604,26.360,93.664000
7,7.075,0.117,28.550,93.664800
1,1.079,0.630,22.740,93.665600
3,3.083,1.500,24.930,93.666400
5,5.087,2.513,25.300,93.667200
7,7.091,0.026,27.490,93.668000
1,1.063,0.539,21.280,93.692800
3,3.067,1.552,23.470,93.693600
5,5.071,2.565,25.660,93.694400
7,7.075,0.078,27.850,93.695200
1,1.079,0.591,22.040,93.696000
3,3.083,1.604,24.230,93.696800
5,5.087,2.617,26.420,93.697600
7,7.091,0.130,28.610,93.698400
1,1.063,0.500,22.400,93.723200
3,3.067,1.513,24.590,93.724000
5,5.071,2.526,26.780,93.724800
7,7.075,0.039,27.150,93.725600
1,1.079,0.552,21.340,93.726400
3,3.083,1.565,23.530,93.727200
5,5.087,2.578,25.720,93.728000
7,7.091,0.091,27.910,93.728800
1,1.063,0.604,21.700,93.753600
3,3.067,1.617,23.890,93.754400
5,5.071,2.630,26.080,93.755200
7,7.075,0.000,28.270,93.756000
1,1.079,0.513,22.460,93.756800
3,3.083,1.526,24.650,93.757600
5,5.087,2.539,26.840,93.758400
7,7.091,0.052,29.030,93.759200
1,1.063,0.565,21.000,93.784000
3,3.067,1.578,23.190,93.784800
5,5.071,2.591,25.380,93.785600
7,7.075,0.104,27.570,93.786400
1,1.079,0.617,21.760,93.787200
3,3.083,1.630,23.950,93.788000
5,5.087,2.500,26.140,93.788800
7,7.091,0.013,28.330,93.789600
1,1.063,0.526,22.120,93.814400
3,3.067,1.539,24.310,93.815200
5,5.071,2.552,26.500,93.816000
7,7.075,0.065,28.690,93.816800
1,1.079,0.578,22.880,93.817600
3,3.083,1.591,23.250,93.818400
5,5.087,2.604,25.440,93.819200
7,7.091,0.117,27.630,93.820000
1,1.063,0.630,21.420,93.844800
3,3.067,1.500,23.610,93.845600
5,5.071,2.513,25.800,93.846400
7,7.075,0.026,27.990,93.847200
1,1.079,0.539,22.180,93.848000
3,3.083,1.552,24.370,93.848800
5,5.087,2.565,26.560,93.849600
7,7.091,0.078,28.750,93.850400
9,9.084,1.000,29.000,93.875200
11,11.088,2.013,20.190,93.876000
13,13.092,3.026,22.380,93.876800
15,15.096,0.539,24.570,93.877600
9,9.100,1.052,29.760,93.878400
11,11.104,2.065,20.950,93.879200
13,13.108,3.078,23.140,93.880000
15,15.112,0.591,25.330,93.880800
9,9.084,1.104,30.120,93.905600
11,11.088,2.117,21.310,93.906400
13,13.092,3.130,23.500,93.907200
15,15.096,0.500,25.690,93.908000
9,9.100,1.013,30.880,93.908800
11,11.104,2.026,20.250,93.909600
13,13.108,3.039,22.440,93.910400
15,15.112,0.552,24.630,93.911200
9,9.084,1.065,29.420,93.936000
11,11.088,2.078,20.610,93.936800
13,13.092,3.091,22.800,93.937600
15,15.096,0.604,24.990,93.938400
9,9.100,1.117,30.180,93.939200
11,11.104,2.130,21.370,93.940000
13,13.108,3.000,23.560,93.940800
15,15.112,0.513,25.750,93.941600
9,9.084,1.026,30.540,93.966400
11,11.088,2.039,21.730,93.967200
13,13.092,3.052,22.100,93.968000
15,15.096,0.565,24.290,93.968800
9,9.100,1.078,29.480,93.969600
11,11.104,2.091,20.670,93.970400
13,13.108,3.104,22.860,93.971200
15,15.112,0.617,25.050,93.972000
9,9.084,1.130,29.840,93.996800
11,11.088,2.000,21.030,93.997600
13,13.092,3.013,23.220,93.998400
15,15.096,0.526,25.410,93.999200
9,9.100,1.039,30.600,94.000000
11,11.104,2.052,21.790,94.000800
13,13.108,3.065,23.980,94.001600
15,15.112,0.578,24.350,94.002400
9,9.084,1.091,29.140,94.027200
11,11.088,2.104,20.330,94.028000
13,13.092,3.117,22.520,94.028800
15,15.096,0.630,24.710,94.029600
9,9.100,1.000,29.900,94.030400
11,11.104,2.013,21.090,94.031200
13,13.108,3.026,23.280,94.032000
15,15.112,0.539,25.470,94.032800
9,9.084,1.052,30.260,94.057600
11,11.088,2.065,21.450,94.058400
13,13.092,3.078,23.640,94.059200
15,15.096,0.591,25.830,94.060000
9,9.100,1.104,29.200,94.060800
11,11.104,2.117,20.390,94.061600
13,13.108,3.130,22.580,94.062400
15,15.112,0.500,24.770,94.063200
9,9.084,1.013,29.560,94.088000
11,11.088,2.026,20.750,94.088800
13,13.092,3.039,22.940,94.089600
15,15.096,0.552,25.130,94.090400
9,9.100,1.065,30.320,94.091200
11,11.104,2.078,21.510,94.092000
13,13.108,3.091,23.700,94.092800
15,15.112,0.604,25.890,94.093600
9,9.084,1.117,30.680,94.118400
11,11.088,2.130,20.050,94.119200
13,13.092,3.000,22.240,94.120000
15,15.096,0.513,24.430,94.120800
9,9.100,1.026,29.620,94.121600
11,11.104,2.039,20.810,94.122400
13,13.108,3.052,23.000,94.123200
15,15.112,0.565,25.190,94.124000
9,9.084,1.078,29.980,94.148800
11,11.088,2.091,21.170,94.149600
13,13.092,3.104,23.360,94.150400
15,15.096,0.617,25.550,94.151200
9,9.100,1.130,30.740,94.152000
11,11.104,2.000,21.930,94.152800
13,13.108,3.013,22.300,94.153600
15,15.112,0.526,24.490,94.154400
9,9.084,1.039,29.280,94.179200
11,11.088,2.052,20.470,94.180000
13,13.092,3.065,22.660,94.180800
15,15.096,0.578,24.850,94.181600
9,9.100,1.091,30.040,94.182400
11,11.104,2.104,21.230,94.183200
13,13.108,3.117,23.420,94.184000
15,15.112,0.630,25.610,94.184800
9,9.084,1.000,30.400,94.209600
11,11.088,2.013,21.590,94.210400
13,13.092,3.026,23.780,94.211200
15,15.096,0.539,24.150,94.212000
9,9.100,1.052,29.340,94.212800
11,11.104,2.065,20.530,94.213600
13,13.108,3.078,22.720,94.214400
15,15.112,0.591,24.910,94.215200
9,9.084,1.104,29.700,94.240000
11,11.088,2.117,20.890,94.240800
13,13.092,3.130,23.080,94.241600
15,15.096,0.500,25.270,94.242400
9,9.100,1.013,30.460,94.243200
11,11.104,2.026,21.650,94.244000
13,13.108,3.039,23.840,94.244800
15,15.112,0.552,26.030,94.245600
9,9.084,1.065,29.000,94.270400
11,11.088,2.078,20.190,94.271200
13,13.092,3.091,22.380,94.272000
15,15.096,0.604,24.570,94.272800
9,9.100,1.117,29.760,94.273600
11,11.104,2.130,20.950,94.274400
13,13.108,3.000,23.140,94.275200
15,15.112,0.513,25.330,94.276000
9,9.084,1.026,30.120,94.300800
11,11.088,2.039,21.310,94.301600
13,13.092,3.052,23.500,94.302400
15,15.096,0.565,25.690,94.303200
9,9.100,1.078,30.880,94.304000
11,11.104,2.091,20.250,94.304800
13,13.108,3.104,22.440,94.305600
15,15.112,0.617,24.630,94.306400
9,9.084,1.130,29.420,94.331200
11,11.088,2.000,20.610,94.332000
13,13.092,3.013,22.800,94.332800
15,15.096,0.526,24.990,94.333600
9,9.100,1.039,30.180,94.334400
11,11.104,2.052,21.370,94.335200
13,13.108,3.065,23.560,94.336000
15,15.112,0.578,25.750,94.336800
17,17.105,1.500,26.000,94.361600
19,19.109,2.513,28.190,94.362400
21,21.113,0.026,30.380,94.363200
23,23.117,1.039,21.570,94.364000
17,17.121,1.552,26.760,94.364800
19,19.125,2.565,28.950,94.365600
21,21.129,0.078,31.140,94.366400
23,23.133,1.091,22.330,94.367200
17,17.105,1.604,27.120,94.392000
19,19.109,2.617,29.310,94.392800
21,21.113,0.130,31.500,94.393600
23,23.117,1.000,22.690,94.394400
17,17.121,1.513,27.880,94.395200
19,19.125,2.526,28.250,94.396000
21,21.129,0.039,30.440,94.396800
23,23.133,1.052,21.630,94.397600
17,17.105,1.565,26.420,94.422400
19,19.109,2.578,28.610,94.423200
21,21.113,0.091,30.800,94.424000
23,23.117,1.104,21.990,94.424800
17,17.121,1.617,27.180,94.425600
19,19.125,2.630,29.370,94.426400
21,21.129,0.000,31.560,94.427200
23,23.133,1.013,22.750,94.428000
17,17.105,1.526,27.540,94.452800
19,19.109,2.539,29.730,94.453600
21,21.113,0.052,30.100,94.454400
23,23.117,1.065,21.290,94.455200
17,17.121,1.578,26.480,94.456000
19,19.125,2.591,28.670,94.456800
21,21.129,0.104,30.860,94.457600
23,23.133,1.117,22.050,94.458400
17,17.105,1.630,26.840,94.483200
19,19.109,2.500,29.030,94.484000
21,21.113,0.013,31.220,94.484800
23,23.117,1.026,22.410,94.485600
17,17.121,1.539,27.600,94.486400
19,19.125,2.552,29.790,94.487200
21,21.129,0.065,31.980,94.488000
23,23.133,1.078,21.350,94.488800
17,17.105,1.591,26.140,94.513600
19,19.109,2.604,28.330,94.514400
21,21.113,0.117,30.520,94.515200
23,23.117,1.130,21.710,94.516000
17,17.121,1.500,26.900,94.516800
19,19.125,2.513,29.090,94.517600
21,21.129,0.026,31.280,94.518400
23,23.133,1.039,22.470,94.519200
17,17.105,1.552,27.260,94.544000
19,19.109,2.565,29.450,94.544800
21,21.113,0.078,31.640,94.545600
23,23.117,1.091,22.830,94.546400
17,17.121,1.604,26.200,94.547200
19,19.125,2.617,28.390,94.548000
21,21.129,0.130,30.580,94.548800
23,23.133,1.000,21.770,94.549600
17,17.105,1.513,26.560,94.574400
19,19.109,2.526,28.750,94.575200
21,21.113,0.039,30.940,94.576000
23,23.117,1.052,22.130,94.576800
17,17.121,1.565,27.320,94.577600
19,19.125,2.578,29.510,94.578400
21,21.129,0.091,31.700,94.579200
23,23.133,1.104,22.890,94.580000
17,17.105,1.617,27.680,94.604800
19,19.109,2.630,28.050,94.605600
21,21.113,0.000,30.240,94.606400
23,23.117,1.013,21.430,94.607200
17,17.121,1.526,26.620,94.608000
19,19.125,2.539,28.810,94.608800
21,21.129,0.052,31.000,94.609600
23,23.133,1.065,22.190,94.610400
17,17.105,1.578,26.980,94.635200
19,19.109,2.591,29.170,94.636000
21,21.113,0.104,31.360,94.636800
23,23.117,1.117,22.550,94.637600
17,17.121,1.630,27.740,94.638400
19,19.125,2.500,29.930,94.639200
21,21.129,0.013,30.300,94.640000
23,23.133,1.026,21.490,94.640800
17,17.105,1.539,26.280,94.665600
19,19.109,2.552,28.470,94.666400
21,21.113,0.065,30.660,94.667200
23,23.117,1.078,21.850,94.668000
17,17.121,1.591,27.040,94.668800
19,19.125,2.604,29.230,94.669600
21,21.129,0.117,31.420,94.670400
23,23.133,1.130,22.610,94.671200
17,17.105,1.500,27.400,94.696000
19,19.109,2.513,29.590,94.696800
21,21.113,0.026,31.780,94.697600
23,23.117,1.039,21.150,94.698400
17,17.121,1.552,26.340,94.699200
19,19.125,2.565,28.530,94.700000
21,21.129,0.078,30.720,94.700800
23,23.133,1.091,21.910,94.701600
17,17.105,1.604,26.700,94.726400
19,19.109,2.617,28.890,94.727200
21,21.113,0.130,31.080,94.728000
23,23.117,1.000,22.270,94.728800
17,17.121,1.513,27.460,94.729600
19,19.125,2.526,29.650,94.730400
21,21.129,0.039,31.840,94.731200
23,23.133,1.052,23.030,94.732000
17,17.105,1.565,26.000,94.756800
19,19.109,2.578,28.190,94.757600
21,21.113,0.091,30.380,94.758400
23,23.117,1.104,21.570,94.759200
17,17.121,1.617,26.760,94.760000
19,19.125,2.630,28.950,94.760800
21,21.129,0.000,31.140,94.761600
23,23.133,1.013,22.330,94.762400
17,17.105,1.526,27.120,94.787200
19,19.109,2.539,29.310,94.788000
21,21.113,0.052,31.500,94.788800
23,23.117,1.065,22.690,94.789600
17,17.121,1.578,27.880,94.790400
19,19.125,2.591,28.250,94.791200
21,21.129,0.104,30.440,94.792000
23,23.133,1.117,21.630,94.792800
17,17.105,1.630,26.420,94.817600
19,19.109,2.500,28.610,94.818400
21,21.113,0.013,30.800,94.819200
23,23.117,1.026,21.990,94.820000
17,17.121,1.539,27.180,94.820800
19,19.125,2.552,29.370,94.821600
21,21.129,0.065,31.560,94.822400
23,23.133,1.078,22.750,94.823200
1,1.126,0.500,21.000,94.848000
3,3.130,1.513,23.190,94.848800
5,5.134,2.526,25.380,94.849600
7,7.138,0.039,27.570,94.850400
1,1.142,0.552,21.760,94.851200
3,3.146,1.565,23.950,94.852000
5,5.150,2.578,26.140,94.852800
7,7.154,0.091,28.330,94.853600
1,1.126,0.604,22.120,94.878400
3,3.130,1.617,24.310,94.879200
5,5.134,2.630,26.500,94.880000
7,7.138,0.000,28.690,94.880800
1,1.142,0.513,22.880,94.881600
3,3.146,1.526,23.250,94.882400
5,5.150,2.539,25.440,94.883200
7,7.154,0.052,27.630,94.884000
1,1.126,0.565,21.420,94.908800
3,3.130,1.578,23.610,94.909600
5,5.134,2.591,25.800,94.910400
7,7.138,0.104,27.990,94.911200
1,1.142,0.617,22.180,94.912000
3,3.146,1.630,24.370,94.912800
5,5.150,2.500,26.560,94.913600
7,7.154,0.013,28.750,94.914400
1,1.126,0.526,22.540,94.939200
3,3.130,1.539,24.730,94.940000
5,5.134,2.552,25.100,94.940800
7,7.138,0.065,27.290,94.941600
1,1.142,0.578,21.480,94.942400
3,3.146,1.591,23.670,94.943200
5,5.150,2.604,25.860,94.944000
7,7.154,0.117,28.050,94.944800
1,1.126,0.630,21.840,94.969600
3,3.130,1.500,24.030,94.970400
5,5.134,2.513,26.220,94.971200
7,7.138,0.026,28.410,94.972000
1,1.142,0.539,22.600,94.972800
3,3.146,1.552,24.790,94.973600
5,5.150,2.565,26.980,94.974400
7,7.154,0.078,27.350,94.975200
1,1.126,0.591,21.140,95.000000
3,3.130,1.604,23.330,95.000800
5,5.134,2.617,25.520,95.001600
7,7.138,0.130,27.710,95.002400
1,1.142,0.500,21.900,95.003200
3,3.146,1.513,24.090,95.004000
5,5.150,2.526,26.280,95.004800
7,7.154,0.039,28.470,95.005600
1,1.126,0.552,22.260,95.030400
3,3.130,1.565,24.450,95.031200
5,5.134,2.578,26.640,95.032000
7,7.138,0.091,28.830,95.032800
1,1.142,0.604,21.200,95.033600
3,3.146,1.617,23.390,95.034400
5,5.150,2.630,25.580,95.035200
7,7.154,0.000,27.770,95.036000
1,1.126,0.513,21.560,95.060800
3,3.130,1.526,23.750,95.061600
5,5.134,2.539,25.940,95.062400
7,7.138,0.052,28.130,95.063200
1,1.142,0.565,22.320,95.064000
3,3.146,1.578,24.510,95.064800
5,5.150,2.591,26.700,95.065600
7,7.154,0.104,28.890,95.066400
1,1.126,0.617,22.680,95.091200
3,3.130,1.630,23.050,95.092000
5,5.134,2.500,25.240,95.092800
7,7.138,0.013,27.430,95.093600
1,1.142,0.526,21.620,95.094400
3,3.146,1.539,23.810,95.095200
5,5.150,2.552,26.000,95.096000
7,7.154,0.065,28.190,95.096800
1,1.126,0.578,21.980,95.121600
3,3.130,1.591,24.170,95.122400
5,5.134,2.604,26.360,95.123200
7,7.138,0.117,28.550,95.124000
1,1.142,0.630,22.740,95.124800
3,3.146,1.500,24.930,95.125600
5,5.150,2.513,25.300,95.126400
7,7.154,0.026,27.490,95.127200
1,1.126,0.539,21.280,95.152000
3,3.130,1.552,23.470,95.152800
5,5.134,2.565,25.660,95.153600
7,7.138,0.078,27.850,95.154400
1,1.142,0.591,22.040,95.155200
3,3.146,1.604,24.230,95.156000
5,5.150,2.617,26.420,95.156800
7,7.154,0.130,28.610,95.157600
1,1.126,0.500,22.400,95.182400
3,3.130,1.513,24.590,95.183200
5,5.134,2.526,26.780,95.184000
7,7.138,0.039,27.150,95.184800
1,1.142,0.552,21.340,95.185600
3,3.146,1.565,23.530,95.186400
5,5.150,2.578,25.720,95.187200
7,7.154,0.091,27.910,95.188000
1,1.126,0.604,21.700,95.212800
3,3.130,1.617,23.890,95.213600
5,5.134,2.630,26.080,95.214400
7,7.138,0.000,28.270,95.215200
1,1.142,0.513,22.460,95.216000
3,3.146,1.526,24.650,95.216800
5,5.150,2.539,26.840,95.217600
7,7.154,0.052,29.030,95.218400
1,1.126,0.565,21.000,95.243200
3,3.130,1.578,23.190,95.244000
5,5.134,2.591,25.380,95.244800
7,7.138,0.104,27.570,95.245600
1,1.142,0.617,21.760,95.246400
3,3.146,1.630,23.950,95.247200
5,5.150,2.500,26.140,95.248000
7,7.154,0.013,28.330,95.248800
1,1.126,0.526,22.120,95.273600
3,3.130,1.539,24.310,95.274400
5,5.134,2.552,26.500,95.275200
7,7.138,0.065,28.690,95.276000
1,1.142,0.578,22.880,95.276800
3,3.146,1.591,23.250,95.277600
5,5.150,2.604,25.440,95.278400
7,7.154,0.117,27.630,95.279200
1,1.126,0.630,21.420,95.304000
3,3.130,1.500,23.610,95.304800
5,5.134,2.513,25.800,95.305600
7,7.138,0.026,27.990,95.306400
1,1.142,0.539,22.180,95.307200
3,3.146,1.552,24.370,95.308000
5,5.150,2.565,26.560,95.308800
7,7.154,0.078,28.750,95.309600
9,9.147,1.000,29.000,95.334400
11,11.151,2.013,20.190,95.335200
13,13.155,3.026,22.380,95.336000
15,15.159,0.539,24.570,95.336800
9,9.163,1.052,29.760,95.337600
11,11.167,2.065,20.950,95.338400
13,13.171,3.078,23.140,95.339200
15,15.175,0.591,25.330,95.340000
9,9.147,1.104,30.120,95.364800
11,11.151,2.117,21.310,95.365600
13,13.155,3.130,23.500,95.366400
15,15.159,0.500,25.690,95.367200
9,9.163,1.013,30.880,95.368000
11,11.167,2.026,20.250,95.368800
13,13.171,3.039,22.440,95.369600
15,15.175,0.552,24.630,95.370400
9,9.147,1.065,29.420,95.395200
11,11.151,2.078,20.610,95.396000
13,13.155,3.091,22.800,95.396800
15,15.159,0.604,24.990,95.397600
9,9.163,1.117,30.180,95.398400
11,11.167,2.130,21.370,95.399200
13,13.171,3.000,23.560,95.400000
15,15.175,0.513,25.750,95.400800
9,9.147,1.026,30.540,95.425600
11,11.151,2.039,21.730,95.426400
13,13.155,3.052,22.100,95.427200
15,15.159,0.565,24.290,95.428000
9,9.163,1.078,29.480,95.428800
11,11.167,2.091,20.670,95.429600
13,13.171,3.104,22.860,95.430400
15,15.175,0.617,25.050,95.431200
9,9.147,1.130,29.840,95.456000
11,11.151,2.000,21.030,95.456800
13,13.155,3.013,23.220,95.457600
15,15.159,0.526,25.410,95.458400
9,9.163,1.039,30.600,95.459200
11,11.167,2.052,21.790,95.460000
13,13.171,3.065,23.980,95.460800
15,15.175,0.578,24.350,95.461600
9,9.147,1.091,29.140,95.486400
11,11.151,2.104,20.330,95.487200
13,13.155,3.117,22.520,95.488000
15,15.159,0.630,24.710,95.488800
9,9.163,1.000,29.900,95.489600
11,11.167,2.013,21.090,95.490400
13,13.171,3.026,23.280,95.491200
15,15.175,0.539,25.470,95.492000
9,9.147,1.052,30.260,95.516800
11,11.151,2.065,21.450,95.517600
13,13.155,3.078,23.640,95.518400
15,15.159,0.591,25.830,95.519200
9,9.163,1.104,29.200,95.520000
11,11.167,2.117,20.390,95.520800
13,13.171,3.130,22.580,95.521600
15,15.175,0.500,24.770,95.522400
9,9.147,1.013,29.560,95.547200
11,11.151,2.026,20.750,95.548000
13,13.155,3.039,22.940,95.548800
15,15.159,0.552,25.130,95.549600
9,9.163,1.065,30.320,95.550400
11,11.167,2.078,21.510,95.551200
13,13.171,3.091,23.700,95.552000
15,15.175,0.604,25.890,95.552800
9,9.147,1.117,30.680,95.577600
11,11.151,2.130,20.050,95.578400
13,13.155,3.000,22.240,95.579200
15,15.159,0.513,24.430,95.580000
9,9.163,1.026,29.620,95.580800
11,11.167,2.039,20.810,95.581600
13,13.171,3.052,23.000,95.582400
15,15.175,0.565,25.190,95.583200
9,9.147,1.078,29.980,95.608000
11,11.151,2.091,21.170,95.608800
13,13.155,3.104,23.360,95.609600
15,15.159,0.617,25.550,95.610400
9,9.163,1.130,30.740,95.611200
11,11.167,2.000,21.930,95.612000
13,13.171,3.013,22.300,95.612800
15,15.175,0.526,24.490,95.613600
9,9.147,1.039,29.280,95.638400
11,11.151,2.052,20.470,95.639200
13,13.155,3.065,22.660,95.640000
15,15.159,0.578,24.850,95.640800
9,9.163,1.091,30.040,95.641600
11,11.167,2.104,21.230,95.642400
13,13.171,3.117,23.420,95.643200
15,15.175,0.630,25.610,95.644000
9,9.147,1.000,30.400,95.668800
11,11.151,2.013,21.590,95.669600
13,13.155,3.026,23.780,95.670400
15,15.159,0.539,24.150,95.671200
9,9.163,1.052,29.340,95.672000
11,11.167,2.065,20.530,95.672800
13,13.171,3.078,22.720,95.673600
15,15.175,0.591,24.910,95.674400
9,9.147,1.104,29.700,95.699200
11,11.151,2.117,20.890,95.700000
13,13.155,3.130,23.080,95.700800
15,15.159,0.500,25.270,95.701600
9,9.163,1.013,30.460,95.702400
11,11.167,2.026,21.650,95.703200
13,13.171,3.039,23.840,95.704000
15,15.175,0.552,26.030,95.704800
9,9.147,1.065,29.000,95.729600
11,11.151,2.078,20.190,95.730400
13,13.155,3.091,22.380,95.731200
15,15.159,0.604,24.570,95.732000
9,9.163,1.117,29.760,95.732800
11,11.167,2.130,20.950,95.733600
13,13.171,3.000,23.140,95.734400
15,15.175,0.513,25.330,95.735200
9,9.147,1.026,30.120,95.760000
11,11.151,2.039,21.310,95.760800
13,13.155,3.052,23.500,95.761600
15,15.159,0.565,25.690,95.762400
9,9.163,1.078,30.880,95.763200
11,11.167,2.091,20.250,95.764000
13,13.171,3.104,22.440,95.764800
15,15.175,0.617,24.630,95.765600
9,9.147,1.130,29.420,95.790400
11,11.151,2.000,20.610,95.791200
13,13.155,3.013,22.800,95.792000
15,15.159,0.526,24.990,95.792800
9,9.163,1.039,30.180,95.793600
11,11.167,2.052,21.370,95.794400
13,13.171,3.065,23.560,95.795200
15,15.175,0.578,25.750,95.796000
17,17.168,1.500,26.000,95.820800
19,19.172,2.513,28.190,95.821600
21,21.176,0.026,30.380,95.822400
23,23.180,1.039,21.570,95.823200
17,17.184,1.552,26.760,95.824000
19,19.188,2.565,28.950,95.824800
21,21.192,0.078,31.140,95.825600
23,23.196,1.091,22.330,95.826400
17,17.168,1.604,27.120,95.851200
19,19.172,2.617,29.310,95.852000
21,21.176,0.130,31.500,95.852800
23,23.180,1.000,22.690,95.853600
17,17.184,1.513,27.880,95.854400
19,19.188,2.526,28.250,95.855200
21,21.192,0.039,30.440,95.856000
23,23.196,1.052,21.630,95.856800
17,17.168,1.565,26.420,95.881600
19,19.172,2.578,28.610,95.882400
21,21.176,0.091,30.800,95.883200
23,23.180,1.104,21.990,95.884000
17,17.184,1.617,27.180,95.884800
19,19.188,2.630,29.370,95.885600
21,21.192,0.000,31.560,95.886400
23,23.196,1.013,22.750,95.887200
17,17.168,1.526,27.540,95.912000
19,19.172,2.539,29.730,95.912800
21,21.176,0.052,30.100,95.913600
23,23.180,1.065,21.290,95.914400
17,17.184,1.578,26.480,95.915200
19,19.188,2.591,28.670,95.916000
21,21.192,0.104,30.860,95.916800
23,23.196,1.117,22.050,95.917600
17,17.168,1.630,26.840,95.942400
19,19.172,2.500,29.030,95.943200
21,21.176,0.013,31.220,95.944000
23,23.180,1.026,22.410,95.944800
17,17.184,1.539,27.600,95.945600
19,19.188,2.552,29.790,95.946400
21,21.192,0.065,31.980,95.947200
23,23.196,1.078,21.350,95.948000
17,17.168,1.591,26.140,95.972800
19,19.172,2.604,28.330,95.973600
21,21.176,0.117,30.520,95.974400
23,23.180,1.130,21.710,95.975200
17,17.184,1.500,26.900,95.976000
19,19.188,2.513,29.090,95.976800
21,21.192,0.026,31.280,95.977600
23,23.196,1.039,22.470,95.978400
17,17.168,1.552,27.260,96.003200
19,19.172,2.565,29.450,96.004000
21,21.176,0.078,31.640,96.004800
23,23.180,1.091,22.830,96.005600
17,17.184,1.604,26.200,96.006400
19,19.188,2.617,28.390,96.007200
21,21.192,0.130,30.580,96.008000
23,23.196,1.000,21.770,96.008800
17,17.168,1.513,26.560,96.033600
19,19.172,2.526,28.750,96.034400
21,21.176,0.039,30.940,96.035200
23,23.180,1.052,22.130,96.036000
17,17.184,1.565,27.320,96.036800
19,19.188,2.578,29.510,96.037600
21,21.192,0.091,31.700,96.038400
23,23.196,1.104,22.890,96.039200
17,17.168,1.617,27.680,96.064000
19,19.172,2.630,28.050,96.064800
21,21.176,0.000,30.240,96.065600
23,23.180,1.013,21.430,96.066400
17,17.184,1.526,26.620,96.067200
19,19.188,2.539,28.810,96.068000
21,21.192,0.052,31.000,96.068800
23,23.196,1.065,22.190,96.069600
17,17.168,1.578,26.980,96.094400
19,19.172,2.591,29.170,96.095200
21,21.176,0.104,31.360,96.096000
23,23.180,1.117,22.550,96.096800
17,17.184,1.630,27.740,96.097600
19,19.188,2.500,29.930,96.098400
21,21.192,0.013,30.300,96.099200
23,23.196,1.026,21.490,96.100000
17,17.168,1.539,26.280,96.124800
19,19.172,2.552,28.470,96.125600
21,21.176,0.065,30.660,96.126400
23,23.180,1.078,21.850,96.127200
17,17.184,1.591,27.040,96.128000
19,19.188,2.604,29.230,96.128800
21,21.192,0.117,31.420,96.129600
23,23.196,1.130,22.610,96.130400
17,17.168,1.500,27.400,96.155200
19,19.172,2.513,29.590,96.156000
21,21.176,0.026,31.780,96.156800
23,23.180,1.039,21.150,96.157600
17,17.184,1.552,26.340,96.158400
19,19.188,2.565,28.530,96.159200
21,21.192,0.078,30.720,96.160000
23,23.196,1.091,21.910,96.160800
17,17.168,1.604,26.700,96.185600
19,19.172,2.617,28.890,96.186400
21,21.176,0.130,31.080,96.187200
23,23.180,1.000,22.270,96.188000
17,17.184,1.513,27.460,96.188800
19,19.188,2.526,29.650,96.189600
21,21.192,0.039,31.840,96.190400
23,23.196,1.052,23.030,96.191200
17,17.168,1.565,26.000,96.216000
19,19.172,2.578,28.190,96.216800
21,21.176,0.091,30.380,96.217600
23,23.180,1.104,21.570,96.218400
17,17.184,1.617,26.760,96.219200
19,19.188,2.630,28.950,96.220000
21,21.192,0.000,31.140,96.220800
23,23.196,1.013,22.330,96.221600
17,17.168,1.526,27.120,96.246400
19,19.172,2.539,29.310,96.247200
21,21.176,0.052,31.500,96.248000
23,23.180,1.065,22.690,96.248800
17,17.184,1.578,27.880,96.249600
19,19.188,2.591,28.250,96.250400
21,21.192,0.104,30.440,96.251200
23,23.196,1.117,21.630,96.252000
17,17.168,1.630,26.420,96.276800
19,19.172,2.500,28.610,96.277600
21,21.176,0.013,30.800,96.278400
23,23.180,1.026,21.990,96.279200
17,17.184,1.539,27.180,96.280000
19,19.188,2.552,29.370,96.280800
21,21.192,0.065,31.560,96.281600
23,23.196,1.078,22.750,96.282400
1,1.000,0.500,21.000,96.307200
3,3.004,1.513,23.190,96.308000
5,5.008,2.526,25.380,96.308800
7,7.012,0.039,27.570,96.309600
1,1.016,0.552,21.760,96.310400
3,3.020,1.565,23.950,96.311200
5,5.024,2.578,26.140,96.312000
7,7.028,0.091,28.330,96.312800
1,1.000,0.604,22.120,96.337600
3,3.004,1.617,24.310,96.338400
5,5.008,2.630,26.500,96.339200
7,7.012,0.000,28.690,96.340000
1,1.016,0.513,22.880,96.340800
3,3.020,1.526,23.250,96.341600
5,5.024,2.539,25.440,96.342400
7,7.028,0.052,27.630,96.343200
1,1.000,0.565,21.420,96.368000
3,3.004,1.578,23.610,96.368800
5,5.008,2.591,25.800,96.369600
7,7.012,0.104,27.990,96.370400
1,1.016,0.617,22.180,96.371200
3,3.020,1.630,24.370,96.372000
5,5.024,2.500,26.560,96.372800
7,7.028,0.013,28.750,96.373600
1,1.000,0.526,22.540,96.398400
3,3.004,1.539,24.730,96.399200
5,5.008,2.552,25.100,96.400000
7,7.012,0.065,27.290,96.400800
1,1.016,0.578,21.480,96.401600
3,3.020,1.591,23.670,96.402400
5,5.024,2.604,25.860,96.403200
7,7.028,0.117,28.050,96.404000
1,1.000,0.630,21.840,96.428800
3,3.004,1.500,24.030,96.429600
5,5.008,2.513,26.220,96.430400
7,7.012,0.026,28.410,96.431200
1,1.016,0.539,22.600,96.432000
3,3.020,1.552,24.790,96.432800
5,5.024,2.565,26.980,96.433600
7,7.028,0.078,27.350,96.434400
1,1.000,0.591,21.140,96.459200
3,3.004,1.604,23.330,96.460000
5,5.008,2.617,25.520,96.460800
7,7.012,0.130,27.710,96.461600
1,1.016,0.500,21.900,96.462400
3,3.020,1.513,24.090,96.463200
5,5.024,2.526,26.280,96.464000
7,7.028,0.039,28.470,96.464800
1,1.000,0.552,22.260,96.489600
3,3.004,1.565,24.450,96.490400
5,5.008,2.578,26.640,96.491200
7,7.012,0.091,28.830,96.492000
1,1.016,0.604,21.200,96.492800
3,3.020,1.617,23.390,96.493600
5,5.024,2.630,25.580,96.494400
7,7.028,0.000,27.770,96.495200
1,1.000,0.513,21.560,96.520000
3,3.004,1.526,23.750,96.520800
5,5.008,2.539,25.940,96.521600
7,7.012,0.052,28.130,96.522400
1,1.016,0.565,22.320,96.523200
3,3.020,1.578,24.510,96.524000
5,5.024,2.591,26.700,96.524800
7,7.028,0.104,28.890,96.525600
1,1.000,0.617,22.680,96.550400
3,3.004,1.630,23.050,96.551200
5,5.008,2.500,25.240,96.552000
7,7.012,0.013,27.430,96.552800
1,1.016,0.526,21.620,96.553600
3,3.020,1.539,23.810,96.554400
5,5.024,2.552,26.000,96.555200
7,7.028,0.065,28.190,96.556000
1,1.000,0.578,21.980,96.580800
3,3.004,1.591,24.170,96.581600
5,5.008,2.604,26.360,96.582400
7,7.012,0.117,28.550,96.583200
1,1.016,0.630,22.740,96.584000
3,3.020,1.500,24.930,96.584800
5,5.024,2.513,25.300,96.585600
7,7.028,0.026,27.490,96.586400
1,1.000,0.539,21.280,96.611200
3,3.004,1.552,23.470,96.612000
5,5.008,2.565,25.660,96.612800
7,7.012,0.078,27.850,96.613600
1,1.016,0.591,22.040,96.614400
3,3.020,1.604,24.230,96.615200
5,5.024,2.617,26.420,96.616000
7,7.028,0.130,28.610,96.616800
1,1.000,0.500,22.400,96.641600
3,3.004,1.513,24.590,96.642400
5,5.008,2.526,26.780,96.643200
7,7.012,0.039,27.150,96.644000
1,1.016,0.552,21.340,96.644800
3,3.020,1.565,23.530,96.645600
5,5.024,2.578,25.720,96.646400
7,7.028,0.091,27.910,96.647200
1,1.000,0.604,21.700,96.672000
3,3.004,1.617,23.890,96.672800
5,5.008,2.630,26.080,96.673600
7,7.012,0.000,28.270,96.674400
1,1.016,0.513,22.460,96.675200
3,3.020,1.526,24.650,96.676000
5,5.024,2.539,26.840,96.676800
7,7.028,0.052,29.030,96.677600
1,1.000,0.565,21.000,96.702400
3,3.004,1.578,23.190,96.703200
5,5.008,2.591,25.380,96.704000
7,7.012,0.104,27.570,96.704800
1,1.016,0.617,21.760,96.705600
3,3.020,1.630,23.950,96.706400
5,5.024,2.500,26.140,96.707200
7,7.028,0.013,28.330,96.708000
1,1.000,0.526,22.120,96.732800
3,3.004,1.539,24.310,96.733600
5,5.008,2.552,26.500,96.734400
7,7.012,0.065,28.690,96.735200
1,1.016,0.578,22.880,96.736000
3,3.020,1.591,23.250,96.736800
5,5.024,2.604,25.440,96.737600
7,7.028,0.117,27.630,96.738400
1,1.000,0.630,21.420,96.763200
3,3.004,1.500,23.610,96.764000
5,5.008,2.513,25.800,96.764800
7,7.012,0.026,27.990,96.765600
1,1.016,0.539,22.180,96.766400
3,3.020,1.552,24.370,96.767200
5,5.024,2.565,26.560,96.768000
7,7.028,0.078,28.750,96.768800
9,9.021,1.000,29.000,96.793600
11,11.025,2.013,20.190,96.794400
13,13.029,3.026,22.380,96.795200
15,15.033,0.539,24.570,96.796000
9,9.037,1.052,29.760,96.796800
11,11.041,2.065,20.950,96.797600
13,13.045,3.078,23.140,96.798400
15,15.049,0.591,25.330,96.799200
9,9.021,1.104,30.120,96.824000
11,11.025,2.117,21.310,96.824800
13,13.029,3.130,23.500,96.825600
15,15.033,0.500,25.690,96.826400
9,9.037,1.013,30.880,96.827200
11,11.041,2.026,20.250,96.828000
13,13.045,3.039,22.440,96.828800
15,15.049,0.552,24.630,96.829600
9,9.021,1.065,29.420,96.854400
11,11.025,2.078,20.610,96.855200
13,13.029,3.091,22.800,96.856000
15,15.033,0.604,24.990,96.856800
9,9.037,1.117,30.180,96.857600
11,11.041,2.130,21.370,96.858400
13,13.045,3.000,23.560,96.859200
15,15.049,0.513,25.750,96.860000
9,9.021,1.026,30.540,96.884800
11,11.025,2.039,21.730,96.885600
13,13.029,3.052,22.100,96.886400
15,15.033,0.565,24.290,96.887200
9,9.037,1.078,29.480,96.888000
11,11.041,2.091,20.670,96.888800
13,13.045,3.104,22.860,96.889600
15,15.049,0.617,25.050,96.890400
9,9.021,1.130,29.840,96.915200
11,11.025,2.000,21.030,96.916000
13,13.029,3.013,23.220,96.916800
15,15.033,0.526,25.410,96.917600
9,9.037,1.039,30.600,96.918400
11,11.041,2.052,21.790,96.919200
13,13.045,3.065,23.980,96.920000
15,15.049,0.578,24.350,96.920800
9,9.021,1.091,29.140,96.945600
11,11.025,2.104,20.330,96.946400
13,13.029,3.117,22.520,96.947200
15,15.033,0.630,24.710,96.948000
9,9.037,1.000,29.900,96.948800
11,11.041,2.013,21.090,96.949600
13,13.045,3.026,23.280,96.950400
15,15.049,0.539,25.470,96.951200
9,9.021,1.052,30.260,96.976000
11,11.025,2.065,21.450,96.976800
13,13.029,3.078,23.640,96.977600
15,15.033,0.591,25.830,96.978400
9,9.037,1.104,29.200,96.979200
11,11.041,2.117,20.390,96.980000
13,13.045,3.130,22.580,96.980800
15,15.049,0.500,24.770,96.981600
9,9.021,1.013,29.560,97.006400
11,11.025,2.026,20.750,97.007200
13,13.029,3.039,22.940,97.008000
15,15.033,0.552,25.130,97.008800
9,9.037,1.065,30.320,97.009600
11,11.041,2.078,21.510,97.010400
13,13.045,3.091,23.700,97.011200
15,15.049,0.604,25.890,97.012000
9,9.021,1.117,30.680,97.036800
11,11.025,2.130,20.050,97.037600
13,13.029,3.000,22.240,97.038400
15,15.033,0.513,24.430,97.039200
9,9.037,1.026,29.620,97.040000
11,11.041,2.039,20.810,97.040800
13,13.045,3.052,23.000,97.041600
15,15.049,0.565,25.190,97.042400
9,9.021,1.078,29.980,97.067200
11,11.025,2.091,21.170,97.068000
13,13.029,3.104,23.360,97.068800
15,15.033,0.617,25.550,97.069600
9,9.037,1.130,30.740,97.070400
11,11.041,2.000,21.930,97.071200
13,13.045,3.013,22.300,97.072000
15,15.049,0.526,24.490,97.072800
9,9.021,1.039,29.280,97.097600
11,11.025,2.052,20.470,97.098400
13,13.029,3.065,22.660,97.099200
15,15.033,0.578,24.850,97.100000
9,9.037,1.091,30.040,97.100800
11,11.041,2.104,21.230,97.101600
13,13.045,3.117,23.420,97.102400
15,15.049,0.630,25.610,97.103200
9,9.021,1.000,30.400,97.128000
11,11.025,2.013,21.590,97.128800
13,13.029,3.026,23.780,97.129600
15,15.033,0.539,24.150,97.130400
9,9.037,1.052,29.340,97.131200
11,11.041,2.065,20.530,97.132000
13,13.045,3.078,22.720,97.132800
15,15.049,0.591,24.910,97.133600
9,9.021,1.104,29.700,97.158400
11,11.025,2.117,20.890,97.159200
13,13.029,3.130,23.080,97.160000
15,15.033,0.500,25.270,97.160800
9,9.037,1.013,30.460,97.161600
11,11.041,2.026,21.650,97.162400
13,13.045,3.039,23.840,97.163200
15,15.049,0.552,26.030,97.164000
9,9.021,1.065,29.000,97.188800
11,11.025,2.078,20.190,97.189600
13,13.029,3.091,22.380,97.190400
15,15.033,0.604,24.570,97.191200
9,9.037,1.117,29.760,97.192000
11,11.041,2.130,20.950,97.192800
13,13.045,3.000,23.140,97.193600
15,15.049,0.513,25.330,97.194400
9,9.021,1.026,30.120,97.219200
11,11.025,2.039,21.310,97.220000
13,13.029,3.052,23.500,97.220800
15,15.033,0.565,25.690,97.221600
9,9.037,1.078,30.880,97.222400
11,11.041,2.091,20.250,97.223200
13,13.045,3.104,22.440,97.224000
15,15.049,0.617,24.630,97.224800
9,9.021,1.130,29.420,97.249600
11,11.025,2.000,20.610,97.250400
13,13.029,3.013,22.800,97.251200
15,15.033,0.526,24.990,97.252000
9,9.037,1.039,30.180,97.252800
11,11.041,2.052,21.370,97.253600
13,13.045,3.065,23.560,97.254400
15,15.049,0.578,25.750,97.255200
