Benchmark::Car::uid,Benchmark::Car::lat,Benchmark::Car::lon,Benchmark::Car::speed,time
1,1.000,0.500,21.000,0.000000
3,3.004,1.513,23.190,0.000800
5,5.008,2.526,25.380,0.001600
7,7.012,0.039,27.570,0.002400
1,1.016,0.552,21.760,0.003200
3,3.020,1.565,23.950,0.004000
5,5.024,2.578,26.140,0.004800
7,7.028,0.091,28.330,0.005600
1,1.000,0.604,22.120,0.030400
3,3.004,1.617,24.310,0.031200
5,5.008,2.630,26.500,0.032000
7,7.012,0.000,28.690,0.032800
1,1.016,0.513,22.880,0.033600
3,3.020,1.526,23.250,0.034400
5,5.024,2.539,25.440,0.035200
7,7.028,0.052,27.630,0.036000
1,1.000,0.565,21.420,0.060800
3,3.004,1.578,23.610,0.061600
5,5.008,2.591,25.800,0.062400
7,7.012,0.104,27.990,0.063200
1,1.016,0.617,22.180,0.064000
3,3.020,1.630,24.370,0.064800
5,5.024,2.500,26.560,0.065600
7,7.028,0.013,28.750,0.066400
1,1.000,0.526,22.540,0.091200
3,3.004,1.539,24.730,0.092000
5,5.008,2.552,25.100,0.092800
7,7.012,0.065,27.290,0.093600
1,1.016,0.578,21.480,0.094400
3,3.020,1.591,23.670,0.095200
5,5.024,2.604,25.860,0.096000
7,7.028,0.117,28.050,0.096800
1,1.000,0.630,21.840,0.121600
3,3.004,1.500,24.030,0.122400
5,5.008,2.513,26.220,0.123200
7,7.012,0.026,28.410,0.124000
1,1.016,0.539,22.600,0.124800
3,3.020,1.552,24.790,0.125600
5,5.024,2.565,26.980,0.126400
7,7.028,0.078,27.350,0.127200
1,1.000,0.591,21.140,0.152000
3,3.004,1.604,23.330,0.152800
5,5.008,2.617,25.520,0.153600
7,7.012,0.130,27.710,0.154400
1,1.016,0.500,21.900,0.155200
3,3.020,1.513,24.090,0.156000
5,5.024,2.526,26.280,0.156800
7,7.028,0.039,28.470,0.157600
1,1.000,0.552,22.260,0.182400
3,3.004,1.565,24.450,0.183200
5,5.008,2.578,26.640,0.184000
7,7.012,0.091,28.830,0.184800
1,1.016,0.604,21.200,0.185600
3,3.020,1.617,23.390,0.186400
5,5.024,2.630,25.580,0.187200
7,7.028,0.000,27.770,0.188000
1,1.000,0.513,21.560,0.212800
3,3.004,1.526,23.750,0.213600
5,5.008,2.539,25.940,0.214400
7,7.012,0.052,28.130,0.215200
1,1.016,0.565,22.320,0.216000
3,3.020,1.578,24.510,0.216800
5,5.024,2.591,26.700,0.217600
7,7.028,0.104,28.890,0.218400
1,1.000,0.617,22.680,0.243200
3,3.004,1.630,23.050,0.244000
5,5.008,2.500,25.240,0.244800
7,7.012,0.013,27.430,0.245600
1,1.016,0.526,21.620,0.246400
3,3.020,1.539,23.810,0.247200
5,5.024,2.552,26.000,0.248000
7,7.028,0.065,28.190,0.248800
1,1.000,0.578,21.980,0.273600
3,3.004,1.591,24.170,0.274400
5,5.008,2.604,26.360,0.275200
7,7.012,0.117,28.550,0.276000
1,1.016,0.630,22.740,0.276800
3,3.020,1.500,24.930,0.277600
5,5.024,2.513,25.300,0.278400
7,7.028,0.026,27.490,0.279200
1,1.000,0.539,21.280,0.304000
3,3.004,1.552,23.470,0.304800
5,5.008,2.565,25.660,0.305600
7,7.012,0.078,27.850,0.306400
1,1.016,0.591,22.040,0.307200
3,3.020,1.604,24.230,0.308000
5,5.024,2.617,26.420,0.308800
7,7.028,0.130,28.610,0.309600
1,1.000,0.500,22.400,0.334400
3,3.004,1.513,24.590,0.335200
5,5.008,2.526,26.780,0.336000
7,7.012,0.039,27.150,0.336800
1,1.016,0.552,21.340,0.337600
3,3.020,1.565,23.530,0.338400
5,5.024,2.578,25.720,0.339200
7,7.028,0.091,27.910,0.340000
1,1.000,0.604,21.700,0.364800
3,3.004,1.617,23.890,0.365600
5,5.008,2.630,26.080,0.366400
7,7.012,0.000,28.270,0.367200
1,1.016,0.513,22.460,0.368000
3,3.020,1.526,24.650,0.368800
5,5.024,2.539,26.840,0.369600
7,7.028,0.052,29.030,0.370400
1,1.000,0.565,21.000,0.395200
3,3.004,1.578,23.190,0.396000
5,5.008,2.591,25.380,0.396800
7,7.012,0.104,27.570,0.397600
1,1.016,0.617,21.760,0.398400
3,3.020,1.630,23.950,0.399200
5,5.024,2.500,26.140,0.400000
7,7.028,0.013,28.330,0.400800
1,1.000,0.526,22.120,0.425600
3,3.004,1.539,24.310,0.426400
5,5.008,2.552,26.500,0.427200
7,7.012,0.065,28.690,0.428000
1,1.016,0.578,22.880,0.428800
3,3.020,1.591,23.250,0.429600
5,5.024,2.604,25.440,0.430400
7,7.028,0.117,27.630,0.431200
1,1.000,0.630,21.420,0.456000
3,3.004,1.500,23.610,0.456800
5,5.008,2.513,25.800,0.457600
7,7.012,0.026,27.990,0.458400
1,1.016,0.539,22.180,0.459200
3,3.020,1.552,24.370,0.460000
5,5.024,2.565,26.560,0.460800
7,7.028,0.078,28.750,0.461600
9,9.021,1.000,29.000,0.486400
11,11.025,2.013,20.190,0.487200
13,13.029,3.026,22.380,0.488000
15,15.033,0.539,24.570,0.488800
9,9.037,1.052,29.760,0.489600
11,11.041,2.065,20.950,0.490400
13,13.045,3.078,23.140,0.491200
15,15.049,0.591,25.330,0.492000
9,9.021,1.104,30.120,0.516800
11,11.025,2.117,21.310,0.517600
13,13.029,3.130,23.500,0.518400
15,15.033,0.500,25.690,0.519200
9,9.037,1.013,30.880,0.520000
11,11.041,2.026,20.250,0.520800
13,13.045,3.039,22.440,0.521600
15,15.049,0.552,24.630,0.522400
9,9.021,1.065,29.420,0.547200
11,11.025,2.078,20.610,0.548000
13,13.029,3.091,22.800,0.548800
15,15.033,0.604,24.990,0.549600
9,9.037,1.117,30.180,0.550400
11,11.041,2.130,21.370,0.551200
13,13.045,3.000,23.560,0.552000
15,15.049,0.513,25.750,0.552800
9,9.021,1.026,30.540,0.577600
11,11.025,2.039,21.730,0.578400
13,13.029,3.052,22.100,0.579200
15,15.033,0.565,24.290,0.580000
9,9.037,1.078,29.480,0.580800
11,11.041,2.091,20.670,0.581600
13,13.045,3.104,22.860,0.582400
15,15.049,0.617,25.050,0.583200
9,9.021,1.130,29.840,0.608000
11,11.025,2.000,21.030,0.608800
13,13.029,3.013,23.220,0.609600
15,15.033,0.526,25.410,0.610400
9,9.037,1.039,30.600,0.611200
11,11.041,2.052,21.790,0.612000
13,13.045,3.065,23.980,0.612800
15,15.049,0.578,24.350,0.613600
9,9.021,1.091,29.140,0.638400
11,11.025,2.104,20.330,0.639200
13,13.029,3.117,22.520,0.640000
15,15.033,0.630,24.710,0.640800
9,9.037,1.000,29.900,0.641600
11,11.041,2.013,21.090,0.642400
13,13.045,3.026,23.280,0.643200
15,15.049,0.539,25.470,0.644000
9,9.021,1.052,30.260,0.668800
11,11.025,2.065,21.450,0.669600
13,13.029,3.078,23.640,0.670400
15,15.033,0.591,25.830,0.671200
9,9.037,1.104,29.200,0.672000
11,11.041,2.117,20.390,0.672800
13,13.045,3.130,22.580,0.673600
15,15.049,0.500,24.770,0.674400
9,9.021,1.013,29.560,0.699200
11,11.025,2.026,20.750,0.700000
13,13.029,3.039,22.940,0.700800
15,15.033,0.552,25.130,0.701600
9,9.037,1.065,30.320,0.702400
11,11.041,2.078,21.510,0.703200
13,13.045,3.091,23.700,0.704000
15,15.049,0.604,25.890,0.704800
9,9.021,1.117,30.680,0.729600
11,11.025,2.130,20.050,0.730400
13,13.029,3.000,22.240,0.731200
15,15.033,0.513,24.430,0.732000
9,9.037,1.026,29.620,0.732800
11,11.041,2.039,20.810,0.733600
13,13.045,3.052,23.000,0.734400
15,15.049,0.565,25.190,0.735200
9,9.021,1.078,29.980,0.760000
11,11.025,2.091,21.170,0.760800
13,13.029,3.104,23.360,0.761600
15,15.033,0.617,25.550,0.762400
9,9.037,1.130,30.740,0.763200
11,11.041,2.000,21.930,0.764000
13,13.045,3.013,22.300,0.764800
15,15.049,0.526,24.490,0.765600
9,9.021,1.039,29.280,0.790400
11,11.025,2.052,20.470,0.791200
13,13.029,3.065,22.660,0.792000
15,15.033,0.578,24.850,0.792800
9,9.037,1.091,30.040,0.793600
11,11.041,2.104,21.230,0.794400
13,13.045,3.117,23.420,0.795200
15,15.049,0.630,25.610,0.796000
9,9.021,1.000,30.400,0.820800
11,11.025,2.013,21.590,0.821600
13,13.029,3.026,23.780,0.822400
15,15.033,0.539,24.150,0.823200
9,9.037,1.052,29.340,0.824000
11,11.041,2.065,20.530,0.824800
13,13.045,3.078,22.720,0.825600
15,15.049,0.591,24.910,0.826400
9,9.021,1.104,29.700,0.851200
11,11.025,2.117,20.890,0.852000
13,13.029,3.130,23.080,0.852800
15,15.033,0.500,25.270,0.853600
9,9.037,1.013,30.460,0.854400
11,11.041,2.026,21.650,0.855200
13,13.045,3.039,23.840,0.856000
15,15.049,0.552,26.030,0.856800
9,9.021,1.065,29.000,0.881600
11,11.025,2.078,20.190,0.882400
13,13.029,3.091,22.380,0.883200
15,15.033,0.604,24.570,0.884000
9,9.037,1.117,29.760,0.884800
11,11.041,2.130,20.950,0.885600
13,13.045,3.000,23.140,0.886400
15,15.049,0.513,25.330,0.887200
9,9.021,1.026,30.120,0.912000
11,11.025,2.039,21.310,0.912800
13,13.029,3.052,23.500,0.913600
15,15.033,0.565,25.690,0.914400
9,9.037,1.078,30.880,0.915200
11,11.041,2.091,20.250,0.916000
13,13.045,3.104,22.440,0.916800
15,15.049,0.617,24.630,0.917600
9,9.021,1.130,29.420,0.942400
11,11.025,2.000,20.610,0.943200
13,13.029,3.013,22.800,0.944000
15,15.033,0.526,24.990,0.944800
9,9.037,1.039,30.180,0.945600
11,11.041,2.052,21.370,0.946400
13,13.045,3.065,23.560,0.947200
15,15.049,0.578,25.750,0.948000
17,17.042,1.500,26.000,0.972800
19,19.046,2.513,28.190,0.973600
21,21.050,0.026,30.380,0.974400
23,23.054,1.039,21.570,0.975200
17,17.058,1.552,26.760,0.976000
19,19.062,2.565,28.950,0.976800
21,21.066,0.078,31.140,0.977600
23,23.070,1.091,22.330,0.978400
17,17.042,1.604,27.120,1.003200
19,19.046,2.617,29.310,1.004000
21,21.050,0.130,31.500,1.004800
23,23.054,1.000,22.690,1.005600
17,17.058,1.513,27.880,1.006400
19,19.062,2.526,28.250,1.007200
21,21.066,0.039,30.440,1.008000
23,23.070,1.052,21.630,1.008800
17,17.042,1.565,26.420,1.033600
19,19.046,2.578,28.610,1.034400
21,21.050,0.091,30.800,1.035200
23,23.054,1.104,21.990,1.036000
17,17.058,1.617,27.180,1.036800
19,19.062,2.630,29.370,1.037600
21,21.066,0.000,31.560,1.038400
23,23.070,1.013,22.750,1.039200
17,17.042,1.526,27.540,1.064000
19,19.046,2.539,29.730,1.064800
21,21.050,0.052,30.100,1.065600
23,23.054,1.065,21.290,1.066400
17,17.058,1.578,26.480,1.067200
19,19.062,2.591,28.670,1.068000
21,21.066,0.104,30.860,1.068800
23,23.070,1.117,22.050,1.069600
17,17.042,1.630,26.840,1.094400
19,19.046,2.500,29.030,1.095200
21,21.050,0.013,31.220,1.096000
23,23.054,1.026,22.410,1.096800
17,17.058,1.539,27.600,1.097600
19,19.062,2.552,29.790,1.098400
21,21.066,0.065,31.980,1.099200
23,23.070,1.078,21.350,1.100000
17,17.042,1.591,26.140,1.124800
19,19.046,2.604,28.330,1.125600
21,21.050,0.117,30.520,1.126400
23,23.054,1.130,21.710,1.127200
17,17.058,1.500,26.900,1.128000
19,19.062,2.513,29.090,1.128800
21,21.066,0.026,31.280,1.129600
23,23.070,1.039,22.470,1.130400
17,17.042,1.552,27.260,1.155200
19,19.046,2.565,29.450,1.156000
21,21.050,0.078,31.640,1.156800
23,23.054,1.091,22.830,1.157600
17,17.058,1.604,26.200,1.158400
19,19.062,2.617,28.390,1.159200
21,21.066,0.130,30.580,1.160000
23,23.070,1.000,21.770,1.160800
17,17.042,1.513,26.560,1.185600
19,19.046,2.526,28.750,1.186400
21,21.050,0.039,30.940,1.187200
23,23.054,1.052,22.130,1.188000
17,17.058,1.565,27.320,1.188800
19,19.062,2.578,29.510,1.189600
21,21.066,0.091,31.700,1.190400
23,23.070,1.104,22.890,1.191200
17,17.042,1.617,27.680,1.216000
19,19.046,2.630,28.050,1.216800
21,21.050,0.000,30.240,1.217600
23,23.054,1.013,21.430,1.218400
17,17.058,1.526,26.620,1.219200
19,19.062,2.539,28.810,1.220000
21,21.066,0.052,31.000,1.220800
23,23.070,1.065,22.190,1.221600
17,17.042,1.578,26.980,1.246400
19,19.046,2.591,29.170,1.247200
21,21.050,0.104,31.360,1.248000
23,23.054,1.117,22.550,1.248800
17,17.058,1.630,27.740,1.249600
19,19.062,2.500,29.930,1.250400
21,21.066,0.013,30.300,1.251200
23,23.070,1.026,21.490,1.252000
17,17.042,1.539,26.280,1.276800
19,19.046,2.552,28.470,1.277600
21,21.050,0.065,30.660,1.278400
23,23.054,1.078,21.850,1.279200
17,17.058,1.591,27.040,1.280000
19,19.062,2.604,29.230,1.280800
21,21.066,0.117,31.420,1.281600
23,23.070,1.130,22.610,1.282400
17,17.042,1.500,27.400,1.307200
19,19.046,2.513,29.590,1.308000
21,21.050,0.026,31.780,1.308800
23,23.054,1.039,21.150,1.309600
17,17.058,1.552,26.340,1.310400
19,19.062,2.565,28.530,1.311200
21,21.066,0.078,30.720,1.312000
23,23.070,1.091,21.910,1.312800
17,17.042,1.604,26.700,1.337600
19,19.046,2.617,28.890,1.338400
21,21.050,0.130,31.080,1.339200
23,23.054,1.000,22.270,1.340000
17,17.058,1.513,27.460,1.340800
19,19.062,2.526,29.650,1.341600
21,21.066,0.039,31.840,1.342400
23,23.070,1.052,23.030,1.343200
17,17.042,1.565,26.000,1.368000
19,19.046,2.578,28.190,1.368800
21,21.050,0.091,30.380,1.369600
23,23.054,1.104,21.570,1.370400
17,17.058,1.617,26.760,1.371200
19,19.062,2.630,28.950,1.372000
21,21.066,0.000,31.140,1.372800
23,23.070,1.013,22.330,1.373600
17,17.042,1.526,27.120,1.398400
19,19.046,2.539,29.310,1.399200
21,21.050,0.052,31.500,1.400000
23,23.054,1.065,22.690,1.400800
17,17.058,1.578,27.880,1.401600
19,19.062,2.591,28.250,1.402400
21,21.066,0.104,30.440,1.403200
23,23.070,1.117,21.630,1.404000
17,17.042,1.630,26.420,1.428800
19,19.046,2.500,28.610,1.429600
21,21.050,0.013,30.800,1.430400
23,23.054,1.026,21.990,1.431200
17,17.058,1.539,27.180,1.432000
19,19.062,2.552,29.370,1.432800
21,21.066,0.065,31.560,1.433600
23,23.070,1.078,22.750,1.434400
1,1.063,0.500,21.000,1.459200
3,3.067,1.513,23.190,1.460000
5,5.071,2.526,25.380,1.460800
7,7.075,0.039,27.570,1.461600
1,1.079,0.552,21.760,1.462400
3,3.083,1.565,23.950,1.463200
5,5.087,2.578,26.140,1.464000
7,7.091,0.091,28.330,1.464800
1,1.063,0.604,22.120,1.489600
3,3.067,1.617,24.310,1.490400
5,5.071,2.630,26.500,1.491200
7,7.075,0.000,28.690,1.492000
1,1.079,0.513,22.880,1.492800
3,3.083,1.526,23.250,1.493600
5,5.087,2.539,25.440,1.494400
7,7.091,0.052,27.630,1.495200
1,1.063,0.565,21.420,1.520000
3,3.067,1.578,23.610,1.520800
5,5.071,2.591,25.800,1.521600
7,7.075,0.104,27.990,1.522400
1,1.079,0.617,22.180,1.523200
3,3.083,1.630,24.370,1.524000
5,5.087,2.500,26.560,1.524800
7,7.091,0.013,28.750,1.525600
1,1.063,0.526,22.540,1.550400
3,3.067,1.539,24.730,1.551200
5,5.071,2.552,25.100,1.552000
7,7.075,0.065,27.290,1.552800
1,1.079,0.578,21.480,1.553600
3,3.083,1.591,23.670,1.554400
5,5.087,2.604,25.860,1.555200
7,7.091,0.117,28.050,1.556000
1,1.063,0.630,21.840,1.580800
3,3.067,1.500,24.030,1.581600
5,5.071,2.513,26.220,1.582400
7,7.075,0.026,28.410,1.583200
1,1.079,0.539,22.600,1.584000
3,3.083,1.552,24.790,1.584800
5,5.087,2.565,26.980,1.585600
7,7.091,0.078,27.350,1.586400
1,1.063,0.591,21.140,1.611200
3,3.067,1.604,23.330,1.612000
5,5.071,2.617,25.520,1.612800
7,7.075,0.130,27.710,1.613600
1,1.079,0.500,21.900,1.614400
3,3.083,1.513,24.090,1.615200
5,5.087,2.526,26.280,1.616000
7,7.091,0.039,28.470,1.616800
1,1.063,0.552,22.260,1.641600
3,3.067,1.565,24.450,1.642400
5,5.071,2.578,26.640,1.643200
7,7.075,0.091,28.830,1.644000
1,1.079,0.604,21.200,1.644800
3,3.083,1.617,23.390,1.645600
5,5.087,2.630,25.580,1.646400
7,7.091,0.000,27.770,1.647200
1,1.063,0.513,21.560,1.672000
3,3.067,1.526,23.750,1.672800
5,5.071,2.539,25.940,1.673600
7,7.075,0.052,28.130,1.674400
1,1.079,0.565,22.320,1.675200
3,3.083,1.578,24.510,1.676000
5,5.087,2.591,26.700,1.676800
7,7.091,0.104,28.890,1.677600
1,1.063,0.617,22.680,1.702400
3,3.067,1.630,23.050,1.703200
5,5.071,2.500,25.240,1.704000
7,7.075,0.013,27.430,1.704800
1,1.079,0.526,21.620,1.705600
3,3.083,1.539,23.810,1.706400
5,5.087,2.552,26.000,1.707200
7,7.091,0.065,28.190,1.708000
1,1.063,0.578,21.980,1.732800
3,3.067,1.591,24.170,1.733600
5,5.071,2.604,26.360,1.734400
7,7.075,0.117,28.550,1.735200
1,1.079,0.630,22.740,1.736000
3,3.083,1.500,24.930,1.736800
5,5.087,2.513,25.300,1.737600
7,7.091,0.026,27.490,1.738400
1,1.063,0.539,21.280,1.763200
3,3.067,1.552,23.470,1.764000
5,5.071,2.565,25.660,1.764800
7,7.075,0.078,27.850,1.765600
1,1.079,0.591,22.040,1.766400
3,3.083,1.604,24.230,1.767200
5,5.087,2.617,26.420,1.768000
7,7.091,0.130,28.610,1.768800
1,1.063,0.500,22.400,1.793600
3,3.067,1.513,24.590,1.794400
5,5.071,2.526,26.780,1.795200
7,7.075,0.039,27.150,1.796000
1,1.079,0.552,21.340,1.796800
3,3.083,1.565,23.530,1.797600
5,5.087,2.578,25.720,1.798400
7,7.091,0.091,27.910,1.799200
1,1.063,0.604,21.700,1.824000
3,3.067,1.617,23.890,1.824800
5,5.071,2.630,26.080,1.825600
7,7.075,0.000,28.270,1.826400
1,1.079,0.513,22.460,1.827200
3,3.083,1.526,24.650,1.828000
5,5.087,2.539,26.840,1.828800
7,7.091,0.052,29.030,1.829600
1,1.063,0.565,21.000,1.854400
3,3.067,1.578,23.190,1.855200
5,5.071,2.591,25.380,1.856000
7,7.075,0.104,27.570,1.856800
1,1.079,0.617,21.760,1.857600
3,3.083,1.630,23.950,1.858400
5,5.087,2.500,26.140,1.859200
7,7.091,0.013,28.330,1.860000
1,1.063,0.526,22.120,1.884800
3,3.067,1.539,24.310,1.885600
5,5.071,2.552,26.500,1.886400
7,7.075,0.065,28.690,1.887200
1,1.079,0.578,22.880,1.888000
3,3.083,1.591,23.250,1.888800
5,5.087,2.604,25.440,1.889600
7,7.091,0.117,27.630,1.890400
1,1.063,0.630,21.420,1.915200
3,3.067,1.500,23.610,1.916000
5,5.071,2.513,25.800,1.916800
7,7.075,0.026,27.990,1.917600
1,1.079,0.539,22.180,1.918400
3,3.083,1.552,24.370,1.919200
5,5.087,2.565,26.560,1.920000
7,7.091,0.078,28.750,1.920800
9,9.084,1.000,29.000,1.945600
11,11.088,2.013,20.190,1.946400
13,13.092,3.026,22.380,1.947200
15,15.096,0.539,24.570,1.948000
9,9.100,1.052,29.760,1.948800
11,11.104,2.065,20.950,1.949600
13,13.108,3.078,23.140,1.950400
15,15.112,0.591,25.330,1.951200
9,9.084,1.104,30.120,1.976000
11,11.088,2.117,21.310,1.976800
13,13.092,3.130,23.500,1.977600
15,15.096,0.500,25.690,1.978400
9,9.100,1.013,30.880,1.979200
11,11.104,2.026,20.250,1.980000
13,13.108,3.039,22.440,1.980800
15,15.112,0.552,24.630,1.981600
9,9.084,1.065,29.420,2.006400
11,11.088,2.078,20.610,2.007200
13,13.092,3.091,22.800,2.008000
15,15.096,0.604,24.990,2.008800
9,9.100,1.117,30.180,2.009600
11,11.104,2.130,21.370,2.010400
13,13.108,3.000,23.560,2.011200
15,15.112,0.513,25.750,2.012000
9,9.084,1.026,30.540,2.036800
11,11.088,2.039,21.730,2.037600
13,13.092,3.052,22.100,2.038400
15,15.096,0.565,24.290,2.039200
9,9.100,1.078,29.480,2.040000
11,11.104,2.091,20.670,2.040800
13,13.108,3.104,22.860,2.041600
15,15.112,0.617,25.050,2.042400
9,9.084,1.130,29.840,2.067200
11,11.088,2.000,21.030,2.068000
13,13.092,3.013,23.220,2.068800
15,15.096,0.526,25.410,2.069600
9,9.100,1.039,30.600,2.070400
11,11.104,2.052,21.790,2.071200
13,13.108,3.065,23.980,2.072000
15,15.112,0.578,24.350,2.072800
9,9.084,1.091,29.140,2.097600
11,11.088,2.104,20.330,2.098400
13,13.092,3.117,22.520,2.099200
15,15.096,0.630,24.710,2.100000
9,9.100,1.000,29.900,2.100800
11,11.104,2.013,21.090,2.101600
13,13.108,3.026,23.280,2.102400
15,15.112,0.539,25.470,2.103200
9,9.084,1.052,30.260,2.128000
11,11.088,2.065,21.450,2.128800
13,13.092,3.078,23.640,2.129600
15,15.096,0.591,25.830,2.130400
9,9.100,1.104,29.200,2.131200
11,11.104,2.117,20.390,2.132000
13,13.108,3.130,22.580,2.132800
15,15.112,0.500,24.770,2.133600
9,9.084,1.013,29.560,2.158400
11,11.088,2.026,20.750,2.159200
13,13.092,3.039,22.940,2.160000
15,15.096,0.552,25.130,2.160800
9,9.100,1.065,30.320,2.161600
11,11.104,2.078,21.510,2.162400
13,13.108,3.091,23.700,2.163200
15,15.112,0.604,25.890,2.164000
9,9.084,1.117,30.680,2.188800
11,11.088,2.130,20.050,2.189600
13,13.092,3.000,22.240,2.190400
15,15.096,0.513,24.430,2.191200
9,9.100,1.026,29.620,2.192000
11,11.104,2.039,20.810,2.192800
13,13.108,3.052,23.000,2.193600
15,15.112,0.565,25.190,2.194400
9,9.084,1.078,29.980,2.219200
11,11.088,2.091,21.170,2.220000
13,13.092,3.104,23.360,2.220800
15,15.096,0.617,25.550,2.221600
9,9.100,1.130,30.740,2.222400
11,11.104,2.000,21.930,2.223200
13,13.108,3.013,22.300,2.224000
15,15.112,0.526,24.490,2.224800
9,9.084,1.039,29.280,2.249600
11,11.088,2.052,20.470,2.250400
13,13.092,3.065,22.660,2.251200
15,15.096,0.578,24.850,2.252000
9,9.100,1.091,30.040,2.252800
11,11.104,2.104,21.230,2.253600
13,13.108,3.117,23.420,2.254400
15,15.112,0.630,25.610,2.255200
9,9.084,1.000,30.400,2.280000
11,11.088,2.013,21.590,2.280800
13,13.092,3.026,23.780,2.281600
15,15.096,0.539,24.150,2.282400
9,9.100,1.052,29.340,2.283200
11,11.104,2.065,20.530,2.284000
13,13.108,3.078,22.720,2.284800
15,15.112,0.591,24.910,2.285600
9,9.084,1.104,29.700,2.310400
11,11.088,2.117,20.890,2.311200
13,13.092,3.130,23.080,2.312000
15,15.096,0.500,25.270,2.312800
9,9.100,1.013,30.460,2.313600
11,11.104,2.026,21.650,2.314400
13,13.108,3.039,23.840,2.315200
15,15.112,0.552,26.030,2.316000
9,9.084,1.065,29.000,2.340800
11,11.088,2.078,20.190,2.341600
13,13.092,3.091,22.380,2.342400
15,15.096,0.604,24.570,2.343200
9,9.100,1.117,29.760,2.344000
11,11.104,2.130,20.950,2.344800
13,13.108,3.000,23.140,2.345600
15,15.112,0.513,25.330,2.346400
9,9.084,1.026,30.120,2.371200
11,11.088,2.039,21.310,2.372000
13,13.092,3.052,23.500,2.372800
15,15.096,0.565,25.690,2.373600
9,9.100,1.078,30.880,2.374400
11,11.104,2.091,20.250,2.375200
13,13.108,3.104,22.440,2.376000
15,15.112,0.617,24.630,2.376800
9,9.084,1.130,29.420,2.401600
11,11.088,2.000,20.610,2.402400
13,13.092,3.013,22.800,2.403200
15,15.096,0.526,24.990,2.404000
9,9.100,1.039,30.180,2.404800
11,11.104,2.052,21.370,2.405600
13,13.108,3.065,23.560,2.406400
15,15.112,0.578,25.750,2.407200
17,17.105,1.500,26.000,2.432000
19,19.109,2.513,28.190,2.432800
21,21.113,0.026,30.380,2.433600
23,23.117,1.039,21.570,2.434400
17,17.121,1.552,26.760,2.435200
19,19.125,2.565,28.950,2.436000
21,21.129,0.078,31.140,2.436800
23,23.133,1.091,22.330,2.437600
17,17.105,1.604,27.120,2.462400
19,19.109,2.617,29.310,2.463200
21,21.113,0.130,31.500,2.464000
23,23.117,1.000,22.690,2.464800
17,17.121,1.513,27.880,2.465600
19,19.125,2.526,28.250,2.466400
21,21.129,0.039,30.440,2.467200
23,23.133,1.052,21.630,2.468000
17,17.105,1.565,26.420,2.492800
19,19.109,2.578,28.610,2.493600
21,21.113,0.091,30.800,2.494400
23,23.117,1.104,21.990,2.495200
17,17.121,1.617,27.180,2.496000
19,19.125,2.630,29.370,2.496800
21,21.129,0.000,31.560,2.497600
23,23.133,1.013,22.750,2.498400
17,17.105,1.526,27.540,2.523200
19,19.109,2.539,29.730,2.524000
21,21.113,0.052,30.100,2.524800
23,23.117,1.065,21.290,2.525600
17,17.121,1.578,26.480,2.526400
19,19.125,2.591,28.670,2.527200
21,21.129,0.104,30.860,2.528000
23,23.133,1.117,22.050,2.528800
17,17.105,1.630,26.840,2.553600
19,19.109,2.500,29.030,2.554400
21,21.113,0.013,31.220,2.555200
23,23.117,1.026,22.410,2.556000
17,17.121,1.539,27.600,2.556800
19,19.125,2.552,29.790,2.557600
21,21.129,0.065,31.980,2.558400
23,23.133,1.078,21.350,2.559200
17,17.105,1.591,26.140,2.584000
19,19.109,2.604,28.330,2.584800
21,21.113,0.117,30.520,2.585600
23,23.117,1.130,21.710,2.586400
17,17.121,1.500,26.900,2.587200
19,19.125,2.513,29.090,2.588000
21,21.129,0.026,31.280,2.588800
23,23.133,1.039,22.470,2.589600
17,17.105,1.552,27.260,2.614400
19,19.109,2.565,29.450,2.615200
21,21.113,0.078,31.640,2.616000
23,23.117,1.091,22.830,2.616800
17,17.121,1.604,26.200,2.617600
19,19.125,2.617,28.390,2.618400
21,21.129,0.130,30.580,2.619200
23,23.133,1.000,21.770,2.620000
17,17.105,1.513,26.560,2.644800
19,19.109,2.526,28.750,2.645600
21,21.113,0.039,30.940,2.646400
23,23.117,1.052,22.130,2.647200
17,17.121,1.565,27.320,2.648000
19,19.125,2.578,29.510,2.648800
21,21.129,0.091,31.700,2.649600
23,23.133,1.104,22.890,2.650400
17,17.105,1.617,27.680,2.675200
19,19.109,2.630,28.050,2.676000
21,21.113,0.000,30.240,2.676800
23,23.117,1.013,21.430,2.677600
17,17.121,1.526,26.620,2.678400
19,19.125,2.539,28.810,2.679200
21,21.129,0.052,31.000,2.680000
23,23.133,1.065,22.190,2.680800
17,17.105,1.578,26.980,2.705600
19,19.109,2.591,29.170,2.706400
21,21.113,0.104,31.360,2.707200
23,23.117,1.117,22.550,2.708000
17,17.121,1.630,27.740,2.708800
19,19.125,2.500,29.930,2.709600
21,21.129,0.013,30.300,2.710400
23,23.133,1.026,21.490,2.711200
17,17.105,1.539,26.280,2.736000
19,19.109,2.552,28.470,2.736800
21,21.113,0.065,30.660,2.737600
23,23.117,1.078,21.850,2.738400
17,17.121,1.591,27.040,2.739200
19,19.125,2.604,29.230,2.740000
21,21.129,0.117,31.420,2.740800
23,23.133,1.130,22.610,2.741600
17,17.105,1.500,27.400,2.766400
19,19.109,2.513,29.590,2.767200
21,21.113,0.026,31.780,2.768000
23,23.117,1.039,21.150,2.768800
17,17.121,1.552,26.340,2.769600
19,19.125,2.565,28.530,2.770400
21,21.129,0.078,30.720,2.771200
23,23.133,1.091,21.910,2.772000
17,17.105,1.604,26.700,2.796800
19,19.109,2.617,28.890,2.797600
21,21.113,0.130,31.080,2.798400
23,23.117,1.000,22.270,2.799200
17,17.121,1.513,27.460,2.800000
19,19.125,2.526,29.650,2.800800
21,21.129,0.039,31.840,2.801600
23,23.133,1.052,23.030,2.802400
17,17.105,1.565,26.000,2.827200
19,19.109,2.578,28.190,2.828000
21,21.113,0.091,30.380,2.828800
23,23.117,1.104,21.570,2.829600
17,17.121,1.617,26.760,2.830400
19,19.125,2.630,28.950,2.831200
21,21.129,0.000,31.140,2.832000
23,23.133,1.013,22.330,2.832800
17,17.105,1.526,27.120,2.857600
19,19.109,2.539,29.310,2.858400
21,21.113,0.052,31.500,2.859200
23,23.117,1.065,22.690,2.860000
17,17.121,1.578,27.880,2.860800
19,19.125,2.591,28.250,2.861600
21,21.129,0.104,30.440,2.862400
23,23.133,1.117,21.630,2.863200
17,17.105,1.630,26.420,2.888000
19,19.109,2.500,28.610,2.888800
21,21.113,0.013,30.800,2.889600
23,23.117,1.026,21.990,2.890400
17,17.121,1.539,27.180,2.891200
19,19.125,2.552,29.370,2.892000
21,21.129,0.065,31.560,2.892800
23,23.133,1.078,22.750,2.893600
1,1.126,0.500,21.000,2.918400
3,3.130,1.513,23.190,2.919200
5,5.134,2.526,25.380,2.920000
7,7.138,0.039,27.570,2.920800
1,1.142,0.552,21.760,2.921600
3,3.146,1.565,23.950,2.922400
5,5.150,2.578,26.140,2.923200
7,7.154,0.091,28.330,2.924000
1,1.126,0.604,22.120,2.948800
3,3.130,1.617,24.310,2.949600
5,5.134,2.630,26.500,2.950400
7,7.138,0.000,28.690,2.951200
1,1.142,0.513,22.880,2.952000
3,3.146,1.526,23.250,2.952800
5,5.150,2.539,25.440,2.953600
7,7.154,0.052,27.630,2.954400
1,1.126,0.565,21.420,2.979200
3,3.130,1.578,23.610,2.980000
5,5.134,2.591,25.800,2.980800
7,7.138,0.104,27.990,2.981600
1,1.142,0.617,22.180,2.982400
3,3.146,1.630,24.370,2.983200
5,5.150,2.500,26.560,2.984000
7,7.154,0.013,28.750,2.984800
1,1.126,0.526,22.540,3.009600
3,3.130,1.539,24.730,3.010400
5,5.134,2.552,25.100,3.011200
7,7.138,0.065,27.290,3.012000
1,1.142,0.578,21.480,3.012800
3,3.146,1.591,23.670,3.013600
5,5.150,2.604,25.860,3.014400
7,7.154,0.117,28.050,3.015200
1,1.126,0.630,21.840,3.040000
3,3.130,1.500,24.030,3.040800
5,5.134,2.513,26.220,3.041600
7,7.138,0.026,28.410,3.042400
1,1.142,0.539,22.600,3.043200
3,3.146,1.552,24.790,3.044000
5,5.150,2.565,26.980,3.044800
7,7.154,0.078,27.350,3.045600
1,1.126,0.591,21.140,3.070400
3,3.130,1.604,23.330,3.071200
5,5.134,2.617,25.520,3.072000
7,7.138,0.130,27.710,3.072800
1,1.142,0.500,21.900,3.073600
3,3.146,1.513,24.090,3.074400
5,5.150,2.526,26.280,3.075200
7,7.154,0.039,28.470,3.076000
1,1.126,0.552,22.260,3.100800
3,3.130,1.565,24.450,3.101600
5,5.134,2.578,26.640,3.102400
7,7.138,0.091,28.830,3.103200
1,1.142,0.604,21.200,3.104000
3,3.146,1.617,23.390,3.104800
5,5.150,2.630,25.580,3.105600
7,7.154,0.000,27.770,3.106400
1,1.126,0.513,21.560,3.131200
3,3.130,1.526,23.750,3.132000
5,5.134,2.539,25.940,3.132800
7,7.138,0.052,28.130,3.133600
1,1.142,0.565,22.320,3.134400
3,3.146,1.578,24.510,3.135200
5,5.150,2.591,26.700,3.136000
7,7.154,0.104,28.890,3.136800
1,1.126,0.617,22.680,3.161600
3,3.130,1.630,23.050,3.162400
5,5.134,2.500,25.240,3.163200
7,7.138,0.013,27.430,3.164000
1,1.142,0.526,21.620,3.164800
3,3.146,1.539,23.810,3.165600
5,5.150,2.552,26.000,3.166400
7,7.154,0.065,28.190,3.167200
1,1.126,0.578,21.980,3.192000
3,3.130,1.591,24.170,3.192800
5,5.134,2.604,26.360,3.193600
7,7.138,0.117,28.550,3.194400
1,1.142,0.630,22.740,3.195200
3,3.146,1.500,24.930,3.196000
5,5.150,2.513,25.300,3.196800
7,7.154,0.026,27.490,3.197600
1,1.126,0.539,21.280,3.222400
3,3.130,1.552,23.470,3.223200
5,5.134,2.565,25.660,3.224000
7,7.138,0.078,27.850,3.224800
1,1.142,0.591,22.040,3.225600
3,3.146,1.604,24.230,3.226400
5,5.150,2.617,26.420,3.227200
7,7.154,0.130,28.610,3.228000
1,1.126,0.500,22.400,3.252800
3,3.130,1.513,24.590,3.253600
5,5.134,2.526,26.780,3.254400
7,7.138,0.039,27.150,3.255200
1,1.142,0.552,21.340,3.256000
3,3.146,1.565,23.530,3.256800
5,5.150,2.578,25.720,3.257600
7,7.154,0.091,27.910,3.258400
1,1.126,0.604,21.700,3.283200
3,3.130,1.617,23.890,3.284000
5,5.134,2.630,26.080,3.284800
7,7.138,0.000,28.270,3.285600
1,1.142,0.513,22.460,3.286400
3,3.146,1.526,24.650,3.287200
5,5.150,2.539,26.840,3.288000
7,7.154,0.052,29.030,3.288800
1,1.126,0.565,21.000,3.313600
3,3.130,1.578,23.190,3.314400
5,5.134,2.591,25.380,3.315200
7,7.138,0.104,27.570,3.316000
1,1.142,0.617,21.760,3.316800
3,3.146,1.630,23.950,3.317600
5,5.150,2.500,26.140,3.318400
7,7.154,0.013,28.330,3.319200
1,1.126,0.526,22.120,3.344000
3,3.130,1.539,24.310,3.344800
5,5.134,2.552,26.500,3.345600
7,7.138,0.065,28.690,3.346400
1,1.142,0.578,22.880,3.347200
3,3.146,1.591,23.250,3.348000
5,5.150,2.604,25.440,3.348800
7,7.154,0.117,27.630,3.349600
1,1.126,0.630,21.420,3.374400
3,3.130,1.500,23.610,3.375200
5,5.134,2.513,25.800,3.376000
7,7.138,0.026,27.990,3.376800
1,1.142,0.539,22.180,3.377600
3,3.146,1.552,24.370,3.378400
5,5.150,2.565,26.560,3.379200
7,7.154,0.078,28.750,3.380000
9,9.147,1.000,29.000,3.404800
11,11.151,2.013,20.190,3.405600
13,13.155,3.026,22.380,3.406400
15,15.159,0.539,24.570,3.407200
9,9.163,1.052,29.760,3.408000
11,11.167,2.065,20.950,3.408800
13,13.171,3.078,23.140,3.409600
15,15.175,0.591,25.330,3.410400
9,9.147,1.104,30.120,3.435200
11,11.151,2.117,21.310,3.436000
13,13.155,3.130,23.500,3.436800
15,15.159,0.500,25.690,3.437600
9,9.163,1.013,30.880,3.438400
11,11.167,2.026,20.250,3.439200
13,13.171,3.039,22.440,3.440000
15,15.175,0.552,24.630,3.440800
9,9.147,1.065,29.420,3.465600
11,11.151,2.078,20.610,3.466400
13,13.155,3.091,22.800,3.467200
15,15.159,0.604,24.990,3.468000
9,9.163,1.117,30.180,3.468800
11,11.167,2.130,21.370,3.469600
13,13.171,3.000,23.560,3.470400
15,15.175,0.513,25.750,3.471200
9,9.147,1.026,30.540,3.496000
11,11.151,2.039,21.730,3.496800
13,13.155,3.052,22.100,3.497600
15,15.159,0.565,24.290,3.498400
9,9.163,1.078,29.480,3.499200
11,11.167,2.091,20.670,3.500000
13,13.171,3.104,22.860,3.500800
15,15.175,0.617,25.050,3.501600
9,9.147,1.130,29.840,3.526400
11,11.151,2.000,21.030,3.527200
13,13.155,3.013,23.220,3.528000
15,15.159,0.526,25.410,3.528800
9,9.163,1.039,30.600,3.529600
11,11.167,2.052,21.790,3.530400
13,13.171,3.065,23.980,3.531200
15,15.175,0.578,24.350,3.532000
9,9.147,1.091,29.140,3.556800
11,11.151,2.104,20.330,3.557600
13,13.155,3.117,22.520,3.558400
15,15.159,0.630,24.710,3.559200
9,9.163,1.000,29.900,3.560000
11,11.167,2.013,21.090,3.560800
13,13.171,3.026,23.280,3.561600
15,15.175,0.539,25.470,3.562400
9,9.147,1.052,30.260,3.587200
11,11.151,2.065,21.450,3.588000
13,13.155,3.078,23.640,3.588800
15,15.159,0.591,25.830,3.589600
9,9.163,1.104,29.200,3.590400
11,11.167,2.117,20.390,3.591200
13,13.171,3.130,22.580,3.592000
15,15.175,0.500,24.770,3.592800
9,9.147,1.013,29.560,3.617600
11,11.151,2.026,20.750,3.618400
13,13.155,3.039,22.940,3.619200
15,15.159,0.552,25.130,3.620000
9,9.163,1.065,30.320,3.620800
11,11.167,2.078,21.510,3.621600
13,13.171,3.091,23.700,3.622400
15,15.175,0.604,25.890,3.623200
9,9.147,1.117,30.680,3.648000
11,11.151,2.130,20.050,3.648800
13,13.155,3.000,22.240,3.649600
15,15.159,0.513,24.430,3.650400
9,9.163,1.026,29.620,3.651200
11,11.167,2.039,20.810,3.652000
13,13.171,3.052,23.000,3.652800
15,15.175,0.565,25.190,3.653600
9,9.147,1.078,29.980,3.678400
11,11.151,2.091,21.170,3.679200
13,13.155,3.104,23.360,3.680000
15,15.159,0.617,25.550,3.680800
9,9.163,1.130,30.740,3.681600
11,11.167,2.000,21.930,3.682400
13,13.171,3.013,22.300,3.683200
15,15.175,0.526,24.490,3.684000
9,9.147,1.039,29.280,3.708800
11,11.151,2.052,20.470,3.709600
13,13.155,3.065,22.660,3.710400
15,15.159,0.578,24.850,3.711200
9,9.163,1.091,30.040,3.712000
11,11.167,2.104,21.230,3.712800
13,13.171,3.117,23.420,3.713600
15,15.175,0.630,25.610,3.714400
9,9.147,1.000,30.400,3.739200
11,11.151,2.013,21.590,3.740000
13,13.155,3.026,23.780,3.740800
15,15.159,0.539,24.150,3.741600
9,9.163,1.052,29.340,3.742400
11,11.167,2.065,20.530,3.743200
13,13.171,3.078,22.720,3.744000
15,15.175,0.591,24.910,3.744800
9,9.147,1.104,29.700,3.769600
11,11.151,2.117,20.890,3.770400
13,13.155,3.130,23.080,3.771200
15,15.159,0.500,25.270,3.772000
9,9.163,1.013,30.460,3.772800
11,11.167,2.026,21.650,3.773600
13,13.171,3.039,23.840,3.774400
15,15.175,0.552,26.030,3.775200
9,9.147,1.065,29.000,3.800000
11,11.151,2.078,20.190,3.800800
13,13.155,3.091,22.380,3.801600
15,15.159,0.604,24.570,3.802400
9,9.163,1.117,29.760,3.803200
11,11.167,2.130,20.950,3.804000
13,13.171,3.000,23.140,3.804800
15,15.175,0.513,25.330,3.805600
9,9.147,1.026,30.120,3.830400
11,11.151,2.039,21.310,3.831200
13,13.155,3.052,23.500,3.832000
15,15.159,0.565,25.690,3.832800
9,9.163,1.078,30.880,3.833600
11,11.167,2.091,20.250,3.834400
13,13.171,3.104,22.440,3.835200
15,15.175,0.617,24.630,3.836000
9,9.147,1.130,29.420,3.860800
11,11.151,2.000,20.610,3.861600
13,13.155,3.013,22.800,3.862400
15,15.159,0.526,24.990,3.863200
9,9.163,1.039,30.180,3.864000
11,11.167,2.052,21.370,3.864800
13,13.171,3.065,23.560,3.865600
15,15.175,0.578,25.750,3.866400
17,17.168,1.500,26.000,3.891200
19,19.172,2.513,28.190,3.892000
21,21.176,0.026,30.380,3.892800
23,23.180,1.039,21.570,3.893600
17,17.184,1.552,26.760,3.894400
19,19.188,2.565,28.950,3.895200
21,21.192,0.078,31.140,3.896000
23,23.196,1.091,22.330,3.896800
17,17.168,1.604,27.120,3.921600
19,19.172,2.617,29.310,3.922400
21,21.176,0.130,31.500,3.923200
23,23.180,1.000,22.690,3.924000
17,17.184,1.513,27.880,3.924800
19,19.188,2.526,28.250,3.925600
21,21.192,0.039,30.440,3.926400
23,23.196,1.052,21.630,3.927200
17,17.168,1.565,26.420,3.952000
19,19.172,2.578,28.610,3.952800
21,21.176,0.091,30.800,3.953600
23,23.180,1.104,21.990,3.954400
17,17.184,1.617,27.180,3.955200
19,19.188,2.630,29.370,3.956000
21,21.192,0.000,31.560,3.956800
23,23.196,1.013,22.750,3.957600
17,17.168,1.526,27.540,3.982400
19,19.172,2.539,29.730,3.983200
21,21.176,0.052,30.100,3.984000
23,23.180,1.065,21.290,3.984800
17,17.184,1.578,26.480,3.985600
19,19.188,2.591,28.670,3.986400
21,21.192,0.104,30.860,3.987200
23,23.196,1.117,22.050,3.988000
17,17.168,1.630,26.840,4.012800
19,19.172,2.500,29.030,4.013600
21,21.176,0.013,31.220,4.014400
23,23.180,1.026,22.410,4.015200
17,17.184,1.539,27.600,4.016000
19,19.188,2.552,29.790,4.016800
21,21.192,0.065,31.980,4.017600
23,23.196,1.078,21.350,4.018400
17,17.168,1.591,26.140,4.043200
19,19.172,2.604,28.330,4.044000
21,21.176,0.117,30.520,4.044800
23,23.180,1.130,21.710,4.045600
17,17.184,1.500,26.900,4.046400
19,19.188,2.513,29.090,4.047200
21,21.192,0.026,31.280,4.048000
23,23.196,1.039,22.470,4.048800
17,17.168,1.552,27.260,4.073600
19,19.172,2.565,29.450,4.074400
21,21.176,0.078,31.640,4.075200
23,23.180,1.091,22.830,4.076000
17,17.184,1.604,26.200,4.076800
19,19.188,2.617,28.390,4.077600
21,21.192,0.130,30.580,4.078400
23,23.196,1.000,21.770,4.079200
17,17.168,1.513,26.560,4.104000
19,19.172,2.526,28.750,4.104800
21,21.176,0.039,30.940,4.105600
23,23.180,1.052,22.130,4.106400
17,17.184,1.565,27.320,4.107200
19,19.188,2.578,29.510,4.108000
21,21.192,0.091,31.700,4.108800
23,23.196,1.104,22.890,4.109600
17,17.168,1.617,27.680,4.134400
19,19.172,2.630,28.050,4.135200
21,21.176,0.000,30.240,4.136000
23,23.180,1.013,21.430,4.136800
17,17.184,1.526,26.620,4.137600
19,19.188,2.539,28.810,4.138400
21,21.192,0.052,31.000,4.139200
23,23.196,1.065,22.190,4.140000
17,17.168,1.578,26.980,4.164800
19,19.172,2.591,29.170,4.165600
21,21.176,0.104,31.360,4.166400
23,23.180,1.117,22.550,4.167200
17,17.184,1.630,27.740,4.168000
19,19.188,2.500,29.930,4.168800
21,21.192,0.013,30.300,4.169600
23,23.196,1.026,21.490,4.170400
17,17.168,1.539,26.280,4.195200
19,19.172,2.552,28.470,4.196000
21,21.176,0.065,30.660,4.196800
23,23.180,1.078,21.850,4.197600
17,17.184,1.591,27.040,4.198400
19,19.188,2.604,29.230,4.199200
21,21.192,0.117,31.420,4.200000
23,23.196,1.130,22.610,4.200800
17,17.168,1.500,27.400,4.225600
19,19.172,2.513,29.590,4.226400
21,21.176,0.026,31.780,4.227200
23,23.180,1.039,21.150,4.228000
17,17.184,1.552,26.340,4.228800
19,19.188,2.565,28.530,4.229600
21,21.192,0.078,30.720,4.230400
23,23.196,1.091,21.910,4.231200
17,17.168,1.604,26.700,4.256000
19,19.172,2.617,28.890,4.256800
21,21.176,0.130,31.080,4.257600
23,23.180,1.000,22.270,4.258400
17,17.184,1.513,27.460,4.259200
19,19.188,2.526,29.650,4.260000
21,21.192,0.039,31.840,4.260800
23,23.196,1.052,23.030,4.261600
17,17.168,1.565,26.000,4.286400
19,19.172,2.578,28.190,4.287200
21,21.176,0.091,30.380,4.288000
23,23.180,1.104,21.570,4.288800
17,17.184,1.617,26.760,4.289600
19,19.188,2.630,28.950,4.290400
21,21.192,0.000,31.140,4.291200
23,23.196,1.013,22.330,4.292000
17,17.168,1.526,27.120,4.316800
19,19.172,2.539,29.310,4.317600
21,21.176,0.052,31.500,4.318400
23,23.180,1.065,22.690,4.319200
17,17.184,1.578,27.880,4.320000
19,19.188,2.591,28.250,4.320800
21,21.192,0.104,30.440,4.321600
23,23.196,1.117,21.630,4.322400
17,17.168,1.630,26.420,4.347200
19,19.172,2.500,28.610,4.348000
21,21.176,0.013,30.800,4.348800
23,23.180,1.026,21.990,4.349600
17,17.184,1.539,27.180,4.350400
19,19.188,2.552,29.370,4.351200
21,21.192,0.065,31.560,4.352000
23,23.196,1.078,22.750,4.352800
1,1.000,0.500,21.000,4.377600
3,3.004,1.513,23.190,4.378400
5,5.008,2.526,25.380,4.379200
7,7.012,0.039,27.570,4.380000
1,1.016,0.552,21.760,4.380800
3,3.020,1.565,23.950,4.381600
5,5.024,2.578,26.140,4.382400
7,7.028,0.091,28.330,4.383200
1,1.000,0.604,22.120,4.408000
3,3.004,1.617,24.310,4.408800
5,5.008,2.630,26.500,4.409600
7,7.012,0.000,28.690,4.410400
1,1.016,0.513,22.880,4.411200
3,3.020,1.526,23.250,4.412000
5,5.024,2.539,25.440,4.412800
7,7.028,0.052,27.630,4.413600
1,1.000,0.565,21.420,4.438400
3,3.004,1.578,23.610,4.439200
5,5.008,2.591,25.800,4.440000
7,7.012,0.104,27.990,4.440800
1,1.016,0.617,22.180,4.441600
3,3.020,1.630,24.370,4.442400
5,5.024,2.500,26.560,4.443200
7,7.028,0.013,28.750,4.444000
1,1.000,0.526,22.540,4.468800
3,3.004,1.539,24.730,4.469600
5,5.008,2.552,25.100,4.470400
7,7.012,0.065,27.290,4.471200
1,1.016,0.578,21.480,4.472000
3,3.020,1.591,23.670,4.472800
5,5.024,2.604,25.860,4.473600
7,7.028,0.117,28.050,4.474400
1,1.000,0.630,21.840,4.499200
3,3.004,1.500,24.030,4.500000
5,5.008,2.513,26.220,4.500800
7,7.012,0.026,28.410,4.501600
1,1.016,0.539,22.600,4.502400
3,3.020,1.552,24.790,4.503200
5,5.024,2.565,26.980,4.504000
7,7.028,0.078,27.350,4.504800
1,1.000,0.591,21.140,4.529600
3,3.004,1.604,23.330,4.530400
5,5.008,2.617,25.520,4.531200
7,7.012,0.130,27.710,4.532000
1,1.016,0.500,21.900,4.532800
3,3.020,1.513,24.090,4.533600
5,5.024,2.526,26.280,4.534400
7,7.028,0.039,28.470,4.535200
1,1.000,0.552,22.260,4.560000
3,3.004,1.565,24.450,4.560800
5,5.008,2.578,26.640,4.561600
7,7.012,0.091,28.830,4.562400
1,1.016,0.604,21.200,4.563200
3,3.020,1.617,23.390,4.564000
5,5.024,2.630,25.580,4.564800
7,7.028,0.000,27.770,4.565600
1,1.000,0.513,21.560,4.590400
3,3.004,1.526,23.750,4.591200
5,5.008,2.539,25.940,4.592000
7,7.012,0.052,28.130,4.592800
1,1.016,0.565,22.320,4.593600
3,3.020,1.578,24.510,4.594400
5,5.024,2.591,26.700,4.595200
7,7.028,0.104,28.890,4.596000
1,1.000,0.617,22.680,4.620800
3,3.004,1.630,23.050,4.621600
5,5.008,2.500,25.240,4.622400
7,7.012,0.013,27.430,4.623200
1,1.016,0.526,21.620,4.624000
3,3.020,1.539,23.810,4.624800
5,5.024,2.552,26.000,4.625600
7,7.028,0.065,28.190,4.626400
1,1.000,0.578,21.980,4.651200
3,3.004,1.591,24.170,4.652000
5,5.008,2.604,26.360,4.652800
7,7.012,0.117,28.550,4.653600
1,1.016,0.630,22.740,4.654400
3,3.020,1.500,24.930,4.655200
5,5.024,2.513,25.300,4.656000
7,7.028,0.026,27.490,4.656800
1,1.000,0.539,21.280,4.681600
3,3.004,1.552,23.470,4.682400
5,5.008,2.565,25.660,4.683200
7,7.012,0.078,27.850,4.684000
1,1.016,0.591,22.040,4.684800
3,3.020,1.604,24.230,4.685600
5,5.024,2.617,26.420,4.686400
7,7.028,0.130,28.610,4.687200
1,1.000,0.500,22.400,4.712000
3,3.004,1.513,24.590,4.712800
5,5.008,2.526,26.780,4.713600
7,7.012,0.039,27.150,4.714400
1,1.016,0.552,21.340,4.715200
3,3.020,1.565,23.530,4.716000
5,5.024,2.578,25.720,4.716800
7,7.028,0.091,27.910,4.717600
1,1.000,0.604,21.700,4.742400
3,3.004,1.617,23.890,4.743200
5,5.008,2.630,26.080,4.744000
7,7.012,0.000,28.270,4.744800
1,1.016,0.513,22.460,4.745600
3,3.020,1.526,24.650,4.746400
5,5.024,2.539,26.840,4.747200
7,7.028,0.052,29.030,4.748000
1,1.000,0.565,21.000,4.772800
3,3.004,1.578,23.190,4.773600
5,5.008,2.591,25.380,4.774400
7,7.012,0.104,27.570,4.775200
1,1.016,0.617,21.760,4.776000
3,3.020,1.630,23.950,4.776800
5,5.024,2.500,26.140,4.777600
7,7.028,0.013,28.330,4.778400
1,1.000,0.526,22.120,4.803200
3,3.004,1.539,24.310,4.804000
5,5.008,2.552,26.500,4.804800
7,7.012,0.065,28.690,4.805600
1,1.016,0.578,22.880,4.806400
3,3.020,1.591,23.250,4.807200
5,5.024,2.604,25.440,4.808000
7,7.028,0.117,27.630,4.808800
1,1.000,0.630,21.420,4.833600
3,3.004,1.500,23.610,4.834400
5,5.008,2.513,25.800,4.835200
7,7.012,0.026,27.990,4.836000
1,1.016,0.539,22.180,4.836800
3,3.020,1.552,24.370,4.837600
5,5.024,2.565,26.560,4.838400
7,7.028,0.078,28.750,4.839200
9,9.021,1.000,29.000,4.864000
11,11.025,2.013,20.190,4.864800
13,13.029,3.026,22.380,4.865600
15,15.033,0.539,24.570,4.866400
9,9.037,1.052,29.760,4.867200
11,11.041,2.065,20.950,4.868000
13,13.045,3.078,23.140,4.868800
15,15.049,0.591,25.330,4.869600
9,9.021,1.104,30.120,4.894400
11,11.025,2.117,21.310,4.895200
13,13.029,3.130,23.500,4.896000
15,15.033,0.500,25.690,4.896800
9,9.037,1.013,30.880,4.897600
11,11.041,2.026,20.250,4.898400
13,13.045,3.039,22.440,4.899200
15,15.049,0.552,24.630,4.900000
9,9.021,1.065,29.420,4.924800
11,11.025,2.078,20.610,4.925600
13,13.029,3.091,22.800,4.926400
15,15.033,0.604,24.990,4.927200
9,9.037,1.117,30.180,4.928000
11,11.041,2.130,21.370,4.928800
13,13.045,3.000,23.560,4.929600
15,15.049,0.513,25.750,4.930400
9,9.021,1.026,30.540,4.955200
11,11.025,2.039,21.730,4.956000
13,13.029,3.052,22.100,4.956800
15,15.033,0.565,24.290,4.957600
9,9.037,1.078,29.480,4.958400
11,11.041,2.091,20.670,4.959200
13,13.045,3.104,22.860,4.960000
15,15.049,0.617,25.050,4.960800
9,9.021,1.130,29.840,4.985600
11,11.025,2.000,21.030,4.986400
13,13.029,3.013,23.220,4.987200
15,15.033,0.526,25.410,4.988000
9,9.037,1.039,30.600,4.988800
11,11.041,2.052,21.790,4.989600
13,13.045,3.065,23.980,4.990400
15,15.049,0.578,24.350,4.991200
9,9.021,1.091,29.140,5.016000
11,11.025,2.104,20.330,5.016800
13,13.029,3.117,22.520,5.017600
15,15.033,0.630,24.710,5.018400
9,9.037,1.000,29.900,5.019200
11,11.041,2.013,21.090,5.020000
13,13.045,3.026,23.280,5.020800
15,15.049,0.539,25.470,5.021600
9,9.021,1.052,30.260,5.046400
11,11.025,2.065,21.450,5.047200
13,13.029,3.078,23.640,5.048000
15,15.033,0.591,25.830,5.048800
9,9.037,1.104,29.200,5.049600
11,11.041,2.117,20.390,5.050400
13,13.045,3.130,22.580,5.051200
15,15.049,0.500,24.770,5.052000
9,9.021,1.013,29.560,5.076800
11,11.025,2.026,20.750,5.077600
13,13.029,3.039,22.940,5.078400
15,15.033,0.552,25.130,5.079200
9,9.037,1.065,30.320,5.080000
11,11.041,2.078,21.510,5.080800
13,13.045,3.091,23.700,5.081600
15,15.049,0.604,25.890,5.082400
9,9.021,1.117,30.680,5.107200
11,11.025,2.130,20.050,5.108000
13,13.029,3.000,22.240,5.108800
15,15.033,0.513,24.430,5.109600
9,9.037,1.026,29.620,5.110400
11,11.041,2.039,20.810,5.111200
13,13.045,3.052,23.000,5.112000
15,15.049,0.565,25.190,5.112800
9,9.021,1.078,29.980,5.137600
11,11.025,2.091,21.170,5.138400
13,13.029,3.104,23.360,5.139200
15,15.033,0.617,25.550,5.140000
9,9.037,1.130,30.740,5.140800
11,11.041,2.000,21.930,5.141600
13,13.045,3.013,22.300,5.142400
15,15.049,0.526,24.490,5.143200
9,9.021,1.039,29.280,5.168000
11,11.025,2.052,20.470,5.168800
13,13.029,3.065,22.660,5.169600
15,15.033,0.578,24.850,5.170400
9,9.037,1.091,30.040,5.171200
11,11.041,2.104,21.230,5.172000
13,13.045,3.117,23.420,5.172800
15,15.049,0.630,25.610,5.173600
9,9.021,1.000,30.400,5.198400
11,11.025,2.013,21.590,5.199200
13,13.029,3.026,23.780,5.200000
15,15.033,0.539,24.150,5.200800
9,9.037,1.052,29.340,5.201600
11,11.041,2.065,20.530,5.202400
13,13.045,3.078,22.720,5.203200
15,15.049,0.591,24.910,5.204000
9,9.021,1.104,29.700,5.228800
11,11.025,2.117,20.890,5.229600
13,13.029,3.130,23.080,5.230400
15,15.033,0.500,25.270,5.231200
9,9.037,1.013,30.460,5.232000
11,11.041,2.026,21.650,5.232800
13,13.045,3.039,23.840,5.233600
15,15.049,0.552,26.030,5.234400
9,9.021,1.065,29.000,5.259200
11,11.025,2.078,20.190,5.260000
13,13.029,3.091,22.380,5.260800
15,15.033,0.604,24.570,5.261600
9,9.037,1.117,29.760,5.262400
11,11.041,2.130,20.950,5.263200
13,13.045,3.000,23.140,5.264000
15,15.049,0.513,25.330,5.264800
9,9.021,1.026,30.120,5.289600
11,11.025,2.039,21.310,5.290400
13,13.029,3.052,23.500,5.291200
15,15.033,0.565,25.690,5.292000
9,9.037,1.078,30.880,5.292800
11,11.041,2.091,20.250,5.293600
13,13.045,3.104,22.440,5.294400
15,15.049,0.617,24.630,5.295200
9,9.021,1.130,29.420,5.320000
11,11.025,2.000,20.610,5.320800
13,13.029,3.013,22.800,5.321600
15,15.033,0.526,24.990,5.322400
9,9.037,1.039,30.180,5.323200
11,11.041,2.052,21.370,5.324000
13,13.045,3.065,23.560,5.324800
15,15.049,0.578,25.750,5.325600
17,17.042,1.500,26.000,5.350400
19,19.046,2.513,28.190,5.351200
21,21.050,0.026,30.380,5.352000
23,23.054,1.039,21.570,5.352800
17,17.058,1.552,26.760,5.353600
19,19.062,2.565,28.950,5.354400
21,21.066,0.078,31.140,5.355200
23,23.070,1.091,22.330,5.356000
17,17.042,1.604,27.120,5.380800
19,19.046,2.617,29.310,5.381600
21,21.050,0.130,31.500,5.382400
23,23.054,1.000,22.690,5.383200
17,17.058,1.513,27.880,5.384000
19,19.062,2.526,28.250,5.384800
21,21.066,0.039,30.440,5.385600
23,23.070,1.052,21.630,5.386400
17,17.042,1.565,26.420,5.411200
19,19.046,2.578,28.610,5.412000
21,21.050,0.091,30.800,5.412800
23,23.054,1.104,21.990,5.413600
17,17.058,1.617,27.180,5.414400
19,19.062,2.630,29.370,5.415200
21,21.066,0.000,31.560,5.416000
23,23.070,1.013,22.750,5.416800
17,17.042,1.526,27.540,5.441600
19,19.046,2.539,29.730,5.442400
21,21.050,0.052,30.100,5.443200
23,23.054,1.065,21.290,5.444000
17,17.058,1.578,26.480,5.444800
19,19.062,2.591,28.670,5.445600
21,21.066,0.104,30.860,5.446400
23,23.070,1.117,22.050,5.447200
17,17.042,1.630,26.840,5.472000
19,19.046,2.500,29.030,5.472800
21,21.050,0.013,31.220,5.473600
23,23.054,1.026,22.410,5.474400
17,17.058,1.539,27.600,5.475200
19,19.062,2.552,29.790,5.476000
21,21.066,0.065,31.980,5.476800
23,23.070,1.078,21.350,5.477600
17,17.042,1.591,26.140,5.502400
19,19.046,2.604,28.330,5.503200
21,21.050,0.117,30.520,5.504000
23,23.054,1.130,21.710,5.504800
17,17.058,1.500,26.900,5.505600
19,19.062,2.513,29.090,5.506400
21,21.066,0.026,31.280,5.507200
23,23.070,1.039,22.470,5.508000
17,17.042,1.552,27.260,5.532800
19,19.046,2.565,29.450,5.533600
21,21.050,0.078,31.640,5.534400
23,23.054,1.091,22.830,5.535200
17,17.058,1.604,26.200,5.536000
19,19.062,2.617,28.390,5.536800
21,21.066,0.130,30.580,5.537600
23,23.070,1.000,21.770,5.538400
17,17.042,1.513,26.560,5.563200
19,19.046,2.526,28.750,5.564000
21,21.050,0.039,30.940,5.564800
23,23.054,1.052,22.130,5.565600
17,17.058,1.565,27.320,5.566400
19,19.062,2.578,29.510,5.567200
21,21.066,0.091,31.700,5.568000
23,23.070,1.104,22.890,5.568800
17,17.042,1.617,27.680,5.593600
19,19.046,2.630,28.050,5.594400
21,21.050,0.000,30.240,5.595200
23,23.054,1.013,21.430,5.596000
17,17.058,1.526,26.620,5.596800
19,19.062,2.539,28.810,5.597600
21,21.066,0.052,31.000,5.598400
23,23.070,1.065,22.190,5.599200
17,17.042,1.578,26.980,5.624000
19,19.046,2.591,29.170,5.624800
21,21.050,0.104,31.360,5.625600
23,23.054,1.117,22.550,5.626400
17,17.058,1.630,27.740,5.627200
19,19.062,2.500,29.930,5.628000
21,21.066,0.013,30.300,5.628800
23,23.070,1.026,21.490,5.629600
17,17.042,1.539,26.280,5.654400
19,19.046,2.552,28.470,5.655200
21,21.050,0.065,30.660,5.656000
23,23.054,1.078,21.850,5.656800
17,17.058,1.591,27.040,5.657600
19,19.062,2.604,29.230,5.658400
21,21.066,0.117,31.420,5.659200
23,23.070,1.130,22.610,5.660000
17,17.042,1.500,27.400,5.684800
19,19.046,2.513,29.590,5.685600
21,21.050,0.026,31.780,5.686400
23,23.054,1.039,21.150,5.687200
17,17.058,1.552,26.340,5.688000
19,19.062,2.565,28.530,5.688800
21,21.066,0.078,30.720,5.689600
23,23.070,1.091,21.910,5.690400
17,17.042,1.604,26.700,5.715200
19,19.046,2.617,28.890,5.716000
21,21.050,0.130,31.080,5.716800
23,23.054,1.000,22.270,5.717600
17,17.058,1.513,27.460,5.718400
19,19.062,2.526,29.650,5.719200
21,21.066,0.039,31.840,5.720000
23,23.070,1.052,23.030,5.720800
17,17.042,1.565,26.000,5.745600
19,19.046,2.578,28.190,5.746400
21,21.050,0.091,30.380,5.747200
23,23.054,1.104,21.570,5.748000
17,17.058,1.617,26.760,5.748800
19,19.062,2.630,28.950,5.749600
21,21.066,0.000,31.140,5.750400
23,23.070,1.013,22.330,5.751200
17,17.042,1.526,27.120,5.776000
19,19.046,2.539,29.310,5.776800
21,21.050,0.052,31.500,5.777600
23,23.054,1.065,22.690,5.778400
17,17.058,1.578,27.880,5.779200
19,19.062,2.591,28.250,5.780000
21,21.066,0.104,30.440,5.780800
23,23.070,1.117,21.630,5.781600
17,17.042,1.630,26.420,5.806400
19,19.046,2.500,28.610,5.807200
21,21.050,0.013,30.800,5.808000
23,23.054,1.026,21.990,5.808800
17,17.058,1.539,27.180,5.809600
19,19.062,2.552,29.370,5.810400
21,21.066,0.065,31.560,5.811200
23,23.070,1.078,22.750,5.812000
1,1.063,0.500,21.000,5.836800
3,3.067,1.513,23.190,5.837600
5,5.071,2.526,25.380,5.838400
7,7.075,0.039,27.570,5.839200
1,1.079,0.552,21.760,5.840000
3,3.083,1.565,23.950,5.840800
5,5.087,2.578,26.140,5.841600
7,7.091,0.091,28.330,5.842400
1,1.063,0.604,22.120,5.867200
3,3.067,1.617,24.310,5.868000
5,5.071,2.630,26.500,5.868800
7,7.075,0.000,28.690,5.869600
1,1.079,0.513,22.880,5.870400
3,3.083,1.526,23.250,5.871200
5,5.087,2.539,25.440,5.872000
7,7.091,0.052,27.630,5.872800
1,1.063,0.565,21.420,5.897600
3,3.067,1.578,23.610,5.898400
5,5.071,2.591,25.800,5.899200
7,7.075,0.104,27.990,5.900000
1,1.079,0.617,22.180,5.900800
3,3.083,1.630,24.370,5.901600
5,5.087,2.500,26.560,5.902400
7,7.091,0.013,28.750,5.903200
1,1.063,0.526,22.540,5.928000
3,3.067,1.539,24.730,5.928800
5,5.071,2.552,25.100,5.929600
7,7.075,0.065,27.290,5.930400
1,1.079,0.578,21.480,5.931200
3,3.083,1.591,23.670,5.932000
5,5.087,2.604,25.860,5.932800
7,7.091,0.117,28.050,5.933600
1,1.063,0.630,21.840,5.958400
3,3.067,1.500,24.030,5.959200
5,5.071,2.513,26.220,5.960000
7,7.075,0.026,28.410,5.960800
1,1.079,0.539,22.600,5.961600
3,3.083,1.552,24.790,5.962400
5,5.087,2.565,26.980,5.963200
7,7.091,0.078,27.350,5.964000
1,1.063,0.591,21.140,5.988800
3,3.067,1.604,23.330,5.989600
5,5.071,2.617,25.520,5.990400
7,7.075,0.130,27.710,5.991200
1,1.079,0.500,21.900,5.992000
3,3.083,1.513,24.090,5.992800
5,5.087,2.526,26.280,5.993600
7,7.091,0.039,28.470,5.994400
1,1.063,0.552,22.260,6.019200
3,3.067,1.565,24.450,6.020000
5,5.071,2.578,26.640,6.020800
7,7.075,0.091,28.830,6.021600
1,1.079,0.604,21.200,6.022400
3,3.083,1.617,23.390,6.023200
5,5.087,2.630,25.580,6.024000
7,7.091,0.000,27.770,6.024800
1,1.063,0.513,21.560,6.049600
3,3.067,1.526,23.750,6.050400
5,5.071,2.539,25.940,6.051200
7,7.075,0.052,28.130,6.052000
1,1.079,0.565,22.320,6.052800
3,3.083,1.578,24.510,6.053600
5,5.087,2.591,26.700,6.054400
7,7.091,0.104,28.890,6.055200
1,1.063,0.617,22.680,6.080000
3,3.067,1.630,23.050,6.080800
5,5.071,2.500,25.240,6.081600
7,7.075,0.013,27.430,6.082400
1,1.079,0.526,21.620,6.083200
3,3.083,1.539,23.810,6.084000
5,5.087,2.552,26.000,6.084800
7,7.091,0.065,28.190,6.085600
1,1.063,0.578,21.980,6.110400
3,3.067,1.591,24.170,6.111200
5,5.071,2.604,26.360,6.112000
7,7.075,0.117,28.550,6.112800
1,1.079,0.630,22.740,6.113600
3,3.083,1.500,24.930,6.114400
5,5.087,2.513,25.300,6.115200
7,7.091,0.026,27.490,6.116000
1,1.063,0.539,21.280,6.140800
3,3.067,1.552,23.470,6.141600
5,5.071,2.565,25.660,6.142400
7,7.075,0.078,27.850,6.143200
1,1.079,0.591,22.040,6.144000
3,3.083,1.604,24.230,6.144800
5,5.087,2.617,26.420,6.145600
7,7.091,0.130,28.610,6.146400
1,1.063,0.500,22.400,6.171200
3,3.067,1.513,24.590,6.172000
5,5.071,2.526,26.780,6.172800
7,7.075,0.039,27.150,6.173600
1,1.079,0.552,21.340,6.174400
3,3.083,1.565,23.530,6.175200
5,5.087,2.578,25.720,6.176000
7,7.091,0.091,27.910,6.176800
1,1.063,0.604,21.700,6.201600
3,3.067,1.617,23.890,6.202400
5,5.071,2.630,26.080,6.203200
7,7.075,0.000,28.270,6.204000
1,1.079,0.513,22.460,6.204800
3,3.083,1.526,24.650,6.205600
5,5.087,2.539,26.840,6.206400
7,7.091,0.052,29.030,6.207200
1,1.063,0.565,21.000,6.232000
3,3.067,1.578,23.190,6.232800
5,5.071,2.591,25.380,6.233600
7,7.075,0.104,27.570,6.234400
1,1.079,0.617,21.760,6.235200
3,3.083,1.630,23.950,6.236000
5,5.087,2.500,26.140,6.236800
7,7.091,0.013,28.330,6.237600
1,1.063,0.526,22.120,6.262400
3,3.067,1.539,24.310,6.263200
5,5.071,2.552,26.500,6.264000
7,7.075,0.065,28.690,6.264800
1,1.079,0.578,22.880,6.265600
3,3.083,1.591,23.250,6.266400
5,5.087,2.604,25.440,6.267200
7,7.091,0.117,27.630,6.268000
1,1.063,0.630,21.420,6.292800
3,3.067,1.500,23.610,6.293600
5,5.071,2.513,25.800,6.294400
7,7.075,0.026,27.990,6.295200
1,1.079,0.539,22.180,6.296000
3,3.083,1.552,24.370,6.296800
5,5.087,2.565,26.560,6.297600
7,7.091,0.078,28.750,6.298400
9,9.084,1.000,29.000,6.323200
11,11.088,2.013,20.190,6.324000
13,13.092,3.026,22.380,6.324800
15,15.096,0.539,24.570,6.325600
9,9.100,1.052,29.760,6.326400
11,11.104,2.065,20.950,6.327200
13,13.108,3.078,23.140,6.328000
15,15.112,0.591,25.330,6.328800
9,9.084,1.104,30.120,6.353600
11,11.088,2.117,21.310,6.354400
13,13.092,3.130,23.500,6.355200
15,15.096,0.500,25.690,6.356000
9,9.100,1.013,30.880,6.356800
11,11.104,2.026,20.250,6.357600
13,13.108,3.039,22.440,6.358400
15,15.112,0.552,24.630,6.359200
9,9.084,1.065,29.420,6.384000
11,11.088,2.078,20.610,6.384800
13,13.092,3.091,22.800,6.385600
15,15.096,0.604,24.990,6.386400
9,9.100,1.117,30.180,6.387200
11,11.104,2.130,21.370,6.388000
13,13.108,3.000,23.560,6.388800
15,15.112,0.513,25.750,6.389600
9,9.084,1.026,30.540,6.414400
11,11.088,2.039,21.730,6.415200
13,13.092,3.052,22.100,6.416000
15,15.096,0.565,24.290,6.416800
9,9.100,1.078,29.480,6.417600
11,11.104,2.091,20.670,6.418400
13,13.108,3.104,22.860,6.419200
15,15.112,0.617,25.050,6.420000
9,9.084,1.130,29.840,6.444800
11,11.088,2.000,21.030,6.445600
13,13.092,3.013,23.220,6.446400
15,15.096,0.526,25.410,6.447200
9,9.100,1.039,30.600,6.448000
11,11.104,2.052,21.790,6.448800
13,13.108,3.065,23.980,6.449600
15,15.112,0.578,24.350,6.450400
9,9.084,1.091,29.140,6.475200
11,11.088,2.104,20.330,6.476000
13,13.092,3.117,22.520,6.476800
15,15.096,0.630,24.710,6.477600
9,9.100,1.000,29.900,6.478400
11,11.104,2.013,21.090,6.479200
13,13.108,3.026,23.280,6.480000
15,15.112,0.539,25.470,6.480800
9,9.084,1.052,30.260,6.505600
11,11.088,2.065,21.450,6.506400
13,13.092,3.078,23.640,6.507200
15,15.096,0.591,25.830,6.508000
9,9.100,1.104,29.200,6.508800
11,11.104,2.117,20.390,6.509600
13,13.108,3.130,22.580,6.510400
15,15.112,0.500,24.770,6.511200
9,9.084,1.013,29.560,6.536000
11,11.088,2.026,20.750,6.536800
13,13.092,3.039,22.940,6.537600
15,15.096,0.552,25.130,6.538400
9,9.100,1.065,30.320,6.539200
11,11.104,2.078,21.510,6.540000
13,13.108,3.091,23.700,6.540800
15,15.112,0.604,25.890,6.541600
9,9.084,1.117,30.680,6.566400
11,11.088,2.130,20.050,6.567200
13,13.092,3.000,22.240,6.568000
15,15.096,0.513,24.430,6.568800
9,9.100,1.026,29.620,6.569600
11,11.104,2.039,20.810,6.570400
13,13.108,3.052,23.000,6.571200
15,15.112,0.565,25.190,6.572000
9,9.084,1.078,29.980,6.596800
11,11.088,2.091,21.170,6.597600
13,13.092,3.104,23.360,6.598400
15,15.096,0.617,25.550,6.599200
9,9.100,1.130,30.740,6.600000
11,11.104,2.000,21.930,6.600800
13,13.108,3.013,22.300,6.601600
15,15.112,0.526,24.490,6.602400
9,9.084,1.039,29.280,6.627200
11,11.088,2.052,20.470,6.628000
13,13.092,3.065,22.660,6.628800
15,15.096,0.578,24.850,6.629600
9,9.100,1.091,30.040,6.630400
11,11.104,2.104,21.230,6.631200
13,13.108,3.117,23.420,6.632000
15,15.112,0.630,25.610,6.632800
9,9.084,1.000,30.400,6.657600
11,11.088,2.013,21.590,6.658400
13,13.092,3.026,23.780,6.659200
15,15.096,0.539,24.150,6.660000
9,9.100,1.052,29.340,6.660800
11,11.104,2.065,20.530,6.661600
13,13.108,3.078,22.720,6.662400
15,15.112,0.591,24.910,6.663200
9,9.084,1.104,29.700,6.688000
11,11.088,2.117,20.890,6.688800
13,13.092,3.130,23.080,6.689600
15,15.096,0.500,25.270,6.690400
9,9.100,1.013,30.460,6.691200
11,11.104,2.026,21.650,6.692000
13,13.108,3.039,23.840,6.692800
15,15.112,0.552,26.030,6.693600
9,9.084,1.065,29.000,6.718400
11,11.088,2.078,20.190,6.719200
13,13.092,3.091,22.380,6.720000
15,15.096,0.604,24.570,6.720800
9,9.100,1.117,29.760,6.721600
11,11.104,2.130,20.950,6.722400
13,13.108,3.000,23.140,6.723200
15,15.112,0.513,25.330,6.724000
9,9.084,1.026,30.120,6.748800
11,11.088,2.039,21.310,6.749600
13,13.092,3.052,23.500,6.750400
15,15.096,0.565,25.690,6.751200
9,9.100,1.078,30.880,6.752000
11,11.104,2.091,20.250,6.752800
13,13.108,3.104,22.440,6.753600
15,15.112,0.617,24.630,6.754400
9,9.084,1.130,29.420,6.779200
11,11.088,2.000,20.610,6.780000
13,13.092,3.013,22.800,6.780800
15,15.096,0.526,24.990,6.781600
9,9.100,1.039,30.180,6.782400
11,11.104,2.052,21.370,6.783200
13,13.108,3.065,23.560,6.784000
15,15.112,0.578,25.750,6.784800
17,17.105,1.500,26.000,6.809600
19,19.109,2.513,28.190,6.810400
21,21.113,0.026,30.380,6.811200
23,23.117,1.039,21.570,6.812000
17,17.121,1.552,26.760,6.812800
19,19.125,2.565,28.950,6.813600
21,21.129,0.078,31.140,6.814400
23,23.133,1.091,22.330,6.815200
17,17.105,1.604,27.120,6.840000
19,19.109,2.617,29.310,6.840800
21,21.113,0.130,31.500,6.841600
23,23.117,1.000,22.690,6.842400
17,17.121,1.513,27.880,6.843200
19,19.125,2.526,28.250,6.844000
21,21.129,0.039,30.440,6.844800
23,23.133,1.052,21.630,6.845600
17,17.105,1.565,26.420,6.870400
19,19.109,2.578,28.610,6.871200
21,21.113,0.091,30.800,6.872000
23,23.117,1.104,21.990,6.872800
17,17.121,1.617,27.180,6.873600
19,19.125,2.630,29.370,6.874400
21,21.129,0.000,31.560,6.875200
23,23.133,1.013,22.750,6.876000
17,17.105,1.526,27.540,6.900800
19,19.109,2.539,29.730,6.901600
21,21.113,0.052,30.100,6.902400
23,23.117,1.065,21.290,6.903200
17,17.121,1.578,26.480,6.904000
19,19.125,2.591,28.670,6.904800
21,21.129,0.104,30.860,6.905600
23,23.133,1.117,22.050,6.906400
17,17.105,1.630,26.840,6.931200
19,19.109,2.500,29.030,6.932000
21,21.113,0.013,31.220,6.932800
23,23.117,1.026,22.410,6.933600
17,17.121,1.539,27.600,6.934400
19,19.125,2.552,29.790,6.935200
21,21.129,0.065,31.980,6.936000
23,23.133,1.078,21.350,6.936800
17,17.105,1.591,26.140,6.961600
19,19.109,2.604,28.330,6.962400
21,21.113,0.117,30.520,6.963200
23,23.117,1.130,21.710,6.964000
17,17.121,1.500,26.900,6.964800
19,19.125,2.513,29.090,6.965600
21,21.129,0.026,31.280,6.966400
23,23.133,1.039,22.470,6.967200
17,17.105,1.552,27.260,6.992000
19,19.109,2.565,29.450,6.992800
21,21.113,0.078,31.640,6.993600
23,23.117,1.091,22.830,6.994400
17,17.121,1.604,26.200,6.995200
19,19.125,2.617,28.390,6.996000
21,21.129,0.130,30.580,6.996800
23,23.133,1.000,21.770,6.997600
17,17.105,1.513,26.560,7.022400
19,19.109,2.526,28.750,7.023200
21,21.113,0.039,30.940,7.024000
23,23.117,1.052,22.130,7.024800
17,17.121,1.565,27.320,7.025600
19,19.125,2.578,29.510,7.026400
21,21.129,0.091,31.700,7.027200
23,23.133,1.104,22.890,7.028000
17,17.105,1.617,27.680,7.052800
19,19.109,2.630,28.050,7.053600
21,21.113,0.000,30.240,7.054400
23,23.117,1.013,21.430,7.055200
17,17.121,1.526,26.620,7.056000
19,19.125,2.539,28.810,7.056800
21,21.129,0.052,31.000,7.057600
23,23.133,1.065,22.190,7.058400
17,17.105,1.578,26.980,7.083200
19,19.109,2.591,29.170,7.084000
21,21.113,0.104,31.360,7.084800
23,23.117,1.117,22.550,7.085600
17,17.121,1.630,27.740,7.086400
19,19.125,2.500,29.930,7.087200
21,21.129,0.013,30.300,7.088000
23,23.133,1.026,21.490,7.088800
17,17.105,1.539,26.280,7.113600
19,19.109,2.552,28.470,7.114400
21,21.113,0.065,30.660,7.115200
23,23.117,1.078,21.850,7.116000
17,17.121,1.591,27.040,7.116800
19,19.125,2.604,29.230,7.117600
21,21.129,0.117,31.420,7.118400
23,23.133,1.130,22.610,7.119200
17,17.105,1.500,27.400,7.144000
19,19.109,2.513,29.590,7.144800
21,21.113,0.026,31.780,7.145600
23,23.117,1.039,21.150,7.146400
17,17.121,1.552,26.340,7.147200
19,19.125,2.565,28.530,7.148000
21,21.129,0.078,30.720,7.148800
23,23.133,1.091,21.910,7.149600
17,17.105,1.604,26.700,7.174400
19,19.109,2.617,28.890,7.175200
21,21.113,0.130,31.080,7.176000
23,23.117,1.000,22.270,7.176800
17,17.121,1.513,27.460,7.177600
19,19.125,2.526,29.650,7.178400
21,21.129,0.039,31.840,7.179200
23,23.133,1.052,23.030,7.180000
17,17.105,1.565,26.000,7.204800
19,19.109,2.578,28.190,7.205600
21,21.113,0.091,30.380,7.206400
23,23.117,1.104,21.570,7.207200
17,17.121,1.617,26.760,7.208000
19,19.125,2.630,28.950,7.208800
21,21.129,0.000,31.140,7.209600
23,23.133,1.013,22.330,7.210400
17,17.105,1.526,27.120,7.235200
19,19.109,2.539,29.310,7.236000
21,21.113,0.052,31.500,7.236800
23,23.117,1.065,22.690,7.237600
17,17.121,1.578,27.880,7.238400
19,19.125,2.591,28.250,7.239200
21,21.129,0.104,30.440,7.240000
23,23.133,1.117,21.630,7.240800
17,17.105,1.630,26.420,7.265600
19,19.109,2.500,28.610,7.266400
21,21.113,0.013,30.800,7.267200
23,23.117,1.026,21.990,7.268000
17,17.121,1.539,27.180,7.268800
19,19.125,2.552,29.370,7.269600
21,21.129,0.065,31.560,7.270400
23,23.133,1.078,22.750,7.271200
1,1.126,0.500,21.000,7.296000
3,3.130,1.513,23.190,7.296800
5,5.134,2.526,25.380,7.297600
7,7.138,0.039,27.570,7.298400
1,1.142,0.552,21.760,7.299200
3,3.146,1.565,23.950,7.300000
5,5.150,2.578,26.140,7.300800
7,7.154,0.091,28.330,7.301600
1,1.126,0.604,22.120,7.326400
3,3.130,1.617,24.310,7.327200
5,5.134,2.630,26.500,7.328000
7,7.138,0.000,28.690,7.328800
1,1.142,0.513,22.880,7.329600
3,3.146,1.526,23.250,7.330400
5,5.150,2.539,25.440,7.331200
7,7.154,0.052,27.630,7.332000
1,1.126,0.565,21.420,7.356800
3,3.130,1.578,23.610,7.357600
5,5.134,2.591,25.800,7.358400
7,7.138,0.104,27.990,7.359200
1,1.142,0.617,22.180,7.360000
3,3.146,1.630,24.370,7.360800
5,5.150,2.500,26.560,7.361600
7,7.154,0.013,28.750,7.362400
1,1.126,0.526,22.540,7.387200
3,3.130,1.539,24.730,7.388000
5,5.134,2.552,25.100,7.388800
7,7.138,0.065,27.290,7.389600
1,1.142,0.578,21.480,7.390400
3,3.146,1.591,23.670,7.391200
5,5.150,2.604,25.860,7.392000
7,7.154,0.117,28.050,7.392800
1,1.126,0.630,21.840,7.417600
3,3.130,1.500,24.030,7.418400
5,5.134,2.513,26.220,7.419200
7,7.138,0.026,28.410,7.420000
1,1.142,0.539,22.600,7.420800
3,3.146,1.552,24.790,7.421600
5,5.150,2.565,26.980,7.422400
7,7.154,0.078,27.350,7.423200
1,1.126,0.591,21.140,7.448000
3,3.130,1.604,23.330,7.448800
5,5.134,2.617,25.520,7.449600
7,7.138,0.130,27.710,7.450400
1,1.142,0.500,21.900,7.451200
3,3.146,1.513,24.090,7.452000
5,5.150,2.526,26.280,7.452800
7,7.154,0.039,28.470,7.453600
1,1.126,0.552,22.260,7.478400
3,3.130,1.565,24.450,7.479200
5,5.134,2.578,26.640,7.480000
7,7.138,0.091,28.830,7.480800
1,1.142,0.604,21.200,7.481600
3,3.146,1.617,23.390,7.482400
5,5.150,2.630,25.580,7.483200
7,7.154,0.000,27.770,7.484000
1,1.126,0.513,21.560,7.508800
3,3.130,1.526,23.750,7.509600
5,5.134,2.539,25.940,7.510400
7,7.138,0.052,28.130,7.511200
1,1.142,0.565,22.320,7.512000
3,3.146,1.578,24.510,7.512800
5,5.150,2.591,26.700,7.513600
7,7.154,0.104,28.890,7.514400
1,1.126,0.617,22.680,7.539200
3,3.130,1.630,23.050,7.540000
5,5.134,2.500,25.240,7.540800
7,7.138,0.013,27.430,7.541600
1,1.142,0.526,21.620,7.542400
3,3.146,1.539,23.810,7.543200
5,5.150,2.552,26.000,7.544000
7,7.154,0.065,28.190,7.544800
1,1.126,0.578,21.980,7.569600
3,3.130,1.591,24.170,7.570400
5,5.134,2.604,26.360,7.571200
7,7.138,0.117,28.550,7.572000
1,1.142,0.630,22.740,7.572800
3,3.146,1.500,24.930,7.573600
5,5.150,2.513,25.300,7.574400
7,7.154,0.026,27.490,7.575200
1,1.126,0.539,21.280,7.600000
3,3.130,1.552,23.470,7.600800
5,5.134,2.565,25.660,7.601600
7,7.138,0.078,27.850,7.602400
1,1.142,0.591,22.040,7.603200
3,3.146,1.604,24.230,7.604000
5,5.150,2.617,26.420,7.604800
7,7.154,0.130,28.610,7.605600
1,1.126,0.500,22.400,7.630400
3,3.130,1.513,24.590,7.631200
5,5.134,2.526,26.780,7.632000
7,7.138,0.039,27.150,7.632800
1,1.142,0.552,21.340,7.633600
3,3.146,1.565,23.530,7.634400
5,5.150,2.578,25.720,7.635200
7,7.154,0.091,27.910,7.636000
1,1.126,0.604,21.700,7.660800
3,3.130,1.617,23.890,7.661600
5,5.134,2.630,26.080,7.662400
7,7.138,0.000,28.270,7.663200
1,1.142,0.513,22.460,7.664000
3,3.146,1.526,24.650,7.664800
5,5.150,2.539,26.840,7.665600
7,7.154,0.052,29.030,7.666400
1,1.126,0.565,21.000,7.691200
3,3.130,1.578,23.190,7.692000
5,5.134,2.591,25.380,7.692800
7,7.138,0.104,27.570,7.693600
1,1.142,0.617,21.760,7.694400
3,3.146,1.630,23.950,7.695200
5,5.150,2.500,26.140,7.696000
7,7.154,0.013,28.330,7.696800
1,1.126,0.526,22.120,7.721600
3,3.130,1.539,24.310,7.722400
5,5.134,2.552,26.500,7.723200
7,7.138,0.065,28.690,7.724000
1,1.142,0.578,22.880,7.724800
3,3.146,1.591,23.250,7.725600
5,5.150,2.604,25.440,7.726400
7,7.154,0.117,27.630,7.727200
1,1.126,0.630,21.420,7.752000
3,3.130,1.500,23.610,7.752800
5,5.134,2.513,25.800,7.753600
7,7.138,0.026,27.990,7.754400
1,1.142,0.539,22.180,7.755200
3,3.146,1.552,24.370,7.756000
5,5.150,2.565,26.560,7.756800
7,7.154,0.078,28.750,7.757600
9,9.147,1.000,29.000,7.782400
11,11.151,2.013,20.190,7.783200
13,13.155,3.026,22.380,7.784000
15,15.159,0.539,24.570,7.784800
9,9.163,1.052,29.760,7.785600
11,11.167,2.065,20.950,7.786400
13,13.171,3.078,23.140,7.787200
15,15.175,0.591,25.330,7.788000
9,9.147,1.104,30.120,7.812800
11,11.151,2.117,21.310,7.813600
13,13.155,3.130,23.500,7.814400
15,15.159,0.500,25.690,7.815200
9,9.163,1.013,30.880,7.816000
11,11.167,2.026,20.250,7.816800
13,13.171,3.039,22.440,7.817600
15,15.175,0.552,24.630,7.818400
9,9.147,1.065,29.420,7.843200
11,11.151,2.078,20.610,7.844000
13,13.155,3.091,22.800,7.844800
15,15.159,0.604,24.990,7.845600
9,9.163,1.117,30.180,7.846400
11,11.167,2.130,21.370,7.847200
13,13.171,3.000,23.560,7.848000
15,15.175,0.513,25.750,7.848800
9,9.147,1.026,30.540,7.873600
11,11.151,2.039,21.730,7.874400
13,13.155,3.052,22.100,7.875200
15,15.159,0.565,24.290,7.876000
9,9.163,1.078,29.480,7.876800
11,11.167,2.091,20.670,7.877600
13,13.171,3.104,22.860,7.878400
15,15.175,0.617,25.050,7.879200
9,9.147,1.130,29.840,7.904000
11,11.151,2.000,21.030,7.904800
13,13.155,3.013,23.220,7.905600
15,15.159,0.526,25.410,7.906400
9,9.163,1.039,30.600,7.907200
11,11.167,2.052,21.790,7.908000
13,13.171,3.065,23.980,7.908800
15,15.175,0.578,24.350,7.909600
9,9.147,1.091,29.140,7.934400
11,11.151,2.104,20.330,7.935200
13,13.155,3.117,22.520,7.936000
15,15.159,0.630,24.710,7.936800
9,9.163,1.000,29.900,7.937600
11,11.167,2.013,21.090,7.938400
13,13.171,3.026,23.280,7.939200
15,15.175,0.539,25.470,7.940000
9,9.147,1.052,30.260,7.964800
11,11.151,2.065,21.450,7.965600
13,13.155,3.078,23.640,7.966400
15,15.159,0.591,25.830,7.967200
9,9.163,1.104,29.200,7.968000
11,11.167,2.117,20.390,7.968800
13,13.171,3.130,22.580,7.969600
15,15.175,0.500,24.770,7.970400
9,9.147,1.013,29.560,7.995200
11,11.151,2.026,20.750,7.996000
13,13.155,3.039,22.940,7.996800
15,15.159,0.552,25.130,7.997600
9,9.163,1.065,30.320,7.998400
11,11.167,2.078,21.510,7.999200
13,13.171,3.091,23.700,8.000000
15,15.175,0.604,25.890,8.000800
9,9.147,1.117,30.680,8.025600
11,11.151,2.130,20.050,8.026400
13,13.155,3.000,22.240,8.027200
15,15.159,0.513,24.430,8.028000
9,9.163,1.026,29.620,8.028800
11,11.167,2.039,20.810,8.029600
13,13.171,3.052,23.000,8.030400
15,15.175,0.565,25.190,8.031200
9,9.147,1.078,29.980,8.056000
11,11.151,2.091,21.170,8.056800
13,13.155,3.104,23.360,8.057600
15,15.159,0.617,25.550,8.058400
9,9.163,1.130,30.740,8.059200
11,11.167,2.000,21.930,8.060000
13,13.171,3.013,22.300,8.060800
15,15.175,0.526,24.490,8.061600
9,9.147,1.039,29.280,8.086400
11,11.151,2.052,20.470,8.087200
13,13.155,3.065,22.660,8.088000
15,15.159,0.578,24.850,8.088800
9,9.163,1.091,30.040,8.089600
11,11.167,2.104,21.230,8.090400
13,13.171,3.117,23.420,8.091200
15,15.175,0.630,25.610,8.092000
9,9.147,1.000,30.400,8.116800
11,11.151,2.013,21.590,8.117600
13,13.155,3.026,23.780,8.118400
15,15.159,0.539,24.150,8.119200
9,9.163,1.052,29.340,8.120000
11,11.167,2.065,20.530,8.120800
13,13.171,3.078,22.720,8.121600
15,15.175,0.591,24.910,8.122400
9,9.147,1.104,29.700,8.147200
11,11.151,2.117,20.890,8.148000
13,13.155,3.130,23.080,8.148800
15,15.159,0.500,25.270,8.149600
9,9.163,1.013,30.460,8.150400
11,11.167,2.026,21.650,8.151200
13,13.171,3.039,23.840,8.152000
15,15.175,0.552,26.030,8.152800
9,9.147,1.065,29.000,8.177600
11,11.151,2.078,20.190,8.178400
13,13.155,3.091,22.380,8.179200
15,15.159,0.604,24.570,8.180000
9,9.163,1.117,29.760,8.180800
11,11.167,2.130,20.950,8.181600
13,13.171,3.000,23.140,8.182400
15,15.175,0.513,25.330,8.183200
9,9.147,1.026,30.120,8.208000
11,11.151,2.039,21.310,8.208800
13,13.155,3.052,23.500,8.209600
15,15.159,0.565,25.690,8.210400
9,9.163,1.078,30.880,8.211200
11,11.167,2.091,20.250,8.212000
13,13.171,3.104,22.440,8.212800
15,15.175,0.617,24.630,8.213600
9,9.147,1.130,29.420,8.238400
11,11.151,2.000,20.610,8.239200
13,13.155,3.013,22.800,8.240000
15,15.159,0.526,24.990,8.240800
9,9.163,1.039,30.180,8.241600
11,11.167,2.052,21.370,8.242400
13,13.171,3.065,23.560,8.243200
15,15.175,0.578,25.750,8.244000
17,17.168,1.500,26.000,8.268800
19,19.172,2.513,28.190,8.269600
21,21.176,0.026,30.380,8.270400
23,23.180,1.039,21.570,8.271200
17,17.184,1.552,26.760,8.272000
19,19.188,2.565,28.950,8.272800
21,21.192,0.078,31.140,8.273600
23,23.196,1.091,22.330,8.274400
17,17.168,1.604,27.120,8.299200
19,19.172,2.617,29.310,8.300000
21,21.176,0.130,31.500,8.300800
23,23.180,1.000,22.690,8.301600
17,17.184,1.513,27.880,8.302400
19,19.188,2.526,28.250,8.303200
21,21.192,0.039,30.440,8.304000
23,23.196,1.052,21.630,8.304800
17,17.168,1.565,26.420,8.329600
19,19.172,2.578,28.610,8.330400
21,21.176,0.091,30.800,8.331200
23,23.180,1.104,21.990,8.332000
17,17.184,1.617,27.180,8.332800
19,19.188,2.630,29.370,8.333600
21,21.192,0.000,31.560,8.334400
23,23.196,1.013,22.750,8.335200
17,17.168,1.526,27.540,8.360000
19,19.172,2.539,29.730,8.360800
21,21.176,0.052,30.100,8.361600
23,23.180,1.065,21.290,8.362400
17,17.184,1.578,26.480,8.363200
19,19.188,2.591,28.670,8.364000
21,21.192,0.104,30.860,8.364800
23,23.196,1.117,22.050,8.365600
17,17.168,1.630,26.840,8.390400
19,19.172,2.500,29.030,8.391200
21,21.176,0.013,31.220,8.392000
23,23.180,1.026,22.410,8.392800
17,17.184,1.539,27.600,8.393600
19,19.188,2.552,29.790,8.394400
21,21.192,0.065,31.980,8.395200
23,23.196,1.078,21.350,8.396000
17,17.168,1.591,26.140,8.420800
19,19.172,2.604,28.330,8.421600
21,21.176,0.117,30.520,8.422400
23,23.180,1.130,21.710,8.423200
17,17.184,1.500,26.900,8.424000
19,19.188,2.513,29.090,8.424800
21,21.192,0.026,31.280,8.425600
23,23.196,1.039,22.470,8.426400
17,17.168,1.552,27.260,8.451200
19,19.172,2.565,29.450,8.452000
21,21.176,0.078,31.640,8.452800
23,23.180,1.091,22.830,8.453600
17,17.184,1.604,26.200,8.454400
19,19.188,2.617,28.390,8.455200
21,21.192,0.130,30.580,8.456000
23,23.196,1.000,21.770,8.456800
17,17.168,1.513,26.560,8.481600
19,19.172,2.526,28.750,8.482400
21,21.176,0.039,30.940,8.483200
23,23.180,1.052,22.130,8.484000
17,17.184,1.565,27.320,8.484800
19,19.188,2.578,29.510,8.485600
21,21.192,0.091,31.700,8.486400
23,23.196,1.104,22.890,8.487200
17,17.168,1.617,27.680,8.512000
19,19.172,2.630,28.050,8.512800
21,21.176,0.000,30.240,8.513600
23,23.180,1.013,21.430,8.514400
17,17.184,1.526,26.620,8.515200
19,19.188,2.539,28.810,8.516000
21,21.192,0.052,31.000,8.516800
23,23.196,1.065,22.190,8.517600
17,17.168,1.578,26.980,8.542400
19,19.172,2.591,29.170,8.543200
21,21.176,0.104,31.360,8.544000
23,23.180,1.117,22.550,8.544800
17,17.184,1.630,27.740,8.545600
19,19.188,2.500,29.930,8.546400
21,21.192,0.013,30.300,8.547200
23,23.196,1.026,21.490,8.548000
17,17.168,1.539,26.280,8.572800
19,19.172,2.552,28.470,8.573600
21,21.176,0.065,30.660,8.574400
23,23.180,1.078,21.850,8.575200
17,17.184,1.591,27.040,8.576000
19,19.188,2.604,29.230,8.576800
21,21.192,0.117,31.420,8.577600
23,23.196,1.130,22.610,8.578400
17,17.168,1.500,27.400,8.603200
19,19.172,2.513,29.590,8.604000
21,21.176,0.026,31.780,8.604800
23,23.180,1.039,21.150,8.605600
17,17.184,1.552,26.340,8.606400
19,19.188,2.565,28.530,8.607200
21,21.192,0.078,30.720,8.608000
23,23.196,1.091,21.910,8.608800
17,17.168,1.604,26.700,8.633600
19,19.172,2.617,28.890,8.634400
21,21.176,0.130,31.080,8.635200
23,23.180,1.000,22.270,8.636000
17,17.184,1.513,27.460,8.636800
19,19.188,2.526,29.650,8.637600
21,21.192,0.039,31.840,8.638400
23,23.196,1.052,23.030,8.639200
17,17.168,1.565,26.000,8.664000
19,19.172,2.578,28.190,8.664800
21,21.176,0.091,30.380,8.665600
23,23.180,1.104,21.570,8.666400
17,17.184,1.617,26.760,8.667200
19,19.188,2.630,28.950,8.668000
21,21.192,0.000,31.140,8.668800
23,23.196,1.013,22.330,8.669600
17,17.168,1.526,27.120,8.694400
19,19.172,2.539,29.310,8.695200
21,21.176,0.052,31.500,8.696000
23,23.180,1.065,22.690,8.696800
17,17.184,1.578,27.880,8.697600
19,19.188,2.591,28.250,8.698400
21,21.192,0.104,30.440,8.699200
23,23.196,1.117,21.630,8.700000
17,17.168,1.630,26.420,8.724800
19,19.172,2.500,28.610,8.725600
21,21.176,0.013,30.800,8.726400
23,23.180,1.026,21.990,8.727200
17,17.184,1.539,27.180,8.728000
19,19.188,2.552,29.370,8.728800
21,21.192,0.065,31.560,8.729600
23,23.196,1.078,22.750,8.730400
1,1.000,0.500,21.000,8.755200
3,3.004,1.513,23.190,8.756000
5,5.008,2.526,25.380,8.756800
7,7.012,0.039,27.570,8.757600
1,1.016,0.552,21.760,8.758400
3,3.020,1.565,23.950,8.759200
5,5.024,2.578,26.140,8.760000
7,7.028,0.091,28.330,8.760800
1,1.000,0.604,22.120,8.785600
3,3.004,1.617,24.310,8.786400
5,5.008,2.630,26.500,8.787200
7,7.012,0.000,28.690,8.788000
1,1.016,0.513,22.880,8.788800
3,3.020,1.526,23.250,8.789600
5,5.024,2.539,25.440,8.790400
7,7.028,0.052,27.630,8.791200
1,1.000,0.565,21.420,8.816000
3,3.004,1.578,23.610,8.816800
5,5.008,2.591,25.800,8.817600
7,7.012,0.104,27.990,8.818400
1,1.016,0.617,22.180,8.819200
3,3.020,1.630,24.370,8.820000
5,5.024,2.500,26.560,8.820800
7,7.028,0.013,28.750,8.821600
1,1.000,0.526,22.540,8.846400
3,3.004,1.539,24.730,8.847200
5,5.008,2.552,25.100,8.848000
7,7.012,0.065,27.290,8.848800
1,1.016,0.578,21.480,8.849600
3,3.020,1.591,23.670,8.850400
5,5.024,2.604,25.860,8.851200
7,7.028,0.117,28.050,8.852000
1,1.000,0.630,21.840,8.876800
3,3.004,1.500,24.030,8.877600
5,5.008,2.513,26.220,8.878400
7,7.012,0.026,28.410,8.879200
1,1.016,0.539,22.600,8.880000
3,3.020,1.552,24.790,8.880800
5,5.024,2.565,26.980,8.881600
7,7.028,0.078,27.350,8.882400
1,1.000,0.591,21.140,8.907200
3,3.004,1.604,23.330,8.908000
5,5.008,2.617,25.520,8.908800
7,7.012,0.130,27.710,8.909600
1,1.016,0.500,21.900,8.910400
3,3.020,1.513,24.090,8.911200
5,5.024,2.526,26.280,8.912000
7,7.028,0.039,28.470,8.912800
1,1.000,0.552,22.260,8.937600
3,3.004,1.565,24.450,8.938400
5,5.008,2.578,26.640,8.939200
7,7.012,0.091,28.830,8.940000
1,1.016,0.604,21.200,8.940800
3,3.020,1.617,23.390,8.941600
5,5.024,2.630,25.580,8.942400
7,7.028,0.000,27.770,8.943200
1,1.000,0.513,21.560,8.968000
3,3.004,1.526,23.750,8.968800
5,5.008,2.539,25.940,8.969600
7,7.012,0.052,28.130,8.970400
1,1.016,0.565,22.320,8.971200
3,3.020,1.578,24.510,8.972000
5,5.024,2.591,26.700,8.972800
7,7.028,0.104,28.890,8.973600
1,1.000,0.617,22.680,8.998400
3,3.004,1.630,23.050,8.999200
5,5.008,2.500,25.240,9.000000
7,7.012,0.013,27.430,9.000800
1,1.016,0.526,21.620,9.001600
3,3.020,1.539,23.810,9.002400
5,5.024,2.552,26.000,9.003200
7,7.028,0.065,28.190,9.004000
1,1.000,0.578,21.980,9.028800
3,3.004,1.591,24.170,9.029600
5,5.008,2.604,26.360,9.030400
7,7.012,0.117,28.550,9.031200
1,1.016,0.630,22.740,9.032000
3,3.020,1.500,24.930,9.032800
5,5.024,2.513,25.300,9.033600
7,7.028,0.026,27.490,9.034400
1,1.000,0.539,21.280,9.059200
3,3.004,1.552,23.470,9.060000
5,5.008,2.565,25.660,9.060800
7,7.012,0.078,27.850,9.061600
1,1.016,0.591,22.040,9.062400
3,3.020,1.604,24.230,9.063200
5,5.024,2.617,26.420,9.064000
7,7.028,0.130,28.610,9.064800
1,1.000,0.500,22.400,9.089600
3,3.004,1.513,24.590,9.090400
5,5.008,2.526,26.780,9.091200
7,7.012,0.039,27.150,9.092000
1,1.016,0.552,21.340,9.092800
3,3.020,1.565,23.530,9.093600
5,5.024,2.578,25.720,9.094400
7,7.028,0.091,27.910,9.095200
1,1.000,0.604,21.700,9.120000
3,3.004,1.617,23.890,9.120800
5,5.008,2.630,26.080,9.121600
7,7.012,0.000,28.270,9.122400
1,1.016,0.513,22.460,9.123200
3,3.020,1.526,24.650,9.124000
5,5.024,2.539,26.840,9.124800
7,7.028,0.052,29.030,9.125600
1,1.000,0.565,21.000,9.150400
3,3.004,1.578,23.190,9.151200
5,5.008,2.591,25.380,9.152000
7,7.012,0.104,27.570,9.152800
1,1.016,0.617,21.760,9.153600
3,3.020,1.630,23.950,9.154400
5,5.024,2.500,26.140,9.155200
7,7.028,0.013,28.330,9.156000
1,1.000,0.526,22.120,9.180800
3,3.004,1.539,24.310,9.181600
5,5.008,2.552,26.500,9.182400
7,7.012,0.065,28.690,9.183200
1,1.016,0.578,22.880,9.184000
3,3.020,1.591,23.250,9.184800
5,5.024,2.604,25.440,9.185600
7,7.028,0.117,27.630,9.186400
1,1.000,0.630,21.420,9.211200
3,3.004,1.500,23.610,9.212000
5,5.008,2.513,25.800,9.212800
7,7.012,0.026,27.990,9.213600
1,1.016,0.539,22.180,9.214400
3,3.020,1.552,24.370,9.215200
5,5.024,2.565,26.560,9.216000
7,7.028,0.078,28.750,9.216800
9,9.021,1.000,29.000,9.241600
11,11.025,2.013,20.190,9.242400
13,13.029,3.026,22.380,9.243200
15,15.033,0.539,24.570,9.244000
9,9.037,1.052,29.760,9.244800
11,11.041,2.065,20.950,9.245600
13,13.045,3.078,23.140,9.246400
15,15.049,0.591,25.330,9.247200
9,9.021,1.104,30.120,9.272000
11,11.025,2.117,21.310,9.272800
13,13.029,3.130,23.500,9.273600
15,15.033,0.500,25.690,9.274400
9,9.037,1.013,30.880,9.275200
11,11.041,2.026,20.250,9.276000
13,13.045,3.039,22.440,9.276800
15,15.049,0.552,24.630,9.277600
9,9.021,1.065,29.420,9.302400
11,11.025,2.078,20.610,9.303200
13,13.029,3.091,22.800,9.304000
15,15.033,0.604,24.990,9.304800
9,9.037,1.117,30.180,9.305600
11,11.041,2.130,21.370,9.306400
13,13.045,3.000,23.560,9.307200
15,15.049,0.513,25.750,9.308000
9,9.021,1.026,30.540,9.332800
11,11.025,2.039,21.730,9.333600
13,13.029,3.052,22.100,9.334400
15,15.033,0.565,24.290,9.335200
9,9.037,1.078,29.480,9.336000
11,11.041,2.091,20.670,9.336800
13,13.045,3.104,22.860,9.337600
15,15.049,0.617,25.050,9.338400
9,9.021,1.130,29.840,9.363200
11,11.025,2.000,21.030,9.364000
13,13.029,3.013,23.220,9.364800
15,15.033,0.526,25.410,9.365600
9,9.037,1.039,30.600,9.366400
11,11.041,2.052,21.790,9.367200
13,13.045,3.065,23.980,9.368000
15,15.049,0.578,24.350,9.368800
9,9.021,1.091,29.140,9.393600
11,11.025,2.104,20.330,9.394400
13,13.029,3.117,22.520,9.395200
15,15.033,0.630,24.710,9.396000
9,9.037,1.000,29.900,9.396800
11,11.041,2.013,21.090,9.397600
13,13.045,3.026,23.280,9.398400
15,15.049,0.539,25.470,9.399200
9,9.021,1.052,30.260,9.424000
11,11.025,2.065,21.450,9.424800
13,13.029,3.078,23.640,9.425600
15,15.033,0.591,25.830,9.426400
9,9.037,1.104,29.200,9.427200
11,11.041,2.117,20.390,9.428000
13,13.045,3.130,22.580,9.428800
15,15.049,0.500,24.770,9.429600
9,9.021,1.013,29.560,9.454400
11,11.025,2.026,20.750,9.455200
13,13.029,3.039,22.940,9.456000
15,15.033,0.552,25.130,9.456800
9,9.037,1.065,30.320,9.457600
11,11.041,2.078,21.510,9.458400
13,13.045,3.091,23.700,9.459200
15,15.049,0.604,25.890,9.460000
9,9.021,1.117,30.680,9.484800
11,11.025,2.130,20.050,9.485600
13,13.029,3.000,22.240,9.486400
15,15.033,0.513,24.430,9.487200
9,9.037,1.026,29.620,9.488000
11,11.041,2.039,20.810,9.488800
13,13.045,3.052,23.000,9.489600
15,15.049,0.565,25.190,9.490400
9,9.021,1.078,29.980,9.515200
11,11.025,2.091,21.170,9.516000
13,13.029,3.104,23.360,9.516800
15,15.033,0.617,25.550,9.517600
9,9.037,1.130,30.740,9.518400
11,11.041,2.000,21.930,9.519200
13,13.045,3.013,22.300,9.520000
15,15.049,0.526,24.490,9.520800
9,9.021,1.039,29.280,9.545600
11,11.025,2.052,20.470,9.546400
13,13.029,3.065,22.660,9.547200
15,15.033,0.578,24.850,9.548000
9,9.037,1.091,30.040,9.548800
11,11.041,2.104,21.230,9.549600
13,13.045,3.117,23.420,9.550400
15,15.049,0.630,25.610,9.551200
9,9.021,1.000,30.400,9.576000
11,11.025,2.013,21.590,9.576800
13,13.029,3.026,23.780,9.577600
15,15.033,0.539,24.150,9.578400
9,9.037,1.052,29.340,9.579200
11,11.041,2.065,20.530,9.580000
13,13.045,3.078,22.720,9.580800
15,15.049,0.591,24.910,9.581600
9,9.021,1.104,29.700,9.606400
11,11.025,2.117,20.890,9.607200
13,13.029,3.130,23.080,9.608000
15,15.033,0.500,25.270,9.608800
9,9.037,1.013,30.460,9.609600
11,11.041,2.026,21.650,9.610400
13,13.045,3.039,23.840,9.611200
15,15.049,0.552,26.030,9.612000
9,9.021,1.065,29.000,9.636800
11,11.025,2.078,20.190,9.637600
13,13.029,3.091,22.380,9.638400
15,15.033,0.604,24.570,9.639200
9,9.037,1.117,29.760,9.640000
11,11.041,2.130,20.950,9.640800
13,13.045,3.000,23.140,9.641600
15,15.049,0.513,25.330,9.642400
9,9.021,1.026,30.120,9.667200
11,11.025,2.039,21.310,9.668000
13,13.029,3.052,23.500,9.668800
15,15.033,0.565,25.690,9.669600
9,9.037,1.078,30.880,9.670400
11,11.041,2.091,20.250,9.671200
13,13.045,3.104,22.440,9.672000
15,15.049,0.617,24.630,9.672800
9,9.021,1.130,29.420,9.697600
11,11.025,2.000,20.610,9.698400
13,13.029,3.013,22.800,9.699200
15,15.033,0.526,24.990,9.700000
9,9.037,1.039,30.180,9.700800
11,11.041,2.052,21.370,9.701600
13,13.045,3.065,23.560,9.702400
15,15.049,0.578,25.750,9.703200
17,17.042,1.500,26.000,9.728000
19,19.046,2.513,28.190,9.728800
21,21.050,0.026,30.380,9.729600
23,23.054,1.039,21.570,9.730400
17,17.058,1.552,26.760,9.731200
19,19.062,2.565,28.950,9.732000
21,21.066,0.078,31.140,9.732800
23,23.070,1.091,22.330,9.733600
17,17.042,1.604,27.120,9.758400
19,19.046,2.617,29.310,9.759200
21,21.050,0.130,31.500,9.760000
23,23.054,1.000,22.690,9.760800
17,17.058,1.513,27.880,9.761600
19,19.062,2.526,28.250,9.762400
21,21.066,0.039,30.440,9.763200
23,23.070,1.052,21.630,9.764000
17,17.042,1.565,26.420,9.788800
19,19.046,2.578,28.610,9.789600
21,21.050,0.091,30.800,9.790400
23,23.054,1.104,21.990,9.791200
17,17.058,1.617,27.180,9.792000
19,19.062,2.630,29.370,9.792800
21,21.066,0.000,31.560,9.793600
23,23.070,1.013,22.750,9.794400
17,17.042,1.526,27.540,9.819200
19,19.046,2.539,29.730,9.820000
21,21.050,0.052,30.100,9.820800
23,23.054,1.065,21.290,9.821600
17,17.058,1.578,26.480,9.822400
19,19.062,2.591,28.670,9.823200
21,21.066,0.104,30.860,9.824000
23,23.070,1.117,22.050,9.824800
17,17.042,1.630,26.840,9.849600
19,19.046,2.500,29.030,9.850400
21,21.050,0.013,31.220,9.851200
23,23.054,1.026,22.410,9.852000
17,17.058,1.539,27.600,9.852800
19,19.062,2.552,29.790,9.853600
21,21.066,0.065,31.980,9.854400
23,23.070,1.078,21.350,9.855200
17,17.042,1.591,26.140,9.880000
19,19.046,2.604,28.330,9.880800
21,21.050,0.117,30.520,9.881600
23,23.054,1.130,21.710,9.882400
17,17.058,1.500,26.900,9.883200
19,19.062,2.513,29.090,9.884000
21,21.066,0.026,31.280,9.884800
23,23.070,1.039,22.470,9.885600
17,17.042,1.552,27.260,9.910400
19,19.046,2.565,29.450,9.911200
21,21.050,0.078,31.640,9.912000
23,23.054,1.091,22.830,9.912800
17,17.058,1.604,26.200,9.913600
19,19.062,2.617,28.390,9.914400
21,21.066,0.130,30.580,9.915200
23,23.070,1.000,21.770,9.916000
17,17.042,1.513,26.560,9.940800
19,19.046,2.526,28.750,9.941600
21,21.050,0.039,30.940,9.942400
23,23.054,1.052,22.130,9.943200
17,17.058,1.565,27.320,9.944000
19,19.062,2.578,29.510,9.944800
21,21.066,0.091,31.700,9.945600
23,23.070,1.104,22.890,9.946400
17,17.042,1.617,27.680,9.971200
19,19.046,2.630,28.050,9.972000
21,21.050,0.000,30.240,9.972800
23,23.054,1.013,21.430,9.973600
17,17.058,1.526,26.620,9.974400
19,19.062,2.539,28.810,9.975200
21,21.066,0.052,31.000,9.976000
23,23.070,1.065,22.190,9.976800
17,17.042,1.578,26.980,10.001600
19,19.046,2.591,29.170,10.002400
21,21.050,0.104,31.360,10.003200
23,23.054,1.117,22.550,10.004000
17,17.058,1.630,27.740,10.004800
19,19.062,2.500,29.930,10.005600
21,21.066,0.013,30.300,10.006400
23,23.070,1.026,21.490,10.007200
17,17.042,1.539,26.280,10.032000
19,19.046,2.552,28.470,10.032800
21,21.050,0.065,30.660,10.033600
23,23.054,1.078,21.850,10.034400
17,17.058,1.591,27.040,10.035200
19,19.062,2.604,29.230,10.036000
21,21.066,0.117,31.420,10.036800
23,23.070,1.130,22.610,10.037600
17,17.042,1.500,27.400,10.062400
19,19.046,2.513,29.590,10.063200
21,21.050,0.026,31.780,10.064000
23,23.054,1.039,21.150,10.064800
17,17.058,1.552,26.340,10.065600
19,19.062,2.565,28.530,10.066400
21,21.066,0.078,30.720,10.067200
23,23.070,1.091,21.910,10.068000
17,17.042,1.604,26.700,10.092800
19,19.046,2.617,28.890,10.093600
21,21.050,0.130,31.080,10.094400
23,23.054,1.000,22.270,10.095200
17,17.058,1.513,27.460,10.096000
19,19.062,2.526,29.650,10.096800
21,21.066,0.039,31.840,10.097600
23,23.070,1.052,23.030,10.098400
17,17.042,1.565,26.000,10.123200
19,19.046,2.578,28.190,10.124000
21,21.050,0.091,30.380,10.124800
23,23.054,1.104,21.570,10.125600
17,17.058,1.617,26.760,10.126400
19,19.062,2.630,28.950,10.127200
21,21.066,0.000,31.140,10.128000
23,23.070,1.013,22.330,10.128800
17,17.042,1.526,27.120,10.153600
19,19.046,2.539,29.310,10.154400
21,21.050,0.052,31.500,10.155200
23,23.054,1.065,22.690,10.156000
17,17.058,1.578,27.880,10.156800
19,19.062,2.591,28.250,10.157600
21,21.066,0.104,30.440,10.158400
23,23.070,1.117,21.630,10.159200
17,17.042,1.630,26.420,10.184000
19,19.046,2.500,28.610,10.184800
21,21.050,0.013,30.800,10.185600
23,23.054,1.026,21.990,10.186400
17,17.058,1.539,27.180,10.187200
19,19.062,2.552,29.370,10.188000
21,21.066,0.065,31.560,10.188800
23,23.070,1.078,22.750,10.189600
1,1.063,0.500,21.000,10.214400
3,3.067,1.513,23.190,10.215200
5,5.071,2.526,25.380,10.216000
7,7.075,0.039,27.570,10.216800
1,1.079,0.552,21.760,10.217600
3,3.083,1.565,23.950,10.218400
5,5.087,2.578,26.140,10.219200
7,7.091,0.091,28.330,10.220000
1,1.063,0.604,22.120,10.244800
3,3.067,1.617,24.310,10.245600
5,5.071,2.630,26.500,10.246400
7,7.075,0.000,28.690,10.247200
1,1.079,0.513,22.880,10.248000
3,3.083,1.526,23.250,10.248800
5,5.087,2.539,25.440,10.249600
7,7.091,0.052,27.630,10.250400
1,1.063,0.565,21.420,10.275200
3,3.067,1.578,23.610,10.276000
5,5.071,2.591,25.800,10.276800
7,7.075,0.104,27.990,10.277600
1,1.079,0.617,22.180,10.278400
3,3.083,1.630,24.370,10.279200
5,5.087,2.500,26.560,10.280000
7,7.091,0.013,28.750,10.280800
1,1.063,0.526,22.540,10.305600
3,3.067,1.539,24.730,10.306400
5,5.071,2.552,25.100,10.307200
7,7.075,0.065,27.290,10.308000
1,1.079,0.578,21.480,10.308800
3,3.083,1.591,23.670,10.309600
5,5.087,2.604,25.860,10.310400
7,7.091,0.117,28.050,10.311200
1,1.063,0.630,21.840,10.336000
3,3.067,1.500,24.030,10.336800
5,5.071,2.513,26.220,10.337600
7,7.075,0.026,28.410,10.338400
1,1.079,0.539,22.600,10.339200
3,3.083,1.552,24.790,10.340000
5,5.087,2.565,26.980,10.340800
7,7.091,0.078,27.350,10.341600
1,1.063,0.591,21.140,10.366400
3,3.067,1.604,23.330,10.367200
5,5.071,2.617,25.520,10.368000
7,7.075,0.130,27.710,10.368800
1,1.079,0.500,21.900,10.369600
3,3.083,1.513,24.090,10.370400
5,5.087,2.526,26.280,10.371200
7,7.091,0.039,28.470,10.372000
1,1.063,0.552,22.260,10.396800
3,3.067,1.565,24.450,10.397600
5,5.071,2.578,26.640,10.398400
7,7.075,0.091,28.830,10.399200
1,1.079,0.604,21.200,10.400000
3,3.083,1.617,23.390,10.400800
5,5.087,2.630,25.580,10.401600
7,7.091,0.000,27.770,10.402400
1,1.063,0.513,21.560,10.427200
3,3.067,1.526,23.750,10.428000
5,5.071,2.539,25.940,10.428800
7,7.075,0.052,28.130,10.429600
1,1.079,0.565,22.320,10.430400
3,3.083,1.578,24.510,10.431200
5,5.087,2.591,26.700,10.432000
7,7.091,0.104,28.890,10.432800
1,1.063,0.617,22.680,10.457600
3,3.067,1.630,23.050,10.458400
5,5.071,2.500,25.240,10.459200
7,7.075,0.013,27.430,10.460000
1,1.079,0.526,21.620,10.460800
3,3.083,1.539,23.810,10.461600
5,5.087,2.552,26.000,10.462400
7,7.091,0.065,28.190,10.463200
1,1.063,0.578,21.980,10.488000
3,3.067,1.591,24.170,10.488800
5,5.071,2.604,26.360,10.489600
7,7.075,0.117,28.550,10.490400
1,1.079,0.630,22.740,10.491200
3,3.083,1.500,24.930,10.492000
5,5.087,2.513,25.300,10.492800
7,7.091,0.026,27.490,10.493600
1,1.063,0.539,21.280,10.518400
3,3.067,1.552,23.470,10.519200
5,5.071,2.565,25.660,10.520000
7,7.075,0.078,27.850,10.520800
1,1.079,0.591,22.040,10.521600
3,3.083,1.604,24.230,10.522400
5,5.087,2.617,26.420,10.523200
7,7.091,0.130,28.610,10.524000
1,1.063,0.500,22.400,10.548800
3,3.067,1.513,24.590,10.549600
5,5.071,2.526,26.780,10.550400
7,7.075,0.039,27.150,10.551200
1,1.079,0.552,21.340,10.552000
3,3.083,1.565,23.530,10.552800
5,5.087,2.578,25.720,10.553600
7,7.091,0.091,27.910,10.554400
1,1.063,0.604,21.700,10.579200
3,3.067,1.617,23.890,10.580000
5,5.071,2.630,26.080,10.580800
7,7.075,0.000,28.270,10.581600
1,1.079,0.513,22.460,10.582400
3,3.083,1.526,24.650,10.583200
5,5.087,2.539,26.840,10.584000
7,7.091,0.052,29.030,10.584800
1,1.063,0.565,21.000,10.609600
3,3.067,1.578,23.190,10.610400
5,5.071,2.591,25.380,10.611200
7,7.075,0.104,27.570,10.612000
1,1.079,0.617,21.760,10.612800
3,3.083,1.630,23.950,10.613600
5,5.087,2.500,26.140,10.614400
7,7.091,0.013,28.330,10.615200
1,1.063,0.526,22.120,10.640000
3,3.067,1.539,24.310,10.640800
5,5.071,2.552,26.500,10.641600
7,7.075,0.065,28.690,10.642400
1,1.079,0.578,22.880,10.643200
3,3.083,1.591,23.250,10.644000
5,5.087,2.604,25.440,10.644800
7,7.091,0.117,27.630,10.645600
1,1.063,0.630,21.420,10.670400
3,3.067,1.500,23.610,10.671200
5,5.071,2.513,25.800,10.672000
7,7.075,0.026,27.990,10.672800
1,1.079,0.539,22.180,10.673600
3,3.083,1.552,24.370,10.674400
5,5.087,2.565,26.560,10.675200
7,7.091,0.078,28.750,10.676000
9,9.084,1.000,29.000,10.700800
11,11.088,2.013,20.190,10.701600
13,13.092,3.026,22.380,10.702400
15,15.096,0.539,24.570,10.703200
9,9.100,1.052,29.760,10.704000
11,11.104,2.065,20.950,10.704800
13,13.108,3.078,23.140,10.705600
15,15.112,0.591,25.330,10.706400
9,9.084,1.104,30.120,10.731200
11,11.088,2.117,21.310,10.732000
13,13.092,3.130,23.500,10.732800
15,15.096,0.500,25.690,10.733600
9,9.100,1.013,30.880,10.734400
11,11.104,2.026,20.250,10.735200
13,13.108,3.039,22.440,10.736000
15,15.112,0.552,24.630,10.736800
9,9.084,1.065,29.420,10.761600
11,11.088,2.078,20.610,10.762400
13,13.092,3.091,22.800,10.763200
15,15.096,0.604,24.990,10.764000
9,9.100,1.117,30.180,10.764800
11,11.104,2.130,21.370,10.765600
13,13.108,3.000,23.560,10.766400
15,15.112,0.513,25.750,10.767200
9,9.084,1.026,30.540,10.792000
11,11.088,2.039,21.730,10.792800
13,13.092,3.052,22.100,10.793600
15,15.096,0.565,24.290,10.794400
9,9.100,1.078,29.480,10.795200
11,11.104,2.091,20.670,10.796000
13,13.108,3.104,22.860,10.796800
15,15.112,0.617,25.050,10.797600
9,9.084,1.130,29.840,10.822400
11,11.088,2.000,21.030,10.823200
13,13.092,3.013,23.220,10.824000
15,15.096,0.526,25.410,10.824800
9,9.100,1.039,30.600,10.825600
11,11.104,2.052,21.790,10.826400
13,13.108,3.065,23.980,10.827200
15,15.112,0.578,24.350,10.828000
9,9.084,1.091,29.140,10.852800
11,11.088,2.104,20.330,10.853600
13,13.092,3.117,22.520,10.854400
15,15.096,0.630,24.710,10.855200
9,9.100,1.000,29.900,10.856000
11,11.104,2.013,21.090,10.856800
13,13.108,3.026,23.280,10.857600
15,15.112,0.539,25.470,10.858400
9,9.084,1.052,30.260,10.883200
11,11.088,2.065,21.450,10.884000
13,13.092,3.078,23.640,10.884800
15,15.096,0.591,25.830,10.885600
9,9.100,1.104,29.200,10.886400
11,11.104,2.117,20.390,10.887200
13,13.108,3.130,22.580,10.888000
15,15.112,0.500,24.770,10.888800
9,9.084,1.013,29.560,10.913600
11,11.088,2.026,20.750,10.914400
13,13.092,3.039,22.940,10.915200
15,15.096,0.552,25.130,10.916000
9,9.100,1.065,30.320,10.916800
11,11.104,2.078,21.510,10.917600
13,13.108,3.091,23.700,10.918400
15,15.112,0.604,25.890,10.919200
9,9.084,1.117,30.680,10.944000
11,11.088,2.130,20.050,10.944800
13,13.092,3.000,22.240,10.945600
15,15.096,0.513,24.430,10.946400
9,9.100,1.026,29.620,10.947200
11,11.104,2.039,20.810,10.948000
13,13.108,3.052,23.000,10.948800
15,15.112,0.565,25.190,10.949600
9,9.084,1.078,29.980,10.974400
11,11.088,2.091,21.170,10.975200
13,13.092,3.104,23.360,10.976000
15,15.096,0.617,25.550,10.976800
9,9.100,1.130,30.740,10.977600
11,11.104,2.000,21.930,10.978400
13,13.108,3.013,22.300,10.979200
15,15.112,0.526,24.490,10.980000
9,9.084,1.039,29.280,11.004800
11,11.088,2.052,20.470,11.005600
13,13.092,3.065,22.660,11.006400
15,15.096,0.578,24.850,11.007200
9,9.100,1.091,30.040,11.008000
11,11.104,2.104,21.230,11.008800
13,13.108,3.117,23.420,11.009600
15,15.112,0.630,25.610,11.010400
9,9.084,1.000,30.400,11.035200
11,11.088,2.013,21.590,11.036000
13,13.092,3.026,23.780,11.036800
15,15.096,0.539,24.150,11.037600
9,9.100,1.052,29.340,11.038400
11,11.104,2.065,20.530,11.039200
13,13.108,3.078,22.720,11.040000
15,15.112,0.591,24.910,11.040800
9,9.084,1.104,29.700,11.065600
11,11.088,2.117,20.890,11.066400
13,13.092,3.130,23.080,11.067200
15,15.096,0.500,25.270,11.068000
9,9.100,1.013,30.460,11.068800
11,11.104,2.026,21.650,11.069600
13,13.108,3.039,23.840,11.070400
15,15.112,0.552,26.030,11.071200
9,9.084,1.065,29.000,11.096000
11,11.088,2.078,20.190,11.096800
13,13.092,3.091,22.380,11.097600
15,15.096,0.604,24.570,11.098400
9,9.100,1.117,29.760,11.099200
11,11.104,2.130,20.950,11.100000
13,13.108,3.000,23.140,11.100800
15,15.112,0.513,25.330,11.101600
9,9.084,1.026,30.120,11.126400
11,11.088,2.039,21.310,11.127200
13,13.092,3.052,23.500,11.128000
15,15.096,0.565,25.690,11.128800
9,9.100,1.078,30.880,11.129600
11,11.104,2.091,20.250,11.130400
13,13.108,3.104,22.440,11.131200
15,15.112,0.617,24.630,11.132000
9,9.084,1.130,29.420,11.156800
11,11.088,2.000,20.610,11.157600
13,13.092,3.013,22.800,11.158400
15,15.096,0.526,24.990,11.159200
9,9.100,1.039,30.180,11.160000
11,11.104,2.052,21.370,11.160800
13,13.108,3.065,23.560,11.161600
15,15.112,0.578,25.750,11.162400
17,17.105,1.500,26.000,11.187200
19,19.109,2.513,28.190,11.188000
21,21.113,0.026,30.380,11.188800
23,23.117,1.039,21.570,11.189600
17,17.121,1.552,26.760,11.190400
19,19.125,2.565,28.950,11.191200
21,21.129,0.078,31.140,11.192000
23,23.133,1.091,22.330,11.192800
17,17.105,1.604,27.120,11.217600
19,19.109,2.617,29.310,11.218400
21,21.113,0.130,31.500,11.219200
23,23.117,1.000,22.690,11.220000
17,17.121,1.513,27.880,11.220800
19,19.125,2.526,28.250,11.221600
21,21.129,0.039,30.440,11.222400
23,23.133,1.052,21.630,11.223200
17,17.105,1.565,26.420,11.248000
19,19.109,2.578,28.610,11.248800
21,21.113,0.091,30.800,11.249600
23,23.117,1.104,21.990,11.250400
17,17.121,1.617,27.180,11.251200
19,19.125,2.630,29.370,11.252000
21,21.129,0.000,31.560,11.252800
23,23.133,1.013,22.750,11.253600
17,17.105,1.526,27.540,11.278400
19,19.109,2.539,29.730,11.279200
21,21.113,0.052,30.100,11.280000
23,23.117,1.065,21.290,11.280800
17,17.121,1.578,26.480,11.281600
19,19.125,2.591,28.670,11.282400
21,21.129,0.104,30.860,11.283200
23,23.133,1.117,22.050,11.284000
17,17.105,1.630,26.840,11.308800
19,19.109,2.500,29.030,11.309600
21,21.113,0.013,31.220,11.310400
23,23.117,1.026,22.410,11.311200
17,17.121,1.539,27.600,11.312000
19,19.125,2.552,29.790,11.312800
21,21.129,0.065,31.980,11.313600
23,23.133,1.078,21.350,11.314400
17,17.105,1.591,26.140,11.339200
19,19.109,2.604,28.330,11.340000
21,21.113,0.117,30.520,11.340800
23,23.117,1.130,21.710,11.341600
17,17.121,1.500,26.900,11.342400
19,19.125,2.513,29.090,11.343200
21,21.129,0.026,31.280,11.344000
23,23.133,1.039,22.470,11.344800
17,17.105,1.552,27.260,11.369600
19,19.109,2.565,29.450,11.370400
21,21.113,0.078,31.640,11.371200
23,23.117,1.091,22.830,11.372000
17,17.121,1.604,26.200,11.372800
19,19.125,2.617,28.390,11.373600
21,21.129,0.130,30.580,11.374400
23,23.133,1.000,21.770,11.375200
17,17.105,1.513,26.560,11.400000
19,19.109,2.526,28.750,11.400800
21,21.113,0.039,30.940,11.401600
23,23.117,1.052,22.130,11.402400
17,17.121,1.565,27.320,11.403200
19,19.125,2.578,29.510,11.404000
21,21.129,0.091,31.700,11.404800
23,23.133,1.104,22.890,11.405600
17,17.105,1.617,27.680,11.430400
19,19.109,2.630,28.050,11.431200
21,21.113,0.000,30.240,11.432000
23,23.117,1.013,21.430,11.432800
17,17.121,1.526,26.620,11.433600
19,19.125,2.539,28.810,11.434400
21,21.129,0.052,31.000,11.435200
23,23.133,1.065,22.190,11.436000
17,17.105,1.578,26.980,11.460800
19,19.109,2.591,29.170,11.461600
21,21.113,0.104,31.360,11.462400
23,23.117,1.117,22.550,11.463200
17,17.121,1.630,27.740,11.464000
19,19.125,2.500,29.930,11.464800
21,21.129,0.013,30.300,11.465600
23,23.133,1.026,21.490,11.466400
17,17.105,1.539,26.280,11.491200
19,19.109,2.552,28.470,11.492000
21,21.113,0.065,30.660,11.492800
23,23.117,1.078,21.850,11.493600
17,17.121,1.591,27.040,11.494400
19,19.125,2.604,29.230,11.495200
21,21.129,0.117,31.420,11.496000
23,23.133,1.130,22.610,11.496800
17,17.105,1.500,27.400,11.521600
19,19.109,2.513,29.590,11.522400
21,21.113,0.026,31.780,11.523200
23,23.117,1.039,21.150,11.524000
17,17.121,1.552,26.340,11.524800
19,19.125,2.565,28.530,11.525600
21,21.129,0.078,30.720,11.526400
23,23.133,1.091,21.910,11.527200
17,17.105,1.604,26.700,11.552000
19,19.109,2.617,28.890,11.552800
21,21.113,0.130,31.080,11.553600
23,23.117,1.000,22.270,11.554400
17,17.121,1.513,27.460,11.555200
19,19.125,2.526,29.650,11.556000
21,21.129,0.039,31.840,11.556800
23,23.133,1.052,23.030,11.557600
17,17.105,1.565,26.000,11.582400
19,19.109,2.578,28.190,11.583200
21,21.113,0.091,30.380,11.584000
23,23.117,1.104,21.570,11.584800
17,17.121,1.617,26.760,11.585600
19,19.125,2.630,28.950,11.586400
21,21.129,0.000,31.140,11.587200
23,23.133,1.013,22.330,11.588000
17,17.105,1.526,27.120,11.612800
19,19.109,2.539,29.310,11.613600
21,21.113,0.052,31.500,11.614400
23,23.117,1.065,22.690,11.615200
17,17.121,1.578,27.880,11.616000
19,19.125,2.591,28.250,11.616800
21,21.129,0.104,30.440,11.617600
23,23.133,1.117,21.630,11.618400
17,17.105,1.630,26.420,11.643200
19,19.109,2.500,28.610,11.644000
21,21.113,0.013,30.800,11.644800
23,23.117,1.026,21.990,11.645600
17,17.121,1.539,27.180,11.646400
19,19.125,2.552,29.370,11.647200
21,21.129,0.065,31.560,11.648000
23,23.133,1.078,22.750,11.648800
1,1.126,0.500,21.000,11.673600
3,3.130,1.513,23.190,11.674400
5,5.134,2.526,25.380,11.675200
7,7.138,0.039,27.570,11.676000
1,1.142,0.552,21.760,11.676800
3,3.146,1.565,23.950,11.677600
5,5.150,2.578,26.140,11.678400
7,7.154,0.091,28.330,11.679200
1,1.126,0.604,22.120,11.704000
3,3.130,1.617,24.310,11.704800
5,5.134,2.630,26.500,11.705600
7,7.138,0.000,28.690,11.706400
1,1.142,0.513,22.880,11.707200
3,3.146,1.526,23.250,11.708000
5,5.150,2.539,25.440,11.708800
7,7.154,0.052,27.630,11.709600
1,1.126,0.565,21.420,11.734400
3,3.130,1.578,23.610,11.735200
5,5.134,2.591,25.800,11.736000
7,7.138,0.104,27.990,11.736800
1,1.142,0.617,22.180,11.737600
3,3.146,1.630,24.370,11.738400
5,5.150,2.500,26.560,11.739200
7,7.154,0.013,28.750,11.740000
1,1.126,0.526,22.540,11.764800
3,3.130,1.539,24.730,11.765600
5,5.134,2.552,25.100,11.766400
7,7.138,0.065,27.290,11.767200
1,1.142,0.578,21.480,11.768000
3,3.146,1.591,23.670,11.768800
5,5.150,2.604,25.860,11.769600
7,7.154,0.117,28.050,11.770400
1,1.126,0.630,21.840,11.795200
3,3.130,1.500,24.030,11.796000
5,5.134,2.513,26.220,11.796800
7,7.138,0.026,28.410,11.797600
1,1.142,0.539,22.600,11.798400
3,3.146,1.552,24.790,11.799200
5,5.150,2.565,26.980,11.800000
7,7.154,0.078,27.350,11.800800
1,1.126,0.591,21.140,11.825600
3,3.130,1.604,23.330,11.826400
5,5.134,2.617,25.520,11.827200
7,7.138,0.130,27.710,11.828000
1,1.142,0.500,21.900,11.828800
3,3.146,1.513,24.090,11.829600
5,5.150,2.526,26.280,11.830400
7,7.154,0.039,28.470,11.831200
1,1.126,0.552,22.260,11.856000
3,3.130,1.565,24.450,11.856800
5,5.134,2.578,26.640,11.857600
7,7.138,0.091,28.830,11.858400
1,1.142,0.604,21.200,11.859200
3,3.146,1.617,23.390,11.860000
5,5.150,2.630,25.580,11.860800
7,7.154,0.000,27.770,11.861600
1,1.126,0.513,21.560,11.886400
3,3.130,1.526,23.750,11.887200
5,5.134,2.539,25.940,11.888000
7,7.138,0.052,28.130,11.888800
1,1.142,0.565,22.320,11.889600
3,3.146,1.578,24.510,11.890400
5,5.150,2.591,26.700,11.891200
7,7.154,0.104,28.890,11.892000
1,1.126,0.617,22.680,11.916800
3,3.130,1.630,23.050,11.917600
5,5.134,2.500,25.240,11.918400
7,7.138,0.013,27.430,11.919200
1,1.142,0.526,21.620,11.920000
3,3.146,1.539,23.810,11.920800
5,5.150,2.552,26.000,11.921600
7,7.154,0.065,28.190,11.922400
1,1.126,0.578,21.980,11.947200
3,3.130,1.591,24.170,11.948000
5,5.134,2.604,26.360,11.948800
7,7.138,0.117,28.550,11.949600
1,1.142,0.630,22.740,11.950400
3,3.146,1.500,24.930,11.951200
5,5.150,2.513,25.300,11.952000
7,7.154,0.026,27.490,11.952800
1,1.126,0.539,21.280,11.977600
3,3.130,1.552,23.470,11.978400
5,5.134,2.565,25.660,11.979200
7,7.138,0.078,27.850,11.980000
1,1.142,0.591,22.040,11.980800
3,3.146,1.604,24.230,11.981600
5,5.150,2.617,26.420,11.982400
7,7.154,0.130,28.610,11.983200
1,1.126,0.500,22.400,12.008000
3,3.130,1.513,24.590,12.008800
5,5.134,2.526,26.780,12.009600
7,7.138,0.039,27.150,12.010400
1,1.142,0.552,21.340,12.011200
3,3.146,1.565,23.530,12.012000
5,5.150,2.578,25.720,12.012800
7,7.154,0.091,27.910,12.013600
1,1.126,0.604,21.700,12.038400
3,3.130,1.617,23.890,12.039200
5,5.134,2.630,26.080,12.040000
7,7.138,0.000,28.270,12.040800
1,1.142,0.513,22.460,12.041600
3,3.146,1.526,24.650,12.042400
5,5.150,2.539,26.840,12.043200
7,7.154,0.052,29.030,12.044000
1,1.126,0.565,21.000,12.068800
3,3.130,1.578,23.190,12.069600
5,5.134,2.591,25.380,12.070400
7,7.138,0.104,27.570,12.071200
1,1.142,0.617,21.760,12.072000
3,3.146,1.630,23.950,12.072800
5,5.150,2.500,26.140,12.073600
7,7.154,0.013,28.330,12.074400
1,1.126,0.526,22.120,12.099200
3,3.130,1.539,24.310,12.100000
5,5.134,2.552,26.500,12.100800
7,7.138,0.065,28.690,12.101600
1,1.142,0.578,22.880,12.102400
3,3.146,1.591,23.250,12.103200
5,5.150,2.604,25.440,12.104000
7,7.154,0.117,27.630,12.104800
1,1.126,0.630,21.420,12.129600
3,3.130,1.500,23.610,12.130400
5,5.134,2.513,25.800,12.131200
7,7.138,0.026,27.990,12.132000
1,1.142,0.539,22.180,12.132800
3,3.146,1.552,24.370,12.133600
5,5.150,2.565,26.560,12.134400
7,7.154,0.078,28.750,12.135200
